chargeback_id,customer_id,archetype,reason_code,merchant_category,amount,delivery_confirmed,three_d_secure,device_fingerprint_match,ip_geolocation_match,customer_email_opened,customer_tenure_days,customer_prior_disputes,transaction_velocity_24h,days_since_transaction,amount_vs_customer_avg,transaction_date,dispute_date,tracking_id,delivery_timestamp,merchant_policy,hidden_adjudicator_strictness,month_index,procedural_flip,won,split,generation_seed
c5e5f5568514,cust_93911,high_velocity_attack,unauthorized,travel,1863.56,0,0,0,1.0,0.0,0,0,6,8,4.385,2025-08-19,2025-08-27,,,Cancellations follow fare rules. 3DS-authenticated bookings are treated as cardholder-present.,0.0559,7,0,0,train,101
eab4c3ef9a30,cust_39575,inr_delivery_confirmed,item_not_received,ecommerce,5311.97,1,0,0,0.0,1.0,797,0,1,16,1.021,2025-07-04,2025-07-20,TRK707309469,2025-07-05 14:00:00,30-day returns on unused goods. Signature on delivery is accepted proof of receipt.,0.0384,6,0,1,train,101
12dded0c8971,cust_93849,unauthorized_3ds,unauthorized,ecommerce,4061.79,0,1,1,1.0,0.0,975,0,1,14,1.005,2025-06-13,2025-06-27,,,30-day returns on unused goods. Signature on delivery is accepted proof of receipt.,-0.0023,5,0,0,train,101
52b8bbea095b,cust_38286,friendly_fraud_long_tenure,not_as_described,fashion,8276.81,0,1,0,1.0,1.0,548,2,1,34,0.1,2025-03-08,2025-04-11,,,7-day exchange window. Delivery photo and tracking are retained for 180 days.,0.0399,2,0,1,train,101
cc3e5fce90b4,cust_15472,unauthorized_3ds,unauthorized,digital_goods,4207.35,1,1,1,0.0,0.0,1012,1,1,18,,2025-09-20,2025-10-08,TRK940319246,2025-09-23 00:00:00,Digital items are non-refundable after delivery to the registered account.,-0.0358,8,0,0,train,101
5f78febc07d7,cust_66503,high_velocity_attack,unauthorized,digital_goods,4381.24,0,0,0,0.0,0.0,25,1,12,11,2.236,2025-04-09,2025-04-20,,,Digital items are non-refundable after delivery to the registered account.,-0.0214,3,1,0,train,101
f2617d0f1b63,cust_12976,inr_delivery_confirmed,item_not_received,grocery,12270.45,1,1,1,1.0,1.0,470,1,1,29,0.908,2025-07-11,2025-08-09,TRK215487661,2025-07-12 02:00:00,Perishable goods are non-returnable after delivery confirmation.,0.0133,6,0,1,train,101
9a678ccdc50b,cust_76076,unauthorized_3ds,unauthorized,digital_goods,2078.8,0,1,1,1.0,,94,0,1,1,0.707,2025-04-27,2025-04-28,,,Digital items are non-refundable after delivery to the registered account.,0.0764,3,0,1,train,101
c0aae3f749ab,cust_90113,high_velocity_attack,unauthorized,travel,605.92,0,0,0,1.0,0.0,0,1,8,9,,2025-02-15,2025-02-24,,,Cancellations follow fare rules. 3DS-authenticated bookings are treated as cardholder-present.,0.2162,1,0,0,train,101
8d2553135f6f,cust_55533,unauthorized_3ds,unauthorized,digital_goods,4496.47,1,0,1,0.0,0.0,187,0,2,9,0.789,2025-09-08,2025-09-17,TRK763428779,2025-09-10 16:00:00,Digital items are non-refundable after delivery to the registered account.,0.0846,8,0,1,train,101
6166a217cb2b,cust_14669,inr_delivery_confirmed,item_not_received,ecommerce,1642.01,1,1,0,1.0,1.0,243,0,1,21,1.18,2025-03-07,2025-03-28,TRK227983139,2025-03-08 21:00:00,30-day returns on unused goods. Signature on delivery is accepted proof of receipt.,-0.1894,2,0,1,train,101
1d6868d7c6b3,cust_91356,unauthorized_3ds,unauthorized,digital_goods,732.34,1,1,1,1.0,1.0,673,0,1,1,0.921,2025-06-07,2025-06-08,TRK917475006,2025-06-08 11:00:00,Digital items are non-refundable after delivery to the registered account.,-0.2064,5,0,1,train,101
5f2e354a7cb6,cust_80656,inr_delivery_confirmed,item_not_received,fashion,3152.06,1,1,1,1.0,1.0,693,2,1,20,1.526,2025-09-09,2025-09-29,TRK387394997,2025-09-12 13:00:00,7-day exchange window. Delivery photo and tracking are retained for 180 days.,-0.0415,8,0,1,train,101
917128ebcf1f,cust_57675,inr_delivery_confirmed,item_not_received,ecommerce,2878.89,0,0,1,,1.0,510,0,1,29,1.199,2025-08-21,2025-09-19,,,30-day returns on unused goods. Signature on delivery is accepted proof of receipt.,0.0335,7,1,0,train,101
2005ce372de0,cust_73710,no_evidence,not_as_described,ecommerce,1770.92,0,0,0,0.0,0.0,208,0,2,41,2.25,2025-03-17,2025-04-27,,,30-day returns on unused goods. Signature on delivery is accepted proof of receipt.,0.0691,2,0,0,train,101
8207d95f98eb,cust_42869,unauthorized_3ds,unauthorized,travel,3657.74,1,1,1,1.0,0.0,455,0,2,23,1.296,2025-09-20,2025-10-13,TRK903941346,2025-09-21 21:00:00,Cancellations follow fare rules. 3DS-authenticated bookings are treated as cardholder-present.,0.2441,8,0,0,train,101
438f9e7065a8,cust_60903,friendly_fraud_long_tenure,unauthorized,digital_goods,10829.88,0,1,1,0.0,0.0,1146,2,3,32,2.268,2025-09-25,2025-10-27,,,Digital items are non-refundable after delivery to the registered account.,0.2044,8,0,1,train,101
9852d40d3bd9,cust_71980,inr_delivery_confirmed,item_not_received,ecommerce,3255.56,1,1,1,0.0,,739,0,1,4,0.969,2025-02-11,2025-02-15,TRK899873664,2025-02-13 18:00:00,30-day returns on unused goods. Signature on delivery is accepted proof of receipt.,0.1019,1,0,0,train,101
0daf6b4558ef,cust_12559,no_evidence,item_not_received,digital_goods,5993.73,0,0,0,1.0,0.0,6,1,1,37,1.525,2025-04-24,2025-05-31,,,Digital items are non-refundable after delivery to the registered account.,-0.0232,3,0,0,train,101
c877010ffb89,cust_46415,inr_delivery_confirmed,item_not_received,ecommerce,5365.06,1,1,1,1.0,1.0,300,0,1,2,0.683,2025-03-27,2025-03-29,TRK723487721,2025-03-29 03:00:00,30-day returns on unused goods. Signature on delivery is accepted proof of receipt.,0.0221,2,0,1,train,101
82c1eedfe1d8,cust_40986,no_evidence,unauthorized,digital_goods,1262.59,0,0,0,1.0,0.0,110,0,1,71,,2025-07-03,2025-09-12,,,Digital items are non-refundable after delivery to the registered account.,-0.1354,6,0,0,train,101
838879e37bb3,cust_95304,inr_delivery_confirmed,item_not_received,fashion,7683.46,1,0,0,0.0,1.0,542,0,1,45,1.406,2025-03-26,2025-05-10,TRK525667231,2025-03-27 22:00:00,7-day exchange window. Delivery photo and tracking are retained for 180 days.,-0.094,2,0,0,train,101
b17d0622c529,cust_48168,inr_delivery_confirmed,item_not_received,grocery,2099.37,1,0,1,0.0,1.0,553,0,2,11,0.808,2025-04-12,2025-04-23,TRK323871074,2025-04-13 13:00:00,Perishable goods are non-returnable after delivery confirmation.,-0.0836,3,1,0,train,101
6cb92a27d9b2,cust_67145,friendly_fraud_long_tenure,item_not_received,ecommerce,7666.98,1,1,1,1.0,0.0,383,2,2,22,1.672,2025-02-02,2025-02-24,TRK684193150,2025-02-04 19:00:00,30-day returns on unused goods. Signature on delivery is accepted proof of receipt.,0.059,1,0,0,train,101
3ca300c4934b,cust_40063,friendly_fraud_long_tenure,item_not_received,fashion,5675.41,1,1,1,,0.0,1204,1,1,12,2.19,2025-03-28,2025-04-09,TRK188960287,2025-03-31 18:00:00,7-day exchange window. Delivery photo and tracking are retained for 180 days.,0.0801,2,0,0,train,101
36ea498687b6,cust_81625,high_velocity_attack,unauthorized,digital_goods,6024.48,1,0,0,1.0,0.0,106,0,12,12,2.238,2025-08-16,2025-08-28,TRK955066361,2025-08-17 03:00:00,Digital items are non-refundable after delivery to the registered account.,-0.0074,7,0,0,train,101
2c32933b4a87,cust_15298,inr_delivery_confirmed,item_not_received,ecommerce,3406.98,1,0,0,0.0,0.0,42,0,1,25,1.28,2025-07-16,2025-08-10,TRK313419568,2025-07-18 13:00:00,30-day returns on unused goods. Signature on delivery is accepted proof of receipt.,0.1515,6,0,0,train,101
46177b809209,cust_67038,friendly_fraud_long_tenure,unauthorized,subscriptions,3382.36,0,1,0,,0.0,372,2,2,36,1.263,2025-04-23,2025-05-29,,,First billing cycle may be refunded; subsequent cycles require unused-period evidence.,0.1538,3,0,0,train,101
d1af2445ecb7,cust_22228,unauthorized_3ds,unauthorized,digital_goods,4580.36,0,1,0,1.0,0.0,278,0,1,18,0.961,2025-08-07,2025-08-25,,,Digital items are non-refundable after delivery to the registered account.,-0.0838,7,0,1,train,101
96f8dd49f498,cust_36745,inr_delivery_confirmed,item_not_received,ecommerce,2867.23,1,1,0,0.0,1.0,513,1,1,16,0.561,2025-07-05,2025-07-21,TRK536929747,2025-07-07 23:00:00,30-day returns on unused goods. Signature on delivery is accepted proof of receipt.,-0.0468,6,0,1,train,101
23ea5966cf4a,cust_72945,friendly_fraud_long_tenure,unauthorized,fashion,1858.61,0,1,1,,0.0,1088,1,1,3,1.465,2025-05-25,2025-05-28,,,7-day exchange window. Delivery photo and tracking are retained for 180 days.,-0.004,4,0,0,train,101
8cbe910ea50d,cust_68482,inr_delivery_confirmed,item_not_received,fashion,2697.77,1,0,1,1.0,1.0,705,0,1,2,0.91,2025-04-13,2025-04-15,TRK126943822,2025-04-15 15:00:00,7-day exchange window. Delivery photo and tracking are retained for 180 days.,-0.0444,3,0,1,train,101
1a69ddd4fc5e,cust_88587,high_velocity_attack,unauthorized,ecommerce,2626.22,0,0,0,0.0,0.0,55,0,7,5,,2025-03-12,2025-03-17,,,30-day returns on unused goods. Signature on delivery is accepted proof of receipt.,-0.0548,2,0,1,train,101
e59c8a38aa97,cust_76516,friendly_fraud_long_tenure,item_not_received,subscriptions,6280.87,1,0,0,1.0,0.0,1164,2,2,18,1.148,2025-03-26,2025-04-13,TRK793023467,2025-03-27 13:00:00,First billing cycle may be refunded; subsequent cycles require unused-period evidence.,-0.0745,2,0,1,train,101
15573b12d895,cust_11915,no_evidence,unauthorized,services,2819.38,0,0,0,0.0,0.0,161,0,3,43,1.014,2025-06-23,2025-08-05,,,Service completion notes and customer confirmation emails are retained.,-0.1304,5,0,0,train,101
8fb21a5d3556,cust_94869,high_velocity_attack,unauthorized,ecommerce,1015.38,0,0,0,0.0,0.0,41,0,6,7,0.732,2025-05-31,2025-06-07,,,30-day returns on unused goods. Signature on delivery is accepted proof of receipt.,-0.0298,5,0,0,train,101
0c68dd7b595b,cust_27020,unauthorized_3ds,unauthorized,digital_goods,2317.73,0,1,1,0.0,0.0,324,0,1,4,0.782,2025-07-23,2025-07-27,,,Digital items are non-refundable after delivery to the registered account.,-0.0871,6,0,1,train,101
116c84647e86,cust_19404,inr_delivery_confirmed,item_not_received,grocery,1995.78,1,0,1,0.0,1.0,1022,1,1,23,0.922,2025-06-10,2025-07-03,TRK107682571,2025-06-12 19:00:00,Perishable goods are non-returnable after delivery confirmation.,-0.0919,5,0,0,train,101
22a67a7b5c2a,cust_36904,unauthorized_3ds,unauthorized,digital_goods,3061.24,1,1,0,1.0,1.0,172,0,1,1,0.593,2025-03-17,2025-03-18,TRK424112550,2025-03-20 00:00:00,Digital items are non-refundable after delivery to the registered account.,-0.005,2,0,1,train,101
637def9d2fd2,cust_27353,unauthorized_3ds,unauthorized,digital_goods,3181.8,1,1,1,1.0,1.0,112,0,1,7,1.045,2025-06-10,2025-06-17,TRK956803082,2025-06-13 01:00:00,Digital items are non-refundable after delivery to the registered account.,-0.186,5,0,0,train,101
c569d180e0a4,cust_88393,no_evidence,unauthorized,ecommerce,7179.79,0,0,1,0.0,0.0,36,0,4,34,1.64,2025-07-14,2025-08-17,,,30-day returns on unused goods. Signature on delivery is accepted proof of receipt.,-0.0119,6,0,0,train,101
58e12ee5d830,cust_88154,unauthorized_3ds,unauthorized,digital_goods,7346.79,1,1,1,,1.0,44,1,1,14,1.292,2025-07-10,2025-07-24,TRK152252918,2025-07-13 07:00:00,Digital items are non-refundable after delivery to the registered account.,-0.2366,6,0,1,train,101
442f07fd6d8e,cust_62232,inr_delivery_confirmed,item_not_received,fashion,1582.13,1,0,1,1.0,1.0,243,2,3,27,0.495,2025-09-11,2025-10-08,TRK947919076,2025-09-12 01:00:00,7-day exchange window. Delivery photo and tracking are retained for 180 days.,0.0383,8,0,1,train,101
6eeaf2b4270d,cust_12810,friendly_fraud_long_tenure,item_not_received,subscriptions,4018.34,1,0,0,1.0,1.0,651,3,2,3,0.994,2025-04-22,2025-04-25,TRK346498708,2025-04-23 03:00:00,First billing cycle may be refunded; subsequent cycles require unused-period evidence.,-0.0617,3,0,0,train,101
1d42232a33c6,cust_97642,high_velocity_attack,unauthorized,digital_goods,4240.77,1,0,0,1.0,0.0,11,0,9,5,2.243,2025-08-17,2025-08-22,TRK928139428,2025-08-20 00:00:00,Digital items are non-refundable after delivery to the registered account.,0.0923,7,1,1,train,101
6860fa7c804d,cust_46890,friendly_fraud_long_tenure,not_as_described,fashion,4871.69,1,1,0,0.0,1.0,1021,3,2,40,0.593,2025-09-13,2025-10-23,TRK941479603,2025-09-15 18:00:00,7-day exchange window. Delivery photo and tracking are retained for 180 days.,0.0559,8,0,0,train,101
24c2ee4f1797,cust_15304,unauthorized_3ds,unauthorized,travel,1919.69,0,1,1,1.0,1.0,185,0,1,5,2.027,2025-07-04,2025-07-09,,,Cancellations follow fare rules. 3DS-authenticated bookings are treated as cardholder-present.,-0.0159,6,0,0,train,101
7cd48738e357,cust_18265,high_velocity_attack,unauthorized,digital_goods,2450.22,0,0,0,0.0,0.0,0,0,5,7,2.586,2025-02-09,2025-02-16,,,Digital items are non-refundable after delivery to the registered account.,-0.0672,1,0,0,train,101
cd2bf874f370,cust_44484,unauthorized_3ds,unauthorized,travel,6424.45,0,1,1,1.0,1.0,371,0,1,16,1.153,2025-09-20,2025-10-06,,,Cancellations follow fare rules. 3DS-authenticated bookings are treated as cardholder-present.,-0.141,8,0,1,train,101
15d120da2f32,cust_53390,no_evidence,item_not_received,ecommerce,1043.9,0,0,0,0.0,1.0,29,1,2,24,1.817,2025-06-05,2025-06-29,,,30-day returns on unused goods. Signature on delivery is accepted proof of receipt.,0.0175,5,0,0,train,101
7d623f60d5e1,cust_17765,friendly_fraud_long_tenure,not_as_described,ecommerce,5019.3,1,0,0,1.0,1.0,1490,2,2,19,1.76,2025-08-05,2025-08-24,TRK137840928,2025-08-07 16:00:00,30-day returns on unused goods. Signature on delivery is accepted proof of receipt.,-0.0252,7,0,0,train,101
8b8e9fa2de5b,cust_73291,unauthorized_3ds,unauthorized,ecommerce,3206.22,1,1,1,1.0,0.0,14,0,1,13,0.398,2025-09-09,2025-09-22,TRK934402412,2025-09-11 00:00:00,30-day returns on unused goods. Signature on delivery is accepted proof of receipt.,0.0268,8,1,1,train,101
15b40e12aad3,cust_86888,no_evidence,unauthorized,digital_goods,1643.4,0,1,0,0.0,0.0,354,1,3,30,2.408,2025-03-20,2025-04-19,,,Digital items are non-refundable after delivery to the registered account.,0.0825,2,0,0,train,101
d2901a1f0947,cust_32718,high_velocity_attack,unauthorized,ecommerce,1094.17,0,0,0,0.0,0.0,71,0,10,3,1.38,2025-06-04,2025-06-07,,,30-day returns on unused goods. Signature on delivery is accepted proof of receipt.,-0.0682,5,0,0,train,101
342979193b1f,cust_87289,inr_delivery_confirmed,item_not_received,ecommerce,5730.0,1,1,0,1.0,1.0,350,0,1,25,1.091,2025-02-17,2025-03-14,TRK977356140,2025-02-18 02:00:00,30-day returns on unused goods. Signature on delivery is accepted proof of receipt.,0.0818,1,0,1,train,101
aa90f3b38290,cust_43646,unauthorized_3ds,unauthorized,travel,9784.31,0,1,1,0.0,1.0,255,1,2,7,0.499,2025-03-29,2025-04-05,,,Cancellations follow fare rules. 3DS-authenticated bookings are treated as cardholder-present.,-0.0441,2,0,0,train,101
e52abccd78d8,cust_20517,friendly_fraud_long_tenure,item_not_received,subscriptions,17246.29,0,1,1,1.0,1.0,1060,1,2,23,0.418,2025-09-20,2025-10-13,,,First billing cycle may be refunded; subsequent cycles require unused-period evidence.,-0.0506,8,0,0,train,101
4592895b6212,cust_64249,unauthorized_3ds,unauthorized,travel,4007.69,0,1,1,1.0,1.0,206,0,3,12,0.1,2025-05-15,2025-05-27,,,Cancellations follow fare rules. 3DS-authenticated bookings are treated as cardholder-present.,-0.0848,4,0,1,train,101
1f98efca4d20,cust_11985,inr_delivery_confirmed,item_not_received,grocery,3133.06,1,1,1,0.0,1.0,1024,1,1,11,0.331,2025-06-07,2025-06-18,TRK116062133,2025-06-09 13:00:00,Perishable goods are non-returnable after delivery confirmation.,0.125,5,0,1,train,101
8276818e5af3,cust_30609,no_evidence,not_as_described,services,1887.22,0,1,1,0.0,0.0,110,1,3,5,1.507,2025-02-04,2025-02-09,,,Service completion notes and customer confirmation emails are retained.,0.07,1,0,1,train,101
2691974c796e,cust_73598,high_velocity_attack,unauthorized,digital_goods,1045.6,0,0,0,0.0,0.0,14,0,5,7,2.093,2025-02-09,2025-02-16,,,Digital items are non-refundable after delivery to the registered account.,0.0283,1,0,1,train,101
0cf6dd10f349,cust_14617,no_evidence,unauthorized,digital_goods,5960.83,0,1,0,,0.0,289,0,1,29,1.461,2025-08-12,2025-09-10,,,Digital items are non-refundable after delivery to the registered account.,-0.0073,7,0,0,train,101
ef7eb2277228,cust_75705,no_evidence,unauthorized,ecommerce,2046.27,0,0,0,1.0,0.0,32,1,4,51,1.381,2025-07-23,2025-09-12,,,30-day returns on unused goods. Signature on delivery is accepted proof of receipt.,0.0246,6,0,0,train,101
8c87ac6a242a,cust_57682,no_evidence,unauthorized,services,1576.42,0,0,0,0.0,0.0,81,2,5,23,0.886,2025-04-13,2025-05-06,,,Service completion notes and customer confirmation emails are retained.,-0.0568,3,0,0,train,101
1641a6946111,cust_67620,high_velocity_attack,unauthorized,ecommerce,875.92,0,1,0,1.0,0.0,0,0,10,12,0.1,2025-05-16,2025-05-28,,,30-day returns on unused goods. Signature on delivery is accepted proof of receipt.,-0.0342,4,0,0,train,101
16825a656eac,cust_93030,high_velocity_attack,unauthorized,digital_goods,3995.43,0,1,0,0.0,0.0,4,0,5,1,2.93,2025-09-05,2025-09-06,,,Digital items are non-refundable after delivery to the registered account.,-0.1938,8,0,0,train,101
4067436a3f76,cust_86608,no_evidence,not_as_described,services,5910.22,0,0,0,0.0,,26,0,3,23,2.163,2025-02-26,2025-03-21,,,Service completion notes and customer confirmation emails are retained.,0.2696,1,0,0,train,101
aade43f88cec,cust_66085,friendly_fraud_long_tenure,not_as_described,subscriptions,4482.83,1,1,0,1.0,0.0,463,2,1,3,1.868,2025-07-10,2025-07-13,TRK465629772,2025-07-11 10:00:00,First billing cycle may be refunded; subsequent cycles require unused-period evidence.,0.1251,6,0,1,train,101
1edba094a094,cust_82544,inr_delivery_confirmed,item_not_received,grocery,8651.36,1,0,1,1.0,,1072,1,1,29,0.624,2025-07-09,2025-08-07,TRK564355755,2025-07-12 22:00:00,Perishable goods are non-returnable after delivery confirmation.,0.0869,6,0,1,train,101
0b9930fb6549,cust_49374,unauthorized_3ds,unauthorized,ecommerce,7092.69,1,1,1,1.0,0.0,162,2,1,22,0.434,2025-09-06,2025-09-28,TRK113064176,2025-09-07 19:00:00,30-day returns on unused goods. Signature on delivery is accepted proof of receipt.,0.168,8,0,1,train,101
0a1952ee7b0a,cust_39740,unauthorized_3ds,unauthorized,digital_goods,5547.51,0,1,1,0.0,0.0,526,0,3,2,0.773,2025-08-16,2025-08-18,,,Digital items are non-refundable after delivery to the registered account.,0.059,7,0,0,train,101
4120fddaed7b,cust_80115,inr_delivery_confirmed,item_not_received,grocery,2264.04,1,0,1,0.0,0.0,743,1,1,2,0.399,2025-03-26,2025-03-28,TRK909669608,2025-03-27 15:00:00,Perishable goods are non-returnable after delivery confirmation.,0.0505,2,0,0,train,101
b0b21db1fe95,cust_11464,no_evidence,unauthorized,digital_goods,2322.07,0,0,0,0.0,0.0,0,0,3,19,1.612,2025-06-02,2025-06-21,,,Digital items are non-refundable after delivery to the registered account.,0.0517,5,0,0,train,101
beb83661f000,cust_17263,inr_delivery_confirmed,item_not_received,grocery,5297.48,1,0,0,1.0,1.0,115,1,1,20,1.184,2025-05-11,2025-05-31,TRK863886943,2025-05-12 19:00:00,Perishable goods are non-returnable after delivery confirmation.,0.039,4,1,0,train,101
fb7b8d3981f8,cust_17408,unauthorized_3ds,unauthorized,ecommerce,2812.86,1,1,0,1.0,1.0,818,0,1,13,1.437,2025-07-22,2025-08-04,TRK308134301,2025-07-24 15:00:00,30-day returns on unused goods. Signature on delivery is accepted proof of receipt.,0.0784,6,0,0,train,101
33806fb54bb9,cust_25607,friendly_fraud_long_tenure,unauthorized,fashion,7974.34,0,1,1,1.0,1.0,960,1,2,29,0.612,2025-03-21,2025-04-19,,,7-day exchange window. Delivery photo and tracking are retained for 180 days.,-0.1706,2,0,1,train,101
c94b0868d12c,cust_27478,friendly_fraud_long_tenure,item_not_received,digital_goods,4301.61,0,0,0,0.0,1.0,779,2,1,19,1.299,2025-09-17,2025-10-06,,,Digital items are non-refundable after delivery to the registered account.,-0.0194,8,0,0,train,101
836f2ace04b3,cust_36316,no_evidence,not_as_described,services,2737.7,0,0,0,0.0,0.0,211,0,3,45,2.648,2025-08-14,2025-09-28,,,Service completion notes and customer confirmation emails are retained.,-0.2273,7,0,0,train,101
f2617e98f53a,cust_60101,inr_delivery_confirmed,item_not_received,ecommerce,2144.18,1,0,1,1.0,,179,0,1,30,1.532,2025-06-22,2025-07-22,TRK408038443,2025-06-24 13:00:00,30-day returns on unused goods. Signature on delivery is accepted proof of receipt.,0.0048,5,0,0,train,101
1c0210541524,cust_79371,no_evidence,item_not_received,ecommerce,4625.67,0,0,0,0.0,0.0,134,0,1,30,0.772,2025-05-25,2025-06-24,,,30-day returns on unused goods. Signature on delivery is accepted proof of receipt.,0.1571,4,0,0,train,101
ffade454a00e,cust_48114,friendly_fraud_long_tenure,not_as_described,digital_goods,7322.19,1,0,0,1.0,0.0,482,3,2,6,1.43,2025-09-01,2025-09-07,TRK511198465,2025-09-01 20:00:00,Digital items are non-refundable after delivery to the registered account.,-0.1571,8,0,1,train,101
99835056a655,cust_65851,unauthorized_3ds,unauthorized,travel,4374.83,1,1,0,1.0,0.0,188,0,2,27,,2025-02-07,2025-03-06,TRK465915365,2025-02-09 11:00:00,Cancellations follow fare rules. 3DS-authenticated bookings are treated as cardholder-present.,0.0152,1,1,0,train,101
0d0452c8cf9a,cust_88280,friendly_fraud_long_tenure,item_not_received,fashion,2584.98,1,1,1,1.0,0.0,534,3,2,4,1.393,2025-09-09,2025-09-13,TRK691238188,2025-09-12 20:00:00,7-day exchange window. Delivery photo and tracking are retained for 180 days.,0.0484,8,0,0,train,101
96e76cf8a90f,cust_15506,inr_delivery_confirmed,item_not_received,grocery,3161.77,1,1,1,0.0,1.0,843,0,1,11,1.502,2025-03-07,2025-03-18,TRK979932138,2025-03-09 13:00:00,Perishable goods are non-returnable after delivery confirmation.,-0.1408,2,0,1,train,101
612ec8873dc2,cust_36542,friendly_fraud_long_tenure,unauthorized,subscriptions,1761.2,0,0,1,1.0,1.0,886,2,1,32,1.864,2025-05-13,2025-06-14,,,First billing cycle may be refunded; subsequent cycles require unused-period evidence.,0.0393,4,0,0,train,101
36e7f41ab8ec,cust_59536,inr_delivery_confirmed,item_not_received,grocery,2356.33,1,1,1,1.0,1.0,232,1,3,10,0.1,2025-08-05,2025-08-15,TRK220736517,2025-08-08 23:00:00,Perishable goods are non-returnable after delivery confirmation.,0.0442,7,0,1,train,101
969094c66be6,cust_57764,inr_delivery_confirmed,item_not_received,grocery,1668.87,1,1,0,,0.0,7,1,1,23,0.858,2025-09-14,2025-10-07,TRK350801220,2025-09-16 03:00:00,Perishable goods are non-returnable after delivery confirmation.,-0.0797,8,0,0,train,101
fc3759c3b5d9,cust_51713,no_evidence,unauthorized,services,2812.73,0,0,0,1.0,0.0,0,0,1,7,0.535,2025-03-06,2025-03-13,,,Service completion notes and customer confirmation emails are retained.,0.132,2,0,0,train,101
99f6522cf12e,cust_96975,no_evidence,item_not_received,services,1616.26,0,0,0,0.0,0.0,117,1,2,28,0.1,2025-05-03,2025-05-31,,,Service completion notes and customer confirmation emails are retained.,-0.0039,4,0,1,train,101
4125971611cc,cust_82725,no_evidence,item_not_received,digital_goods,2525.85,0,0,0,0.0,,133,1,2,52,1.607,2025-08-23,2025-10-14,,,Digital items are non-refundable after delivery to the registered account.,0.0869,7,1,1,train,101
b4f3e3dc0b8b,cust_72635,unauthorized_3ds,unauthorized,digital_goods,7417.37,1,1,0,1.0,0.0,400,0,1,1,1.248,2025-03-19,2025-03-20,TRK961134092,2025-03-22 14:00:00,Digital items are non-refundable after delivery to the registered account.,-0.1671,2,0,1,train,101
d47db14ddd49,cust_11432,friendly_fraud_long_tenure,item_not_received,ecommerce,1362.25,1,1,1,1.0,1.0,1051,1,1,12,1.954,2025-07-26,2025-08-07,TRK832747428,2025-07-27 04:00:00,30-day returns on unused goods. Signature on delivery is accepted proof of receipt.,0.0244,6,0,1,train,101
520655be4a6d,cust_77338,inr_delivery_confirmed,item_not_received,fashion,2966.41,1,0,1,0.0,1.0,783,1,2,15,1.076,2025-04-15,2025-04-30,TRK535379355,2025-04-15 22:00:00,7-day exchange window. Delivery photo and tracking are retained for 180 days.,0.0669,3,0,1,train,101
f60304169bb6,cust_38897,unauthorized_3ds,unauthorized,digital_goods,2047.86,1,1,0,1.0,1.0,254,1,1,8,1.139,2025-05-28,2025-06-05,TRK498074295,2025-05-29 18:00:00,Digital items are non-refundable after delivery to the registered account.,0.0955,4,0,1,train,101
103fbc1d6e89,cust_91210,friendly_fraud_long_tenure,item_not_received,fashion,2141.19,1,1,0,1.0,0.0,758,0,2,16,2.675,2025-05-28,2025-06-13,TRK507125066,2025-05-28 21:00:00,7-day exchange window. Delivery photo and tracking are retained for 180 days.,-0.2316,4,0,1,train,101
6dbbe40f006c,cust_47606,inr_delivery_confirmed,item_not_received,grocery,3476.85,1,0,1,1.0,1.0,706,1,1,22,1.221,2025-09-21,2025-10-13,TRK750461068,2025-09-23 05:00:00,Perishable goods are non-returnable after delivery confirmation.,-0.0346,8,0,1,train,101
64f4f3e6f9a6,cust_81472,friendly_fraud_long_tenure,unauthorized,digital_goods,3002.89,0,1,1,0.0,0.0,564,0,1,45,0.509,2025-05-20,2025-07-04,,,Digital items are non-refundable after delivery to the registered account.,-0.1269,4,0,0,train,101
f85658cb7e39,cust_63537,inr_delivery_confirmed,item_not_received,ecommerce,3215.04,1,0,0,,1.0,613,1,1,16,0.889,2025-05-01,2025-05-17,TRK973496307,2025-05-04 01:00:00,30-day returns on unused goods. Signature on delivery is accepted proof of receipt.,-0.096,4,0,1,train,101
6423a19cf942,cust_97964,inr_delivery_confirmed,item_not_received,ecommerce,4952.9,0,0,0,0.0,1.0,297,1,1,18,1.365,2025-05-14,2025-06-01,,,30-day returns on unused goods. Signature on delivery is accepted proof of receipt.,0.0417,4,0,0,train,101
75dccf7dd17d,cust_25283,inr_delivery_confirmed,item_not_received,ecommerce,6842.66,1,1,1,0.0,1.0,469,0,1,9,1.178,2025-04-27,2025-05-06,TRK520441761,2025-04-30 15:00:00,30-day returns on unused goods. Signature on delivery is accepted proof of receipt.,-0.0119,3,0,0,train,101
40694a916014,cust_74178,unauthorized_3ds,unauthorized,digital_goods,8465.09,1,1,1,1.0,1.0,84,0,1,1,0.882,2025-09-09,2025-09-10,TRK194648190,2025-09-11 22:00:00,Digital items are non-refundable after delivery to the registered account.,0.1879,8,0,1,train,101
d2398528001b,cust_67397,no_evidence,not_as_described,digital_goods,3641.32,1,0,0,0.0,0.0,88,0,1,25,0.802,2025-09-04,2025-09-29,TRK712681002,2025-09-06 20:00:00,Digital items are non-refundable after delivery to the registered account.,0.0327,8,0,0,train,101
c1dfe0f9a202,cust_92452,friendly_fraud_long_tenure,item_not_received,ecommerce,1901.0,0,1,0,1.0,1.0,631,0,1,26,1.911,2025-02-01,2025-02-27,,,30-day returns on unused goods. Signature on delivery is accepted proof of receipt.,0.033,1,0,1,train,101
5725f5539d2e,cust_20066,friendly_fraud_long_tenure,not_as_described,subscriptions,4025.41,1,0,1,1.0,0.0,858,2,1,30,1.1,2025-07-04,2025-08-03,TRK331872984,2025-07-06 16:00:00,First billing cycle may be refunded; subsequent cycles require unused-period evidence.,0.0296,6,0,0,train,101
3bcf1f3a06fa,cust_90970,high_velocity_attack,unauthorized,travel,731.13,0,0,1,,1.0,15,0,10,5,3.919,2025-07-07,2025-07-12,,,Cancellations follow fare rules. 3DS-authenticated bookings are treated as cardholder-present.,0.0139,6,0,0,train,101
2b23c8efc125,cust_61604,no_evidence,item_not_received,ecommerce,3848.42,0,0,0,0.0,0.0,86,1,2,35,2.079,2025-04-15,2025-05-20,,,30-day returns on unused goods. Signature on delivery is accepted proof of receipt.,-0.2344,3,0,0,train,101
242df510ea32,cust_57316,inr_delivery_confirmed,item_not_received,fashion,5002.91,1,1,1,1.0,1.0,570,1,1,15,0.912,2025-08-13,2025-08-28,TRK722923758,2025-08-15 17:00:00,7-day exchange window. Delivery photo and tracking are retained for 180 days.,0.1594,7,0,0,train,101
157da42c8e85,cust_23652,unauthorized_3ds,unauthorized,ecommerce,3511.87,0,0,1,1.0,1.0,466,0,1,8,0.582,2025-06-17,2025-06-25,,,30-day returns on unused goods. Signature on delivery is accepted proof of receipt.,0.1057,5,0,1,train,101
85e827edf7de,cust_94221,inr_delivery_confirmed,item_not_received,fashion,3150.92,1,0,1,1.0,1.0,737,0,1,12,0.453,2025-02-27,2025-03-11,TRK731101220,2025-03-02 20:00:00,7-day exchange window. Delivery photo and tracking are retained for 180 days.,0.0649,1,0,0,train,101
d2421d2ff7cb,cust_75238,high_velocity_attack,unauthorized,travel,1901.66,0,0,1,0.0,,33,0,8,8,,2025-08-26,2025-09-03,,,Cancellations follow fare rules. 3DS-authenticated bookings are treated as cardholder-present.,0.0349,7,0,0,train,101
e57295fdce69,cust_44495,no_evidence,unauthorized,services,6271.2,0,0,0,,0.0,3,0,1,35,0.753,2025-09-19,2025-10-24,,,Service completion notes and customer confirmation emails are retained.,0.275,8,0,0,train,101
f5786d007b83,cust_18609,unauthorized_3ds,unauthorized,ecommerce,2741.41,0,1,1,0.0,1.0,1080,1,7,24,0.616,2025-05-13,2025-06-06,,,30-day returns on unused goods. Signature on delivery is accepted proof of receipt.,0.0145,4,0,1,train,101
892c71887f5b,cust_88635,high_velocity_attack,unauthorized,ecommerce,3601.58,0,0,0,,0.0,170,2,7,1,2.348,2025-03-05,2025-03-06,,,30-day returns on unused goods. Signature on delivery is accepted proof of receipt.,0.1333,2,0,0,train,101
bcc479d84303,cust_34521,high_velocity_attack,unauthorized,digital_goods,2498.86,0,0,1,0.0,1.0,109,1,4,8,3.114,2025-04-17,2025-04-25,,,Digital items are non-refundable after delivery to the registered account.,0.1057,3,0,0,train,101
c5a3226212fa,cust_26060,friendly_fraud_long_tenure,unauthorized,digital_goods,5356.61,1,1,1,1.0,0.0,289,2,1,35,1.292,2025-04-02,2025-05-07,TRK523444756,2025-04-05 14:00:00,Digital items are non-refundable after delivery to the registered account.,0.0343,3,1,0,train,101
c9122b07e7bf,cust_27045,no_evidence,not_as_described,digital_goods,2741.77,1,0,1,0.0,1.0,12,1,3,5,1.524,2025-03-27,2025-04-01,TRK895066375,2025-03-29 09:00:00,Digital items are non-refundable after delivery to the registered account.,-0.3058,2,1,1,train,101
bef3bb6f699a,cust_78745,friendly_fraud_long_tenure,unauthorized,ecommerce,4766.03,1,0,0,0.0,0.0,762,2,2,39,0.1,2025-09-02,2025-10-11,TRK549104020,2025-09-03 14:00:00,30-day returns on unused goods. Signature on delivery is accepted proof of receipt.,-0.1194,8,0,1,train,101
8c5be42b8830,cust_15221,high_velocity_attack,unauthorized,ecommerce,10496.91,1,0,0,0.0,,83,1,6,8,3.541,2025-07-14,2025-07-22,TRK493702061,2025-07-17 03:00:00,30-day returns on unused goods. Signature on delivery is accepted proof of receipt.,0.0851,6,0,0,train,101
eb4154e8d3d1,cust_99523,no_evidence,unauthorized,ecommerce,3948.01,0,0,0,1.0,0.0,0,0,4,42,1.096,2025-05-10,2025-06-21,,,30-day returns on unused goods. Signature on delivery is accepted proof of receipt.,-0.0818,4,0,0,train,101
4dc22b08ac43,cust_63965,unauthorized_3ds,unauthorized,travel,2320.19,1,1,1,1.0,1.0,499,0,1,18,1.488,2025-04-13,2025-05-01,TRK169136947,2025-04-16 23:00:00,Cancellations follow fare rules. 3DS-authenticated bookings are treated as cardholder-present.,-0.0226,3,0,1,train,101
231cae6f49ac,cust_83798,inr_delivery_confirmed,item_not_received,ecommerce,4315.09,1,1,1,1.0,0.0,7,0,1,4,0.965,2025-08-23,2025-08-27,TRK870501086,2025-08-24 09:00:00,30-day returns on unused goods. Signature on delivery is accepted proof of receipt.,-0.1389,7,0,0,train,101
0c08ab43729b,cust_84240,unauthorized_3ds,unauthorized,travel,2837.08,1,1,1,0.0,1.0,106,0,1,14,1.544,2025-06-24,2025-07-08,TRK820449697,2025-06-26 09:00:00,Cancellations follow fare rules. 3DS-authenticated bookings are treated as cardholder-present.,-0.0941,5,0,1,train,101
f69d270d618d,cust_91406,no_evidence,item_not_received,digital_goods,4558.8,1,0,0,1.0,0.0,226,0,1,27,1.946,2025-06-09,2025-07-06,TRK656012339,2025-06-12 01:00:00,Digital items are non-refundable after delivery to the registered account.,-0.1466,5,0,0,train,101
51a941675248,cust_62896,no_evidence,not_as_described,services,3784.22,0,0,0,1.0,0.0,66,0,1,31,0.253,2025-01-31,2025-03-03,,,Service completion notes and customer confirmation emails are retained.,0.1228,1,0,0,train,101
18003400cc7f,cust_61933,high_velocity_attack,unauthorized,digital_goods,908.76,0,0,1,1.0,0.0,43,0,6,11,0.326,2025-04-18,2025-04-29,,,Digital items are non-refundable after delivery to the registered account.,-0.1539,3,0,0,train,101
6c99819b008b,cust_13158,high_velocity_attack,unauthorized,ecommerce,1122.47,0,0,1,0.0,1.0,13,0,8,14,1.785,2025-08-21,2025-09-04,,,30-day returns on unused goods. Signature on delivery is accepted proof of receipt.,-0.0525,7,0,0,train,101
247575450c8d,cust_59653,friendly_fraud_long_tenure,unauthorized,subscriptions,5253.48,0,1,0,1.0,0.0,729,3,2,14,1.362,2025-09-22,2025-10-06,,,First billing cycle may be refunded; subsequent cycles require unused-period evidence.,0.0788,8,0,0,train,101
ee1d78c4b050,cust_35266,no_evidence,item_not_received,ecommerce,1920.06,0,0,0,0.0,0.0,0,0,1,38,1.162,2025-04-26,2025-06-03,,,30-day returns on unused goods. Signature on delivery is accepted proof of receipt.,-0.348,3,0,0,train,101
f355695500c1,cust_84039,friendly_fraud_long_tenure,unauthorized,subscriptions,4339.77,0,0,0,0.0,1.0,1395,0,2,16,1.658,2025-09-15,2025-10-01,,,First billing cycle may be refunded; subsequent cycles require unused-period evidence.,-0.0837,8,0,0,train,101
154217dcbd78,cust_57733,friendly_fraud_long_tenure,unauthorized,digital_goods,13689.11,0,0,1,1.0,0.0,1922,2,1,27,0.972,2025-08-26,2025-09-22,,,Digital items are non-refundable after delivery to the registered account.,-0.039,7,0,1,train,101
4589a16d3acf,cust_91877,inr_delivery_confirmed,item_not_received,grocery,769.79,0,1,0,1.0,1.0,833,1,1,14,0.963,2025-07-07,2025-07-21,,,Perishable goods are non-returnable after delivery confirmation.,-0.3428,6,0,0,train,101
bbcf2850144c,cust_47782,no_evidence,unauthorized,services,1706.04,1,0,0,0.0,0.0,0,0,1,36,2.147,2025-07-31,2025-09-05,TRK339037641,2025-08-03 19:00:00,Service completion notes and customer confirmation emails are retained.,0.108,7,0,0,train,101
06c660824a07,cust_49536,high_velocity_attack,unauthorized,digital_goods,3104.6,0,0,0,0.0,0.0,0,0,2,11,,2025-05-23,2025-06-03,,,Digital items are non-refundable after delivery to the registered account.,-0.1683,4,0,0,train,101
6b05a3fe2825,cust_57037,unauthorized_3ds,unauthorized,digital_goods,3735.75,0,1,1,1.0,1.0,506,1,2,12,1.196,2025-09-03,2025-09-15,,,Digital items are non-refundable after delivery to the registered account.,-0.2166,8,0,1,train,101
28488cd888bf,cust_33988,inr_delivery_confirmed,item_not_received,grocery,3004.82,1,1,1,1.0,0.0,638,0,1,19,1.809,2025-08-08,2025-08-27,TRK596498256,2025-08-10 04:00:00,Perishable goods are non-returnable after delivery confirmation.,0.0537,7,0,1,train,101
99c3d2ea7065,cust_29350,high_velocity_attack,unauthorized,travel,1041.42,0,0,1,0.0,0.0,16,0,9,9,2.352,2025-04-08,2025-04-17,,,Cancellations follow fare rules. 3DS-authenticated bookings are treated as cardholder-present.,-0.1251,3,0,0,train,101
79c0c7c197a2,cust_44727,inr_delivery_confirmed,item_not_received,fashion,4087.09,0,1,1,1.0,0.0,772,0,1,24,0.685,2025-06-21,2025-07-15,,,7-day exchange window. Delivery photo and tracking are retained for 180 days.,0.1362,5,0,1,train,101
63076619603a,cust_22546,inr_delivery_confirmed,item_not_received,grocery,3459.0,1,1,1,0.0,1.0,301,0,2,19,1.06,2025-08-24,2025-09-12,TRK684080992,2025-08-27 14:00:00,Perishable goods are non-returnable after delivery confirmation.,-0.0904,7,0,1,train,101
88df527765b9,cust_60389,no_evidence,not_as_described,digital_goods,2101.38,0,1,0,0.0,1.0,88,0,1,49,1.746,2025-03-26,2025-05-14,,,Digital items are non-refundable after delivery to the registered account.,0.1553,2,0,0,train,101
2e71fa728bd9,cust_72336,inr_delivery_confirmed,item_not_received,fashion,4604.68,1,1,1,0.0,1.0,317,1,1,7,2.047,2025-08-01,2025-08-08,TRK153779312,2025-08-04 07:00:00,7-day exchange window. Delivery photo and tracking are retained for 180 days.,-0.2168,7,0,1,train,101
7c8c0e0f677b,cust_95985,no_evidence,item_not_received,ecommerce,3310.37,0,1,0,0.0,0.0,189,0,2,39,1.98,2025-05-22,2025-06-30,,,30-day returns on unused goods. Signature on delivery is accepted proof of receipt.,-0.0433,4,0,0,train,101
6b8569e08fa8,cust_72330,unauthorized_3ds,unauthorized,ecommerce,13578.37,0,1,1,1.0,0.0,842,0,1,17,1.426,2025-06-13,2025-06-30,,,30-day returns on unused goods. Signature on delivery is accepted proof of receipt.,0.066,5,0,1,train,101
a302de8615f4,cust_83850,friendly_fraud_long_tenure,not_as_described,subscriptions,8704.78,0,1,0,0.0,1.0,703,2,2,4,0.1,2025-07-12,2025-07-16,,,First billing cycle may be refunded; subsequent cycles require unused-period evidence.,-0.0361,6,0,1,train,101
9f49bddebd93,cust_19954,friendly_fraud_long_tenure,not_as_described,subscriptions,4966.09,0,0,0,,0.0,1051,1,1,38,1.116,2025-06-23,2025-07-31,,,First billing cycle may be refunded; subsequent cycles require unused-period evidence.,-0.1216,5,1,1,train,101
d32643c42319,cust_55616,inr_delivery_confirmed,item_not_received,grocery,4156.99,1,1,1,1.0,1.0,502,0,1,3,0.765,2025-02-07,2025-02-10,TRK917336068,2025-02-09 08:00:00,Perishable goods are non-returnable after delivery confirmation.,0.0855,1,1,0,train,101
35a7a4da4745,cust_18479,unauthorized_3ds,unauthorized,travel,4964.06,0,1,1,0.0,1.0,661,0,2,5,1.646,2025-05-21,2025-05-26,,,Cancellations follow fare rules. 3DS-authenticated bookings are treated as cardholder-present.,0.1023,4,0,1,train,101
c8a7f3257380,cust_34212,inr_delivery_confirmed,item_not_received,grocery,6099.83,1,1,0,0.0,1.0,533,0,1,22,1.135,2025-08-19,2025-09-10,TRK263803191,2025-08-22 10:00:00,Perishable goods are non-returnable after delivery confirmation.,0.2299,7,0,0,train,101
4fa5e4cc0020,cust_96151,high_velocity_attack,unauthorized,travel,1275.2,1,0,0,0.0,1.0,0,1,7,12,2.847,2025-02-23,2025-03-07,TRK103925941,2025-02-24 04:00:00,Cancellations follow fare rules. 3DS-authenticated bookings are treated as cardholder-present.,0.2071,1,0,1,train,101
acfa4e0f1ef1,cust_23676,unauthorized_3ds,unauthorized,digital_goods,3915.99,0,1,1,1.0,1.0,380,1,1,17,1.27,2025-09-06,2025-09-23,,,Digital items are non-refundable after delivery to the registered account.,-0.0302,8,0,1,train,101
b1d6b9b668c8,cust_19050,inr_delivery_confirmed,item_not_received,fashion,2135.61,1,0,1,1.0,1.0,806,0,1,26,0.807,2025-07-07,2025-08-02,TRK738529740,2025-07-09 22:00:00,7-day exchange window. Delivery photo and tracking are retained for 180 days.,-0.1361,6,0,1,train,101
0c2da144ae6e,cust_77814,inr_delivery_confirmed,item_not_received,grocery,1748.04,1,0,1,1.0,0.0,520,1,1,2,0.348,2025-03-23,2025-03-25,TRK776631623,2025-03-25 23:00:00,Perishable goods are non-returnable after delivery confirmation.,0.0834,2,0,0,train,101
ad5378713d1d,cust_42100,high_velocity_attack,unauthorized,ecommerce,1008.32,0,1,0,0.0,0.0,50,0,10,11,2.947,2025-03-03,2025-03-14,,,30-day returns on unused goods. Signature on delivery is accepted proof of receipt.,-0.0642,2,0,0,train,101
ee7f8dec93b1,cust_52284,unauthorized_3ds,unauthorized,ecommerce,7481.39,1,1,1,1.0,1.0,879,0,1,8,0.728,2025-03-06,2025-03-14,TRK874690336,2025-03-07 00:00:00,30-day returns on unused goods. Signature on delivery is accepted proof of receipt.,0.1158,2,0,0,train,101
31b1f5c362d4,cust_56889,inr_delivery_confirmed,item_not_received,fashion,2822.48,1,0,1,1.0,1.0,483,1,1,18,,2025-03-21,2025-04-08,TRK395745860,2025-03-22 07:00:00,7-day exchange window. Delivery photo and tracking are retained for 180 days.,-0.2539,2,0,1,train,101
ac009a46dd43,cust_40150,inr_delivery_confirmed,item_not_received,ecommerce,3558.77,1,1,0,1.0,1.0,613,0,2,13,0.473,2025-09-19,2025-10-02,TRK897203410,2025-09-21 13:00:00,30-day returns on unused goods. Signature on delivery is accepted proof of receipt.,0.0513,8,0,1,train,101
e3c8fa5fbf50,cust_27252,inr_delivery_confirmed,item_not_received,grocery,3883.58,1,1,0,1.0,0.0,547,1,1,29,1.269,2025-02-18,2025-03-19,TRK545343562,2025-02-20 20:00:00,Perishable goods are non-returnable after delivery confirmation.,-0.0459,1,0,1,train,101
b46f02b68cb9,cust_16337,friendly_fraud_long_tenure,item_not_received,subscriptions,14100.38,1,0,0,0.0,,889,1,1,42,1.218,2025-05-03,2025-06-14,TRK270564237,2025-05-04 00:00:00,First billing cycle may be refunded; subsequent cycles require unused-period evidence.,-0.0406,4,0,0,train,101
e2564a9348e8,cust_17327,unauthorized_3ds,unauthorized,digital_goods,5973.06,1,1,1,1.0,1.0,417,1,1,2,0.924,2025-07-23,2025-07-25,TRK201320937,2025-07-25 00:00:00,Digital items are non-refundable after delivery to the registered account.,-0.17,6,0,0,train,101
e3c01f89cb1e,cust_75491,friendly_fraud_long_tenure,not_as_described,digital_goods,3576.64,0,0,0,1.0,1.0,1585,1,2,20,1.654,2025-08-26,2025-09-15,,,Digital items are non-refundable after delivery to the registered account.,-0.1106,7,0,1,train,101
e710b5c3f92f,cust_10739,friendly_fraud_long_tenure,item_not_received,fashion,4695.21,0,0,1,0.0,1.0,762,1,3,34,0.874,2025-02-24,2025-03-30,,,7-day exchange window. Delivery photo and tracking are retained for 180 days.,-0.1518,1,0,0,train,101
51ac1a9aa368,cust_74596,inr_delivery_confirmed,item_not_received,fashion,2076.98,1,0,1,1.0,1.0,606,0,2,8,0.675,2025-08-21,2025-08-29,TRK466045714,2025-08-23 23:00:00,7-day exchange window. Delivery photo and tracking are retained for 180 days.,0.0455,7,0,0,train,101
a8ad79346452,cust_18638,friendly_fraud_long_tenure,item_not_received,ecommerce,2293.8,0,0,1,1.0,0.0,350,2,2,35,1.626,2025-03-19,2025-04-23,,,30-day returns on unused goods. Signature on delivery is accepted proof of receipt.,0.0151,2,0,1,train,101
c10a31110b02,cust_67593,inr_delivery_confirmed,item_not_received,fashion,2694.2,1,1,1,0.0,0.0,531,0,2,27,1.098,2025-09-25,2025-10-22,TRK829108731,2025-09-26 16:00:00,7-day exchange window. Delivery photo and tracking are retained for 180 days.,0.0577,8,0,0,train,101
a3650f0eecaa,cust_24412,unauthorized_3ds,unauthorized,travel,7578.63,1,1,1,1.0,0.0,934,1,2,15,1.056,2025-06-26,2025-07-11,TRK708702191,2025-06-27 14:00:00,Cancellations follow fare rules. 3DS-authenticated bookings are treated as cardholder-present.,-0.0222,5,0,0,train,101
20dc8dc19ed7,cust_63414,friendly_fraud_long_tenure,unauthorized,fashion,8588.84,0,1,1,1.0,1.0,1216,0,3,34,2.558,2025-04-12,2025-05-16,,,7-day exchange window. Delivery photo and tracking are retained for 180 days.,0.0093,3,0,0,train,101
77c71e2cc4ba,cust_26577,inr_delivery_confirmed,item_not_received,grocery,4073.31,1,0,0,1.0,0.0,81,0,2,31,1.263,2025-09-10,2025-10-11,TRK597220882,2025-09-13 17:00:00,Perishable goods are non-returnable after delivery confirmation.,-0.107,8,0,0,train,101
5b89e8af5599,cust_53123,no_evidence,not_as_described,ecommerce,5694.25,1,0,0,0.0,0.0,288,0,4,29,1.278,2025-07-18,2025-08-16,TRK498583648,2025-07-21 18:00:00,30-day returns on unused goods. Signature on delivery is accepted proof of receipt.,-0.1097,6,0,0,train,101
166c4b3bb2a2,cust_37882,inr_delivery_confirmed,item_not_received,fashion,2960.75,1,1,1,1.0,1.0,349,1,2,13,,2025-09-15,2025-09-28,TRK440145354,2025-09-17 23:00:00,7-day exchange window. Delivery photo and tracking are retained for 180 days.,0.0903,8,0,1,train,101
4d1a5c4bef47,cust_32755,unauthorized_3ds,unauthorized,ecommerce,4118.8,1,1,1,1.0,1.0,427,0,1,5,0.755,2025-04-27,2025-05-02,TRK797044612,2025-04-30 03:00:00,30-day returns on unused goods. Signature on delivery is accepted proof of receipt.,-0.1151,3,0,0,train,101
95237bc7424b,cust_16676,friendly_fraud_long_tenure,item_not_received,fashion,16002.51,0,1,0,1.0,1.0,402,1,2,22,1.84,2025-08-22,2025-09-13,,,7-day exchange window. Delivery photo and tracking are retained for 180 days.,0.0608,7,0,0,train,101
600fd199b3ca,cust_55497,friendly_fraud_long_tenure,not_as_described,ecommerce,10229.75,0,1,1,1.0,1.0,1051,1,1,18,0.531,2025-02-03,2025-02-21,,,30-day returns on unused goods. Signature on delivery is accepted proof of receipt.,0.0828,1,0,0,train,101
07a5ddb46578,cust_49991,no_evidence,item_not_received,ecommerce,7702.31,0,0,1,1.0,,0,2,5,31,1.815,2025-06-22,2025-07-23,,,30-day returns on unused goods. Signature on delivery is accepted proof of receipt.,-0.1918,5,1,0,train,101
3af4116b75d8,cust_41218,high_velocity_attack,unauthorized,digital_goods,2308.8,1,0,1,,0.0,84,0,4,1,2.426,2025-09-01,2025-09-02,TRK715833236,2025-09-03 19:00:00,Digital items are non-refundable after delivery to the registered account.,-0.0545,8,0,1,train,101
aea4bc62b706,cust_53746,inr_delivery_confirmed,item_not_received,fashion,1459.82,1,1,0,1.0,1.0,526,0,1,24,0.921,2025-02-17,2025-03-13,TRK161080603,2025-02-20 19:00:00,7-day exchange window. Delivery photo and tracking are retained for 180 days.,0.1233,1,0,1,train,101
14cfa09bb05c,cust_79584,friendly_fraud_long_tenure,item_not_received,ecommerce,5484.37,1,1,1,1.0,0.0,1054,2,2,47,0.185,2025-03-08,2025-04-24,TRK739954363,2025-03-09 08:00:00,30-day returns on unused goods. Signature on delivery is accepted proof of receipt.,-0.0415,2,1,0,train,101
2f54e3f26761,cust_93178,high_velocity_attack,unauthorized,travel,1184.15,1,1,0,0.0,0.0,23,0,10,1,3.19,2025-03-19,2025-03-20,TRK289340975,2025-03-20 12:00:00,Cancellations follow fare rules. 3DS-authenticated bookings are treated as cardholder-present.,-0.0833,2,0,0,train,101
b78b9a99d013,cust_65052,unauthorized_3ds,unauthorized,digital_goods,2545.39,1,1,1,1.0,0.0,394,0,3,9,1.263,2025-04-06,2025-04-15,TRK818133945,2025-04-07 13:00:00,Digital items are non-refundable after delivery to the registered account.,-0.002,3,0,1,train,101
c0823220f469,cust_50972,no_evidence,not_as_described,ecommerce,1336.93,0,0,0,0.0,0.0,99,0,4,36,1.444,2025-04-06,2025-05-12,,,30-day returns on unused goods. Signature on delivery is accepted proof of receipt.,0.1053,3,0,0,train,101
2424e208172c,cust_55092,inr_delivery_confirmed,item_not_received,ecommerce,1212.3,1,0,0,1.0,0.0,277,0,1,21,1.073,2025-03-04,2025-03-25,TRK949953811,2025-03-06 08:00:00,30-day returns on unused goods. Signature on delivery is accepted proof of receipt.,-0.0845,2,0,1,train,101
0e729badf8e0,cust_79223,friendly_fraud_long_tenure,unauthorized,digital_goods,2080.05,1,0,0,1.0,1.0,1402,4,1,32,0.852,2025-08-04,2025-09-05,TRK532260123,2025-08-07 18:00:00,Digital items are non-refundable after delivery to the registered account.,-0.0525,7,0,0,train,101
d05db24c9fd9,cust_61884,high_velocity_attack,unauthorized,digital_goods,1308.22,1,0,1,0.0,,41,1,8,3,1.556,2025-08-25,2025-08-28,TRK623027458,2025-08-27 17:00:00,Digital items are non-refundable after delivery to the registered account.,-0.0018,7,0,0,train,101
57b4052dc003,cust_94917,friendly_fraud_long_tenure,not_as_described,digital_goods,10636.89,0,1,1,1.0,,931,4,1,21,0.84,2025-02-26,2025-03-19,,,Digital items are non-refundable after delivery to the registered account.,0.2712,1,0,0,train,101
8cfd1f4e05a0,cust_45271,inr_delivery_confirmed,item_not_received,grocery,3898.18,1,1,1,1.0,,368,1,1,24,1.722,2025-03-14,2025-04-07,TRK527566848,2025-03-15 16:00:00,Perishable goods are non-returnable after delivery confirmation.,0.012,2,0,1,train,101
816a48855d74,cust_37555,friendly_fraud_long_tenure,not_as_described,subscriptions,4244.05,0,1,1,1.0,1.0,954,1,3,14,0.715,2025-09-11,2025-09-25,,,First billing cycle may be refunded; subsequent cycles require unused-period evidence.,-0.0205,8,0,0,train,101
58fb2b1e8d7c,cust_18027,no_evidence,item_not_received,services,6051.41,0,0,1,0.0,0.0,185,1,1,30,1.115,2025-02-08,2025-03-10,,,Service completion notes and customer confirmation emails are retained.,-0.1152,1,0,0,train,101
35fb4a1da26c,cust_78064,no_evidence,unauthorized,ecommerce,8698.21,0,0,0,0.0,0.0,248,1,3,34,0.249,2025-06-27,2025-07-31,,,30-day returns on unused goods. Signature on delivery is accepted proof of receipt.,-0.0964,5,0,0,train,101
fa52aa46a999,cust_80067,friendly_fraud_long_tenure,not_as_described,digital_goods,6974.91,1,1,1,1.0,1.0,1529,0,1,17,1.136,2025-06-16,2025-07-03,TRK802474819,2025-06-17 17:00:00,Digital items are non-refundable after delivery to the registered account.,0.0466,5,0,1,train,101
f374a04e7bc5,cust_36627,high_velocity_attack,unauthorized,ecommerce,552.19,0,0,0,0.0,,52,0,11,3,,2025-06-25,2025-06-28,,,30-day returns on unused goods. Signature on delivery is accepted proof of receipt.,-0.0997,5,0,0,train,101
62806b8e8dae,cust_28034,high_velocity_attack,unauthorized,digital_goods,6769.81,0,1,0,0.0,0.0,0,0,2,2,1.129,2025-06-11,2025-06-13,,,Digital items are non-refundable after delivery to the registered account.,-0.1535,5,0,1,train,101
82479759a5b8,cust_22268,inr_delivery_confirmed,item_not_received,grocery,3310.99,1,0,1,1.0,1.0,448,0,1,22,0.783,2025-07-09,2025-07-31,TRK519568244,2025-07-11 02:00:00,Perishable goods are non-returnable after delivery confirmation.,0.0799,6,0,0,train,101
b0c77c2a6145,cust_49854,friendly_fraud_long_tenure,unauthorized,ecommerce,5443.5,0,0,1,0.0,1.0,641,2,2,23,1.743,2025-04-17,2025-05-10,,,30-day returns on unused goods. Signature on delivery is accepted proof of receipt.,-0.0257,3,0,0,train,101
9e8866b9c34d,cust_85021,friendly_fraud_long_tenure,unauthorized,ecommerce,8516.98,1,1,0,1.0,0.0,1080,1,1,28,0.903,2025-02-15,2025-03-15,TRK735091627,2025-02-16 18:00:00,30-day returns on unused goods. Signature on delivery is accepted proof of receipt.,-0.1756,1,0,0,train,101
427df47c1c13,cust_39021,unauthorized_3ds,unauthorized,ecommerce,4337.16,1,1,1,1.0,0.0,345,0,1,9,1.415,2025-04-18,2025-04-27,TRK434353066,2025-04-19 11:00:00,30-day returns on unused goods. Signature on delivery is accepted proof of receipt.,0.1089,3,0,1,train,101
e5b3323f3fc2,cust_44173,unauthorized_3ds,unauthorized,ecommerce,1968.13,0,0,1,1.0,0.0,14,0,1,5,1.163,2025-02-24,2025-03-01,,,30-day returns on unused goods. Signature on delivery is accepted proof of receipt.,-0.0674,1,0,1,train,101
ca246bd79430,cust_56823,unauthorized_3ds,unauthorized,digital_goods,4104.04,1,1,1,1.0,1.0,90,1,1,12,0.751,2025-06-24,2025-07-06,TRK522254484,2025-06-25 10:00:00,Digital items are non-refundable after delivery to the registered account.,-0.0197,5,1,0,train,101
a5ab6ed0a85e,cust_37472,unauthorized_3ds,unauthorized,travel,3860.05,0,1,1,1.0,1.0,351,1,1,5,0.588,2025-07-01,2025-07-06,,,Cancellations follow fare rules. 3DS-authenticated bookings are treated as cardholder-present.,-0.1005,6,0,1,train,101
f53d6c589e3c,cust_81162,high_velocity_attack,unauthorized,travel,3195.08,0,1,1,0.0,0.0,126,0,5,1,2.914,2025-02-02,2025-02-03,,,Cancellations follow fare rules. 3DS-authenticated bookings are treated as cardholder-present.,-0.1756,1,0,1,train,101
88d3d2647d61,cust_87267,high_velocity_attack,unauthorized,travel,684.95,0,0,0,0.0,0.0,20,0,10,1,2.836,2025-07-26,2025-07-27,,,Cancellations follow fare rules. 3DS-authenticated bookings are treated as cardholder-present.,-0.1223,6,0,0,train,101
3d1fbab33ecc,cust_99664,no_evidence,item_not_received,ecommerce,8482.73,0,0,0,0.0,0.0,0,1,1,35,1.847,2025-08-13,2025-09-17,,,30-day returns on unused goods. Signature on delivery is accepted proof of receipt.,0.187,7,0,0,train,101
b05179e7382b,cust_99304,inr_delivery_confirmed,item_not_received,grocery,1765.54,1,0,1,0.0,1.0,492,2,2,22,1.067,2025-07-08,2025-07-30,TRK189754052,2025-07-10 21:00:00,Perishable goods are non-returnable after delivery confirmation.,0.0423,6,0,0,train,101
45bacb8b7f1b,cust_85579,no_evidence,not_as_described,digital_goods,19175.01,0,0,0,0.0,0.0,8,0,2,10,,2025-05-26,2025-06-05,,,Digital items are non-refundable after delivery to the registered account.,0.0018,4,0,0,train,101
48c5b934a822,cust_92677,high_velocity_attack,unauthorized,digital_goods,1038.93,0,0,0,1.0,0.0,33,0,7,9,0.1,2025-06-18,2025-06-27,,,Digital items are non-refundable after delivery to the registered account.,-0.0884,5,0,0,train,101
af5e6c0adc0a,cust_97770,high_velocity_attack,unauthorized,digital_goods,411.72,0,0,1,0.0,0.0,92,0,5,6,0.1,2025-08-20,2025-08-26,,,Digital items are non-refundable after delivery to the registered account.,-0.1386,7,0,0,train,101
8ed799fc923b,cust_27039,high_velocity_attack,unauthorized,ecommerce,5006.33,0,0,0,0.0,0.0,0,0,8,2,3.028,2025-06-13,2025-06-15,,,30-day returns on unused goods. Signature on delivery is accepted proof of receipt.,-0.0744,5,0,0,train,101
3c9a672ed7d3,cust_58673,friendly_fraud_long_tenure,item_not_received,digital_goods,2610.79,0,1,1,,0.0,1363,2,2,11,,2025-04-10,2025-04-21,,,Digital items are non-refundable after delivery to the registered account.,-0.1908,3,0,1,train,101
ae35709a844c,cust_97998,friendly_fraud_long_tenure,unauthorized,subscriptions,11225.98,0,0,1,1.0,1.0,774,1,2,23,2.127,2025-06-13,2025-07-06,,,First billing cycle may be refunded; subsequent cycles require unused-period evidence.,0.2249,5,0,0,train,101
22a1bbb0ee60,cust_49858,friendly_fraud_long_tenure,item_not_received,digital_goods,4853.05,0,0,1,1.0,0.0,985,3,1,12,1.092,2025-02-19,2025-03-03,,,Digital items are non-refundable after delivery to the registered account.,0.0612,1,0,1,train,101
063fba488a7d,cust_47016,inr_delivery_confirmed,item_not_received,grocery,4295.06,1,0,1,0.0,0.0,639,1,1,15,1.226,2025-08-15,2025-08-30,TRK969800437,2025-08-18 15:00:00,Perishable goods are non-returnable after delivery confirmation.,0.068,7,0,0,train,101
bd7fe92b8837,cust_23087,inr_delivery_confirmed,item_not_received,ecommerce,3327.56,1,0,1,0.0,1.0,461,1,1,25,0.586,2025-05-06,2025-05-31,TRK104648289,2025-05-08 05:00:00,30-day returns on unused goods. Signature on delivery is accepted proof of receipt.,0.0299,4,0,1,train,101
7e1da917680a,cust_43105,friendly_fraud_long_tenure,item_not_received,subscriptions,2408.36,1,1,1,1.0,0.0,817,2,1,33,1.142,2025-06-19,2025-07-22,TRK673987495,2025-06-21 18:00:00,First billing cycle may be refunded; subsequent cycles require unused-period evidence.,-0.0187,5,0,1,train,101
0663c9f80136,cust_59811,friendly_fraud_long_tenure,not_as_described,ecommerce,3986.22,0,1,1,1.0,0.0,1487,0,1,8,0.699,2025-06-18,2025-06-26,,,30-day returns on unused goods. Signature on delivery is accepted proof of receipt.,-0.0086,5,0,0,train,101
9b24ade5d3f9,cust_27494,unauthorized_3ds,unauthorized,ecommerce,2992.18,0,1,1,1.0,0.0,165,1,1,2,2.144,2025-02-07,2025-02-09,,,30-day returns on unused goods. Signature on delivery is accepted proof of receipt.,0.161,1,0,1,train,101
61a99608f53e,cust_11733,no_evidence,unauthorized,services,5693.63,1,0,0,0.0,0.0,130,0,3,42,1.169,2025-08-07,2025-09-18,TRK256243861,2025-08-09 01:00:00,Service completion notes and customer confirmation emails are retained.,-0.0369,7,0,0,train,101
b0980816e520,cust_66352,unauthorized_3ds,unauthorized,travel,1918.02,0,1,0,1.0,1.0,14,0,2,19,0.693,2025-07-31,2025-08-19,,,Cancellations follow fare rules. 3DS-authenticated bookings are treated as cardholder-present.,-0.0225,7,0,0,train,101
15666b7f0d15,cust_77125,unauthorized_3ds,unauthorized,travel,4268.92,0,1,1,1.0,0.0,608,1,1,11,0.271,2025-05-21,2025-06-01,,,Cancellations follow fare rules. 3DS-authenticated bookings are treated as cardholder-present.,0.2093,4,0,0,train,101
86cdc6577817,cust_20915,high_velocity_attack,unauthorized,travel,2371.83,1,0,0,0.0,0.0,166,1,6,8,1.407,2025-05-07,2025-05-15,TRK113094717,2025-05-07 18:00:00,Cancellations follow fare rules. 3DS-authenticated bookings are treated as cardholder-present.,0.1004,4,0,0,train,101
2030f023a1f2,cust_78124,inr_delivery_confirmed,item_not_received,grocery,3989.1,1,0,0,1.0,1.0,904,2,1,4,0.558,2025-04-09,2025-04-13,TRK838433755,2025-04-10 19:00:00,Perishable goods are non-returnable after delivery confirmation.,-0.0373,3,0,1,train,101
0475e8088c97,cust_81797,unauthorized_3ds,unauthorized,digital_goods,4796.24,0,1,1,1.0,0.0,712,1,1,18,1.02,2025-07-09,2025-07-27,,,Digital items are non-refundable after delivery to the registered account.,-0.0337,6,0,1,train,101
c06b5439d230,cust_77020,no_evidence,item_not_received,ecommerce,11553.41,0,1,0,0.0,0.0,87,2,3,55,1.645,2025-06-20,2025-08-14,,,30-day returns on unused goods. Signature on delivery is accepted proof of receipt.,0.0246,5,0,0,train,101
67c719ce2ef5,cust_46580,inr_delivery_confirmed,item_not_received,grocery,5492.6,1,1,0,1.0,1.0,133,1,2,18,1.359,2025-03-22,2025-04-09,TRK591026791,2025-03-24 03:00:00,Perishable goods are non-returnable after delivery confirmation.,0.1175,2,0,1,train,101
a855c109eba6,cust_87115,unauthorized_3ds,unauthorized,digital_goods,4576.26,1,1,1,1.0,1.0,584,0,2,5,0.546,2025-08-12,2025-08-17,TRK175951772,2025-08-13 12:00:00,Digital items are non-refundable after delivery to the registered account.,-0.1604,7,0,0,train,101
2e71680d40c9,cust_28171,unauthorized_3ds,unauthorized,ecommerce,7080.84,1,1,1,0.0,0.0,538,0,1,1,1.665,2025-07-22,2025-07-23,TRK614401268,2025-07-25 23:00:00,30-day returns on unused goods. Signature on delivery is accepted proof of receipt.,-0.0395,6,0,1,train,101
c8aca4b7e67e,cust_27475,inr_delivery_confirmed,item_not_received,fashion,3169.34,1,0,1,1.0,1.0,313,3,1,8,1.018,2025-02-21,2025-03-01,TRK293299444,2025-02-23 19:00:00,7-day exchange window. Delivery photo and tracking are retained for 180 days.,0.0028,1,0,1,train,101
0e1606a5d01c,cust_97448,high_velocity_attack,unauthorized,travel,1895.4,0,0,0,0.0,0.0,125,1,10,4,,2025-05-18,2025-05-22,,,Cancellations follow fare rules. 3DS-authenticated bookings are treated as cardholder-present.,0.0762,4,0,0,train,101
c1f1c7ba6255,cust_83022,friendly_fraud_long_tenure,unauthorized,digital_goods,2121.21,0,1,1,1.0,0.0,828,3,1,3,0.1,2025-09-21,2025-09-24,,,Digital items are non-refundable after delivery to the registered account.,0.2217,8,0,0,train,101
7b787f15d85b,cust_86968,inr_delivery_confirmed,item_not_received,fashion,4981.16,1,1,0,0.0,1.0,7,1,3,21,0.786,2025-06-25,2025-07-16,TRK289044040,2025-06-26 15:00:00,7-day exchange window. Delivery photo and tracking are retained for 180 days.,0.1689,5,0,1,train,101
51e4f1086701,cust_12052,friendly_fraud_long_tenure,unauthorized,ecommerce,1900.55,0,1,0,0.0,0.0,792,1,1,5,0.656,2025-03-02,2025-03-07,,,30-day returns on unused goods. Signature on delivery is accepted proof of receipt.,-0.0482,2,0,0,train,101
c540e649d998,cust_75781,inr_delivery_confirmed,item_not_received,grocery,2028.73,1,1,0,1.0,,585,0,2,26,0.776,2025-03-02,2025-03-28,TRK420008997,2025-03-04 16:00:00,Perishable goods are non-returnable after delivery confirmation.,0.0428,2,0,0,train,101
e9a95a6a1885,cust_62837,unauthorized_3ds,unauthorized,travel,8289.95,1,1,1,,0.0,450,1,3,16,1.01,2025-02-13,2025-03-01,TRK550939702,2025-02-14 03:00:00,Cancellations follow fare rules. 3DS-authenticated bookings are treated as cardholder-present.,-0.1392,1,0,1,train,101
79f1e6f84a84,cust_35690,inr_delivery_confirmed,item_not_received,ecommerce,4665.6,1,0,1,0.0,1.0,1165,1,1,7,1.135,2025-06-25,2025-07-02,TRK396577378,2025-06-27 21:00:00,30-day returns on unused goods. Signature on delivery is accepted proof of receipt.,-0.169,5,0,1,train,101
dee464fc1461,cust_57648,no_evidence,unauthorized,services,3386.78,0,0,0,0.0,0.0,248,2,2,25,1.4,2025-08-24,2025-09-18,,,Service completion notes and customer confirmation emails are retained.,-0.1457,7,1,1,train,101
a579e2ec02ae,cust_99347,unauthorized_3ds,unauthorized,travel,2350.19,1,1,1,0.0,1.0,128,0,1,20,0.785,2025-05-02,2025-05-22,TRK775077891,2025-05-04 08:00:00,Cancellations follow fare rules. 3DS-authenticated bookings are treated as cardholder-present.,-0.0732,4,0,1,train,101
d5d416bbc721,cust_80925,inr_delivery_confirmed,item_not_received,fashion,2891.42,1,1,0,1.0,1.0,778,1,2,2,,2025-07-18,2025-07-20,TRK866387969,2025-07-19 01:00:00,7-day exchange window. Delivery photo and tracking are retained for 180 days.,-0.0781,6,0,0,train,101
48193078d940,cust_25369,no_evidence,unauthorized,services,3945.23,1,0,0,0.0,0.0,2,1,2,41,2.754,2025-02-14,2025-03-27,TRK935787120,2025-02-16 02:00:00,Service completion notes and customer confirmation emails are retained.,0.0056,1,0,0,train,101
ef6f4d21595b,cust_29128,inr_delivery_confirmed,item_not_received,fashion,1693.13,1,1,0,1.0,1.0,10,0,2,9,0.86,2025-04-23,2025-05-02,TRK751180565,2025-04-26 07:00:00,7-day exchange window. Delivery photo and tracking are retained for 180 days.,-0.1001,3,0,0,train,101
80125e335f5d,cust_10689,high_velocity_attack,unauthorized,digital_goods,1271.63,0,0,0,1.0,,58,0,9,8,2.831,2025-02-26,2025-03-06,,,Digital items are non-refundable after delivery to the registered account.,-0.097,1,1,1,train,101
d2e9f7ac7af8,cust_92975,no_evidence,item_not_received,digital_goods,13996.17,0,0,0,0.0,0.0,43,0,2,46,1.383,2025-07-23,2025-09-07,,,Digital items are non-refundable after delivery to the registered account.,-0.0364,6,0,0,train,101
431db2ee40df,cust_99917,inr_delivery_confirmed,item_not_received,grocery,1474.02,1,0,1,1.0,1.0,364,1,1,25,1.684,2025-02-19,2025-03-16,TRK214550517,2025-02-22 15:00:00,Perishable goods are non-returnable after delivery confirmation.,-0.0144,1,0,1,train,101
0d929a839981,cust_79905,no_evidence,item_not_received,ecommerce,2347.89,0,0,1,0.0,1.0,110,1,3,28,1.452,2025-09-05,2025-10-03,,,30-day returns on unused goods. Signature on delivery is accepted proof of receipt.,-0.3037,8,0,1,train,101
eb53078d1262,cust_36882,inr_delivery_confirmed,item_not_received,fashion,5370.13,1,1,1,1.0,1.0,478,1,1,22,0.891,2025-07-20,2025-08-11,TRK505109783,2025-07-20 19:00:00,7-day exchange window. Delivery photo and tracking are retained for 180 days.,-0.0539,6,0,0,train,101
432d6014ed98,cust_77811,inr_delivery_confirmed,item_not_received,grocery,2431.44,1,1,1,1.0,1.0,656,1,1,14,0.846,2025-05-02,2025-05-16,TRK133182833,2025-05-05 07:00:00,Perishable goods are non-returnable after delivery confirmation.,-0.0082,4,0,1,train,101
9a52b6cb9ce2,cust_74607,friendly_fraud_long_tenure,unauthorized,ecommerce,7004.32,1,0,1,1.0,0.0,1406,1,4,24,1.776,2025-02-26,2025-03-22,TRK246785873,2025-03-01 07:00:00,30-day returns on unused goods. Signature on delivery is accepted proof of receipt.,-0.1461,1,0,0,train,101
85cc725c021f,cust_88873,high_velocity_attack,unauthorized,ecommerce,1013.37,1,1,1,0.0,0.0,73,0,6,8,2.831,2025-06-13,2025-06-21,TRK248148271,2025-06-13 21:00:00,30-day returns on unused goods. Signature on delivery is accepted proof of receipt.,-0.0367,5,0,0,train,101
0eef13e8b26d,cust_21479,inr_delivery_confirmed,item_not_received,fashion,5536.88,1,1,1,0.0,1.0,511,0,1,19,0.439,2025-08-30,2025-09-18,TRK959390766,2025-08-31 06:00:00,7-day exchange window. Delivery photo and tracking are retained for 180 days.,-0.0965,8,0,0,train,101
afe5c3946c58,cust_13046,high_velocity_attack,unauthorized,digital_goods,2315.65,0,0,0,0.0,0.0,69,0,6,1,3.662,2025-07-30,2025-07-31,,,Digital items are non-refundable after delivery to the registered account.,-0.1792,7,0,0,train,101
0a1eee80c870,cust_45359,no_evidence,not_as_described,ecommerce,5421.02,0,0,0,0.0,0.0,321,0,3,17,2.638,2025-07-02,2025-07-19,,,30-day returns on unused goods. Signature on delivery is accepted proof of receipt.,0.0333,6,0,0,train,101
9fa034ebc3cd,cust_42314,unauthorized_3ds,unauthorized,ecommerce,3505.33,1,1,1,1.0,1.0,442,1,2,12,1.324,2025-07-05,2025-07-17,TRK424440274,2025-07-08 15:00:00,30-day returns on unused goods. Signature on delivery is accepted proof of receipt.,-0.1729,6,0,1,train,101
e58b409a35be,cust_28137,friendly_fraud_long_tenure,item_not_received,fashion,6194.23,1,1,0,0.0,1.0,956,3,1,37,0.893,2025-02-05,2025-03-14,TRK586446194,2025-02-07 13:00:00,7-day exchange window. Delivery photo and tracking are retained for 180 days.,0.0838,1,1,0,train,101
e1c3b83997d4,cust_68177,friendly_fraud_long_tenure,not_as_described,digital_goods,3618.3,0,1,0,1.0,0.0,1170,1,1,19,1.434,2025-05-09,2025-05-28,,,Digital items are non-refundable after delivery to the registered account.,0.1535,4,0,0,train,101
189a84cfacc9,cust_56284,friendly_fraud_long_tenure,item_not_received,fashion,6435.16,1,0,0,0.0,1.0,589,4,1,3,1.847,2025-04-21,2025-04-24,TRK560912007,2025-04-21 21:00:00,7-day exchange window. Delivery photo and tracking are retained for 180 days.,0.0893,3,0,0,train,101
cdaa73c65970,cust_97119,high_velocity_attack,unauthorized,digital_goods,5260.57,0,0,0,0.0,0.0,34,0,7,6,1.063,2025-05-16,2025-05-22,,,Digital items are non-refundable after delivery to the registered account.,-0.1228,4,0,0,train,101
c6f699fa5591,cust_60379,inr_delivery_confirmed,item_not_received,ecommerce,2196.4,1,1,1,1.0,1.0,1090,1,1,34,0.796,2025-09-12,2025-10-16,TRK841446885,2025-09-12 19:00:00,30-day returns on unused goods. Signature on delivery is accepted proof of receipt.,0.0852,8,0,1,train,101
c9332a4224ec,cust_13707,high_velocity_attack,unauthorized,ecommerce,2185.0,0,0,0,0.0,0.0,30,0,1,1,0.478,2025-06-24,2025-06-25,,,30-day returns on unused goods. Signature on delivery is accepted proof of receipt.,-0.105,5,1,1,train,101
378315103d65,cust_31901,no_evidence,unauthorized,ecommerce,1798.0,1,0,0,,1.0,0,1,5,5,2.093,2025-08-22,2025-08-27,TRK744633026,2025-08-23 03:00:00,30-day returns on unused goods. Signature on delivery is accepted proof of receipt.,0.0501,7,0,1,train,101
4079c20076c4,cust_40917,inr_delivery_confirmed,item_not_received,fashion,2443.03,1,1,1,1.0,1.0,464,2,1,14,1.721,2025-07-24,2025-08-07,TRK357426961,2025-07-26 20:00:00,7-day exchange window. Delivery photo and tracking are retained for 180 days.,0.0696,6,0,0,train,101
0b6dbbc93239,cust_85322,friendly_fraud_long_tenure,item_not_received,fashion,2673.65,1,1,1,0.0,0.0,475,1,1,41,1.279,2025-08-11,2025-09-21,TRK737537742,2025-08-11 23:00:00,7-day exchange window. Delivery photo and tracking are retained for 180 days.,0.1039,7,0,0,train,101
a378008cbf74,cust_30687,inr_delivery_confirmed,item_not_received,fashion,3183.48,1,0,1,0.0,1.0,270,0,3,21,0.522,2025-07-30,2025-08-20,TRK998890558,2025-08-02 14:00:00,7-day exchange window. Delivery photo and tracking are retained for 180 days.,-0.0877,7,0,0,train,101
12983778d861,cust_42370,high_velocity_attack,unauthorized,digital_goods,3287.57,0,1,0,0.0,0.0,31,0,7,1,1.154,2025-03-09,2025-03-10,,,Digital items are non-refundable after delivery to the registered account.,0.0299,2,0,0,train,101
0970985fe010,cust_75757,inr_delivery_confirmed,item_not_received,fashion,2695.87,1,1,1,1.0,1.0,701,1,2,3,0.745,2025-03-14,2025-03-17,TRK893933689,2025-03-15 21:00:00,7-day exchange window. Delivery photo and tracking are retained for 180 days.,0.0754,2,0,1,train,101
37572884b0c4,cust_99067,inr_delivery_confirmed,item_not_received,fashion,4924.1,0,0,1,1.0,1.0,1086,1,1,11,1.559,2025-08-08,2025-08-19,,,7-day exchange window. Delivery photo and tracking are retained for 180 days.,0.0587,7,1,0,train,101
6f2155a6c9d0,cust_23182,inr_delivery_confirmed,item_not_received,grocery,4052.51,1,0,1,1.0,1.0,527,0,1,7,0.882,2025-05-17,2025-05-24,TRK146076035,2025-05-18 00:00:00,Perishable goods are non-returnable after delivery confirmation.,0.0374,4,1,0,train,101
f99d48bc13e0,cust_31328,high_velocity_attack,unauthorized,travel,2414.57,1,0,0,0.0,0.0,109,0,9,8,2.0,2025-06-24,2025-07-02,TRK394322217,2025-06-26 00:00:00,Cancellations follow fare rules. 3DS-authenticated bookings are treated as cardholder-present.,-0.0002,5,0,1,train,101
179a78d719be,cust_69203,no_evidence,item_not_received,digital_goods,5165.78,0,0,0,0.0,0.0,0,0,2,5,2.483,2025-06-24,2025-06-29,,,Digital items are non-refundable after delivery to the registered account.,-0.0112,5,0,0,train,101
41ed1c28d9b6,cust_89989,no_evidence,item_not_received,ecommerce,3336.03,0,1,0,0.0,0.0,67,1,4,20,1.316,2025-09-02,2025-09-22,,,30-day returns on unused goods. Signature on delivery is accepted proof of receipt.,-0.2947,8,0,0,train,101
8752dc9c889e,cust_29902,unauthorized_3ds,unauthorized,digital_goods,8391.45,0,1,1,1.0,0.0,581,0,1,1,0.242,2025-02-01,2025-02-02,,,Digital items are non-refundable after delivery to the registered account.,-0.0361,1,0,1,train,101
91cfa77fba7e,cust_72260,friendly_fraud_long_tenure,item_not_received,subscriptions,6001.8,0,0,1,1.0,1.0,447,2,1,3,1.482,2025-05-31,2025-06-03,,,First billing cycle may be refunded; subsequent cycles require unused-period evidence.,-0.0555,5,0,1,train,101
939dd9a36cd3,cust_71898,unauthorized_3ds,unauthorized,ecommerce,7415.28,0,1,1,1.0,1.0,135,2,1,11,1.405,2025-06-13,2025-06-24,,,30-day returns on unused goods. Signature on delivery is accepted proof of receipt.,-0.0009,5,0,0,train,101
7616196e7476,cust_95103,high_velocity_attack,unauthorized,travel,1491.6,1,0,0,,0.0,0,0,2,7,1.822,2025-03-23,2025-03-30,TRK170486055,2025-03-26 03:00:00,Cancellations follow fare rules. 3DS-authenticated bookings are treated as cardholder-present.,-0.1447,2,0,0,train,101
75bea13b8be9,cust_45237,no_evidence,not_as_described,services,6203.15,0,0,0,0.0,0.0,0,1,2,25,2.666,2025-03-06,2025-03-31,,,Service completion notes and customer confirmation emails are retained.,-0.0588,2,0,0,train,101
ae240985a1b3,cust_42403,inr_delivery_confirmed,item_not_received,grocery,4157.81,1,0,1,1.0,1.0,133,0,1,2,0.96,2025-05-17,2025-05-19,TRK653916579,2025-05-17 19:00:00,Perishable goods are non-returnable after delivery confirmation.,-0.0954,4,0,1,train,101
ed6f41a5eaf6,cust_12878,no_evidence,unauthorized,ecommerce,1982.68,0,0,1,0.0,1.0,36,0,3,42,,2025-03-06,2025-04-17,,,30-day returns on unused goods. Signature on delivery is accepted proof of receipt.,-0.1496,2,1,1,train,101
af43a3c8fb6b,cust_65145,inr_delivery_confirmed,item_not_received,grocery,4106.26,1,0,1,1.0,1.0,344,1,2,9,1.275,2025-03-03,2025-03-12,TRK602018242,2025-03-04 16:00:00,Perishable goods are non-returnable after delivery confirmation.,-0.1145,2,0,1,train,101
b423cc7fcd01,cust_23214,high_velocity_attack,unauthorized,ecommerce,1960.8,0,0,0,0.0,0.0,70,0,11,2,3.296,2025-03-12,2025-03-14,,,30-day returns on unused goods. Signature on delivery is accepted proof of receipt.,-0.0986,2,0,0,train,101
1c26199b7871,cust_60713,friendly_fraud_long_tenure,item_not_received,digital_goods,5559.37,0,1,1,0.0,0.0,745,1,3,39,,2025-05-31,2025-07-09,,,Digital items are non-refundable after delivery to the registered account.,-0.0288,5,0,1,train,101
b87f094da9e9,cust_81142,friendly_fraud_long_tenure,unauthorized,subscriptions,12109.01,0,0,0,1.0,1.0,748,1,1,32,1.021,2025-08-10,2025-09-11,,,First billing cycle may be refunded; subsequent cycles require unused-period evidence.,-0.0334,7,0,1,train,101
af7327274905,cust_52712,friendly_fraud_long_tenure,not_as_described,fashion,12950.61,1,0,1,0.0,1.0,1211,0,2,14,2.152,2025-08-03,2025-08-17,TRK780591690,2025-08-04 21:00:00,7-day exchange window. Delivery photo and tracking are retained for 180 days.,-0.04,7,0,1,train,101
5f08b7c95705,cust_75813,no_evidence,not_as_described,ecommerce,2110.1,0,0,0,1.0,,0,3,3,35,2.283,2025-03-13,2025-04-17,,,30-day returns on unused goods. Signature on delivery is accepted proof of receipt.,-0.08,2,0,0,train,101
51ca6a8565b2,cust_22435,inr_delivery_confirmed,item_not_received,ecommerce,2380.93,1,1,1,1.0,1.0,7,1,1,3,0.881,2025-08-09,2025-08-12,TRK588787136,2025-08-10 22:00:00,30-day returns on unused goods. Signature on delivery is accepted proof of receipt.,-0.1204,7,0,0,train,101
c5fc834e0ab9,cust_25270,friendly_fraud_long_tenure,unauthorized,digital_goods,7174.42,1,0,0,1.0,1.0,283,1,1,6,2.854,2025-04-24,2025-04-30,TRK334917054,2025-04-26 06:00:00,Digital items are non-refundable after delivery to the registered account.,-0.0115,3,0,0,train,101
0153b950e3e7,cust_12778,unauthorized_3ds,unauthorized,travel,4921.86,1,1,0,1.0,1.0,613,0,4,3,1.973,2025-09-23,2025-09-26,TRK518040095,2025-09-24 12:00:00,Cancellations follow fare rules. 3DS-authenticated bookings are treated as cardholder-present.,-0.0183,8,1,0,train,101
b7a935465bc3,cust_17449,unauthorized_3ds,unauthorized,digital_goods,2727.64,0,1,1,1.0,0.0,14,0,1,21,0.359,2025-05-10,2025-05-31,,,Digital items are non-refundable after delivery to the registered account.,0.0145,4,0,0,train,101
8ce68130ef11,cust_91215,inr_delivery_confirmed,item_not_received,ecommerce,4620.94,1,1,1,1.0,1.0,419,1,3,16,1.196,2025-05-20,2025-06-05,TRK318700932,2025-05-23 15:00:00,30-day returns on unused goods. Signature on delivery is accepted proof of receipt.,-0.15,4,0,0,train,101
07d655a0cd3a,cust_46722,no_evidence,not_as_described,digital_goods,5726.9,1,1,0,0.0,0.0,43,2,1,24,2.545,2025-05-21,2025-06-14,TRK480625640,2025-05-24 13:00:00,Digital items are non-refundable after delivery to the registered account.,-0.0048,4,0,0,train,101
50c23e589936,cust_93770,unauthorized_3ds,unauthorized,ecommerce,2744.64,1,1,0,0.0,1.0,353,0,1,3,0.662,2025-06-16,2025-06-19,TRK192326506,2025-06-18 10:00:00,30-day returns on unused goods. Signature on delivery is accepted proof of receipt.,0.1351,5,1,0,train,101
fbfff7c075e3,cust_31842,inr_delivery_confirmed,item_not_received,ecommerce,7670.1,1,1,1,1.0,0.0,281,0,1,22,,2025-08-07,2025-08-29,TRK174984772,2025-08-10 21:00:00,30-day returns on unused goods. Signature on delivery is accepted proof of receipt.,-0.096,7,0,0,train,101
12d60df29ed1,cust_81152,inr_delivery_confirmed,item_not_received,ecommerce,2379.81,1,1,1,0.0,1.0,709,0,1,14,0.826,2025-03-14,2025-03-28,TRK399160296,2025-03-16 16:00:00,30-day returns on unused goods. Signature on delivery is accepted proof of receipt.,0.0047,2,0,1,train,101
1320c0259549,cust_31910,unauthorized_3ds,unauthorized,travel,4665.6,0,0,0,1.0,1.0,446,0,1,6,1.286,2025-08-05,2025-08-11,,,Cancellations follow fare rules. 3DS-authenticated bookings are treated as cardholder-present.,0.0341,7,0,1,train,101
b18b3e2e37aa,cust_73864,no_evidence,not_as_described,ecommerce,2286.43,0,0,0,0.0,0.0,0,0,2,5,,2025-05-03,2025-05-08,,,30-day returns on unused goods. Signature on delivery is accepted proof of receipt.,0.1242,4,0,0,train,101
6207db048d72,cust_97223,no_evidence,not_as_described,ecommerce,2602.35,0,0,0,0.0,0.0,0,1,2,47,1.594,2025-01-31,2025-03-19,,,30-day returns on unused goods. Signature on delivery is accepted proof of receipt.,-0.1014,1,0,0,train,101
59d67df67d3f,cust_14810,unauthorized_3ds,unauthorized,digital_goods,2576.75,1,1,0,1.0,0.0,304,1,1,17,1.38,2025-07-02,2025-07-19,TRK179096374,2025-07-05 11:00:00,Digital items are non-refundable after delivery to the registered account.,0.157,6,0,1,train,101
83ebf54b0590,cust_82239,high_velocity_attack,unauthorized,travel,1254.14,0,0,0,0.0,0.0,0,1,6,11,3.903,2025-08-18,2025-08-29,,,Cancellations follow fare rules. 3DS-authenticated bookings are treated as cardholder-present.,0.0662,7,0,0,train,101
4953e304d08a,cust_91129,inr_delivery_confirmed,item_not_received,ecommerce,4608.85,1,1,1,,1.0,181,0,2,16,1.699,2025-05-14,2025-05-30,TRK356803428,2025-05-17 10:00:00,30-day returns on unused goods. Signature on delivery is accepted proof of receipt.,0.0646,4,0,1,train,101
f22479fbd6a0,cust_90599,unauthorized_3ds,unauthorized,travel,3080.87,0,1,1,1.0,1.0,184,1,1,15,1.83,2025-03-20,2025-04-04,,,Cancellations follow fare rules. 3DS-authenticated bookings are treated as cardholder-present.,-0.0015,2,0,1,train,101
a98b71bf989d,cust_92497,inr_delivery_confirmed,item_not_received,fashion,2781.89,1,1,0,1.0,1.0,485,0,4,13,0.917,2025-08-22,2025-09-04,TRK586733693,2025-08-25 18:00:00,7-day exchange window. Delivery photo and tracking are retained for 180 days.,-0.0921,7,0,1,train,101
70ed6642d656,cust_85880,high_velocity_attack,unauthorized,ecommerce,1377.63,0,0,1,0.0,0.0,76,1,10,5,2.822,2025-02-17,2025-02-22,,,30-day returns on unused goods. Signature on delivery is accepted proof of receipt.,-0.0052,1,0,0,train,101
d6c6aa781c5e,cust_68699,inr_delivery_confirmed,item_not_received,fashion,2078.69,1,0,1,1.0,1.0,509,1,1,10,,2025-06-27,2025-07-07,TRK679844459,2025-06-29 08:00:00,7-day exchange window. Delivery photo and tracking are retained for 180 days.,0.1183,5,0,0,train,101
c458fac6b7ef,cust_24739,unauthorized_3ds,unauthorized,ecommerce,1754.5,0,1,0,1.0,1.0,178,1,1,13,0.44,2025-06-18,2025-07-01,,,30-day returns on unused goods. Signature on delivery is accepted proof of receipt.,0.1528,5,0,1,train,101
08dcff18b7d3,cust_54436,friendly_fraud_long_tenure,item_not_received,ecommerce,4021.9,1,0,0,1.0,1.0,432,2,2,27,,2025-09-03,2025-09-30,TRK334588986,2025-09-05 16:00:00,30-day returns on unused goods. Signature on delivery is accepted proof of receipt.,0.1784,8,1,0,train,101
2323ee294f11,cust_59587,inr_delivery_confirmed,item_not_received,grocery,3802.17,1,0,0,1.0,1.0,753,0,1,21,1.013,2025-04-27,2025-05-18,TRK857040631,2025-04-28 06:00:00,Perishable goods are non-returnable after delivery confirmation.,0.0316,3,0,0,train,101
9d03182f6cfd,cust_11804,friendly_fraud_long_tenure,item_not_received,fashion,11952.89,1,1,0,,1.0,475,0,2,37,1.708,2025-09-15,2025-10-22,TRK847620224,2025-09-17 03:00:00,7-day exchange window. Delivery photo and tracking are retained for 180 days.,0.0145,8,0,0,train,101
33f674bbc849,cust_34594,inr_delivery_confirmed,item_not_received,fashion,5052.83,1,1,1,1.0,0.0,645,0,1,30,0.805,2025-06-18,2025-07-18,TRK820082821,2025-06-19 22:00:00,7-day exchange window. Delivery photo and tracking are retained for 180 days.,0.291,5,0,1,train,101
0edfa36c984a,cust_70827,inr_delivery_confirmed,item_not_received,fashion,4623.66,1,0,0,1.0,1.0,321,1,1,3,0.777,2025-07-11,2025-07-14,TRK806710889,2025-07-13 05:00:00,7-day exchange window. Delivery photo and tracking are retained for 180 days.,0.0946,6,0,0,train,101
ff33ebfa556c,cust_41929,inr_delivery_confirmed,item_not_received,ecommerce,4144.54,1,0,1,1.0,1.0,657,1,1,15,0.591,2025-02-25,2025-03-12,TRK432628043,2025-02-26 20:00:00,30-day returns on unused goods. Signature on delivery is accepted proof of receipt.,-0.0629,1,0,1,train,101
5bd5ce647563,cust_31679,friendly_fraud_long_tenure,not_as_described,ecommerce,2445.7,1,1,0,1.0,0.0,717,2,1,15,1.814,2025-04-06,2025-04-21,TRK270040847,2025-04-07 02:00:00,30-day returns on unused goods. Signature on delivery is accepted proof of receipt.,0.0825,3,0,0,train,101
e127c23dcd5b,cust_93847,inr_delivery_confirmed,item_not_received,ecommerce,2390.76,1,0,0,0.0,1.0,126,2,1,10,0.957,2025-07-23,2025-08-02,TRK577604274,2025-07-24 09:00:00,30-day returns on unused goods. Signature on delivery is accepted proof of receipt.,0.2097,6,0,0,train,101
3e8f64f6ca49,cust_83374,friendly_fraud_long_tenure,item_not_received,digital_goods,3618.04,0,1,1,0.0,1.0,766,2,3,26,0.789,2025-08-04,2025-08-30,,,Digital items are non-refundable after delivery to the registered account.,0.099,7,0,0,train,101
3e3931385f48,cust_11849,inr_delivery_confirmed,item_not_received,fashion,2487.25,1,0,0,1.0,1.0,176,0,1,26,0.668,2025-06-04,2025-06-30,TRK498338674,2025-06-07 21:00:00,7-day exchange window. Delivery photo and tracking are retained for 180 days.,0.2013,5,0,1,train,101
a7dad9ae0c86,cust_37178,unauthorized_3ds,unauthorized,travel,5173.88,1,1,0,0.0,1.0,14,0,4,1,1.389,2025-04-09,2025-04-10,TRK237760129,2025-04-10 14:00:00,Cancellations follow fare rules. 3DS-authenticated bookings are treated as cardholder-present.,0.1114,3,0,0,train,101
410f0a70efd6,cust_36080,unauthorized_3ds,unauthorized,ecommerce,8007.62,0,1,1,1.0,1.0,585,1,1,5,0.648,2025-09-13,2025-09-18,,,30-day returns on unused goods. Signature on delivery is accepted proof of receipt.,-0.1523,8,0,1,train,101
97cf2dab0035,cust_99477,unauthorized_3ds,unauthorized,ecommerce,2466.1,1,1,1,0.0,1.0,14,1,1,23,0.659,2025-05-05,2025-05-28,TRK645099643,2025-05-07 12:00:00,30-day returns on unused goods. Signature on delivery is accepted proof of receipt.,-0.054,4,0,1,train,101
f9a0c5053130,cust_44777,friendly_fraud_long_tenure,not_as_described,fashion,6789.58,0,1,0,1.0,0.0,699,2,1,40,0.986,2025-09-20,2025-10-30,,,7-day exchange window. Delivery photo and tracking are retained for 180 days.,0.1422,8,0,0,train,101
a9c66d3de3f1,cust_36042,inr_delivery_confirmed,item_not_received,grocery,1813.04,1,1,1,,,780,1,1,15,1.684,2025-05-25,2025-06-09,TRK726218308,2025-05-25 21:00:00,Perishable goods are non-returnable after delivery confirmation.,0.1912,4,0,1,train,101
9645b2b263a1,cust_27302,unauthorized_3ds,unauthorized,ecommerce,1446.22,0,1,1,1.0,0.0,30,0,3,8,1.113,2025-06-14,2025-06-22,,,30-day returns on unused goods. Signature on delivery is accepted proof of receipt.,-0.1519,5,0,0,train,101
eef42d1d6d39,cust_48795,unauthorized_3ds,unauthorized,travel,3124.23,0,1,1,1.0,1.0,56,0,2,8,0.84,2025-08-25,2025-09-02,,,Cancellations follow fare rules. 3DS-authenticated bookings are treated as cardholder-present.,-0.0347,7,0,1,train,101
d3a1a9f8ad18,cust_97493,high_velocity_attack,unauthorized,travel,5152.02,0,0,0,0.0,0.0,0,0,7,13,1.58,2025-08-30,2025-09-12,,,Cancellations follow fare rules. 3DS-authenticated bookings are treated as cardholder-present.,0.2058,8,0,0,train,101
6202822fddb2,cust_85935,unauthorized_3ds,unauthorized,digital_goods,1971.76,0,1,1,1.0,0.0,325,0,4,4,1.15,2025-05-14,2025-05-18,,,Digital items are non-refundable after delivery to the registered account.,-0.1852,4,0,1,train,101
7ca79784eaf2,cust_28695,inr_delivery_confirmed,item_not_received,ecommerce,3254.71,1,1,1,0.0,0.0,324,0,1,27,1.588,2025-09-06,2025-10-03,TRK932262023,2025-09-08 23:00:00,30-day returns on unused goods. Signature on delivery is accepted proof of receipt.,-0.0147,8,0,1,train,101
960b6c2c2287,cust_17628,inr_delivery_confirmed,item_not_received,ecommerce,5411.03,1,0,1,1.0,1.0,992,1,1,24,0.916,2025-04-21,2025-05-15,TRK999797008,2025-04-24 12:00:00,30-day returns on unused goods. Signature on delivery is accepted proof of receipt.,-0.0187,3,0,1,train,101
8740469af4da,cust_71984,unauthorized_3ds,unauthorized,travel,11013.35,0,1,1,1.0,1.0,14,0,3,1,0.861,2025-07-30,2025-07-31,,,Cancellations follow fare rules. 3DS-authenticated bookings are treated as cardholder-present.,-0.0029,7,0,0,train,101
0e12386c74f3,cust_16852,high_velocity_attack,unauthorized,digital_goods,11779.3,0,1,1,0.0,0.0,17,2,5,7,0.1,2025-07-17,2025-07-24,,,Digital items are non-refundable after delivery to the registered account.,0.0794,6,0,1,train,101
b397faae9643,cust_12991,unauthorized_3ds,unauthorized,travel,2613.9,1,1,1,1.0,1.0,383,0,4,10,0.158,2025-05-11,2025-05-21,TRK726128921,2025-05-14 02:00:00,Cancellations follow fare rules. 3DS-authenticated bookings are treated as cardholder-present.,0.1741,4,0,0,train,101
9d24f2030732,cust_55738,high_velocity_attack,unauthorized,travel,2331.41,1,0,1,0.0,0.0,42,1,3,5,4.124,2025-05-22,2025-05-27,TRK311246625,2025-05-23 18:00:00,Cancellations follow fare rules. 3DS-authenticated bookings are treated as cardholder-present.,-0.0451,4,0,1,train,101
d295812365dc,cust_24213,no_evidence,unauthorized,services,2110.49,0,0,0,0.0,0.0,215,1,1,5,1.513,2025-06-10,2025-06-15,,,Service completion notes and customer confirmation emails are retained.,0.1099,5,0,0,train,101
45b7482258e3,cust_67002,inr_delivery_confirmed,item_not_received,ecommerce,2794.19,1,0,1,1.0,1.0,273,0,1,28,1.178,2025-03-09,2025-04-06,TRK640610584,2025-03-11 09:00:00,30-day returns on unused goods. Signature on delivery is accepted proof of receipt.,-0.0717,2,0,0,train,101
d72304302fe5,cust_61172,inr_delivery_confirmed,item_not_received,ecommerce,1210.09,1,1,1,1.0,1.0,816,0,3,17,1.184,2025-08-15,2025-09-01,TRK934093774,2025-08-16 06:00:00,30-day returns on unused goods. Signature on delivery is accepted proof of receipt.,0.0926,7,0,1,train,101
d7b7ad0bdfe3,cust_29527,inr_delivery_confirmed,item_not_received,grocery,672.72,1,0,1,1.0,1.0,399,0,2,22,1.094,2025-08-05,2025-08-27,TRK783690088,2025-08-06 05:00:00,Perishable goods are non-returnable after delivery confirmation.,-0.0475,7,0,1,train,101
2cd2aaa826ec,cust_45513,inr_delivery_confirmed,item_not_received,fashion,3625.69,1,1,1,,1.0,363,0,1,18,0.531,2025-07-27,2025-08-14,TRK457369907,2025-07-30 01:00:00,7-day exchange window. Delivery photo and tracking are retained for 180 days.,-0.0704,6,0,1,train,101
86a93b74c410,cust_77148,friendly_fraud_long_tenure,unauthorized,digital_goods,3240.05,0,0,1,0.0,1.0,669,2,1,23,2.71,2025-09-04,2025-09-27,,,Digital items are non-refundable after delivery to the registered account.,0.0115,8,0,0,train,101
ff731e8773db,cust_93393,inr_delivery_confirmed,item_not_received,fashion,2451.51,1,1,0,1.0,1.0,356,1,1,33,0.837,2025-04-26,2025-05-29,TRK683532521,2025-04-27 22:00:00,7-day exchange window. Delivery photo and tracking are retained for 180 days.,0.0955,3,0,0,train,101
940d0d83fa38,cust_80936,no_evidence,item_not_received,ecommerce,1712.95,0,0,1,0.0,0.0,273,0,2,40,1.909,2025-07-08,2025-08-17,,,30-day returns on unused goods. Signature on delivery is accepted proof of receipt.,0.0083,6,0,0,train,101
248f1732939b,cust_79508,unauthorized_3ds,unauthorized,ecommerce,6023.66,1,1,1,,0.0,348,1,1,4,1.204,2025-07-01,2025-07-05,TRK554308535,2025-07-04 02:00:00,30-day returns on unused goods. Signature on delivery is accepted proof of receipt.,0.0061,6,1,0,train,101
e3f6970f0ae7,cust_63754,no_evidence,unauthorized,digital_goods,3909.51,0,0,0,0.0,0.0,105,0,1,12,0.198,2025-07-08,2025-07-20,,,Digital items are non-refundable after delivery to the registered account.,-0.0458,6,0,1,train,101
4b6d426f4e0f,cust_71274,unauthorized_3ds,unauthorized,travel,4442.77,1,1,0,1.0,0.0,522,2,1,11,1.186,2025-06-01,2025-06-12,TRK166292411,2025-06-02 05:00:00,Cancellations follow fare rules. 3DS-authenticated bookings are treated as cardholder-present.,-0.1658,5,0,1,train,101
312b292d8703,cust_72538,inr_delivery_confirmed,item_not_received,ecommerce,2553.84,1,1,1,1.0,1.0,361,0,1,25,0.873,2025-06-11,2025-07-06,TRK553689412,2025-06-11 18:00:00,30-day returns on unused goods. Signature on delivery is accepted proof of receipt.,0.1487,5,0,1,train,101
1172aa9b41fc,cust_11564,inr_delivery_confirmed,item_not_received,grocery,2381.32,1,0,0,0.0,1.0,438,0,1,21,0.877,2025-02-19,2025-03-12,TRK814219522,2025-02-22 01:00:00,Perishable goods are non-returnable after delivery confirmation.,0.0716,1,0,0,train,101
5f13f37f9a72,cust_13080,inr_delivery_confirmed,item_not_received,ecommerce,4414.05,1,1,0,1.0,1.0,178,1,1,16,0.616,2025-06-17,2025-07-03,TRK121918118,2025-06-19 00:00:00,30-day returns on unused goods. Signature on delivery is accepted proof of receipt.,0.0216,5,0,0,train,101
0a664868a48f,cust_65147,unauthorized_3ds,unauthorized,travel,5467.33,1,1,1,1.0,,540,2,1,16,1.23,2025-05-14,2025-05-30,TRK832322966,2025-05-16 05:00:00,Cancellations follow fare rules. 3DS-authenticated bookings are treated as cardholder-present.,-0.1693,4,0,1,train,101
e0ee52ba31f7,cust_62329,friendly_fraud_long_tenure,item_not_received,digital_goods,1610.79,0,0,1,0.0,0.0,1328,1,3,13,1.266,2025-09-10,2025-09-23,,,Digital items are non-refundable after delivery to the registered account.,0.0323,8,1,1,train,101
8bc43c4f50c1,cust_20082,no_evidence,item_not_received,services,2921.92,0,0,0,0.0,0.0,217,0,1,41,1.746,2025-05-19,2025-06-29,,,Service completion notes and customer confirmation emails are retained.,0.1362,4,1,1,train,101
c2842aa7cf3f,cust_25527,inr_delivery_confirmed,item_not_received,grocery,2429.41,1,0,1,1.0,0.0,772,1,1,26,1.183,2025-06-19,2025-07-15,TRK216431502,2025-06-21 04:00:00,Perishable goods are non-returnable after delivery confirmation.,0.1613,5,0,1,train,101
e2bc8216d23d,cust_40552,high_velocity_attack,unauthorized,digital_goods,2205.34,0,0,0,0.0,0.0,35,0,8,7,2.724,2025-05-16,2025-05-23,,,Digital items are non-refundable after delivery to the registered account.,0.0491,4,0,0,train,101
638d0497d002,cust_62972,unauthorized_3ds,unauthorized,digital_goods,2517.04,0,1,1,1.0,1.0,354,2,1,9,1.333,2025-04-24,2025-05-03,,,Digital items are non-refundable after delivery to the registered account.,-0.1185,3,0,1,train,101
77ebbac1fd6e,cust_15978,unauthorized_3ds,unauthorized,travel,6595.66,0,1,0,1.0,0.0,14,0,1,21,0.99,2025-09-09,2025-09-30,,,Cancellations follow fare rules. 3DS-authenticated bookings are treated as cardholder-present.,-0.1681,8,0,1,train,101
2660f08eff3b,cust_33838,unauthorized_3ds,unauthorized,digital_goods,4856.91,1,1,1,1.0,1.0,450,1,5,5,0.1,2025-05-01,2025-05-06,TRK893498668,2025-05-04 16:00:00,Digital items are non-refundable after delivery to the registered account.,-0.2183,4,0,1,train,101
a3f7c791c567,cust_47478,inr_delivery_confirmed,item_not_received,ecommerce,4932.54,1,1,1,1.0,1.0,536,0,1,10,1.058,2025-03-10,2025-03-20,TRK171363572,2025-03-12 09:00:00,30-day returns on unused goods. Signature on delivery is accepted proof of receipt.,0.2698,2,0,1,train,101
6459ef148ea6,cust_96943,unauthorized_3ds,unauthorized,ecommerce,2120.73,0,1,1,1.0,0.0,299,0,1,13,,2025-06-05,2025-06-18,,,30-day returns on unused goods. Signature on delivery is accepted proof of receipt.,0.1768,5,0,0,train,101
10b1a4b4db61,cust_34393,inr_delivery_confirmed,item_not_received,grocery,5308.91,1,1,1,0.0,,631,1,2,22,0.669,2025-03-28,2025-04-19,TRK404111488,2025-03-28 19:00:00,Perishable goods are non-returnable after delivery confirmation.,-0.1247,2,0,1,train,101
20e8042227da,cust_23053,unauthorized_3ds,unauthorized,travel,5016.85,1,1,1,1.0,1.0,245,0,1,17,0.893,2025-08-12,2025-08-29,TRK962603421,2025-08-15 09:00:00,Cancellations follow fare rules. 3DS-authenticated bookings are treated as cardholder-present.,0.1048,7,0,1,train,101
22439db0e8b7,cust_33753,unauthorized_3ds,unauthorized,ecommerce,2927.35,0,1,1,0.0,0.0,520,0,1,15,1.304,2025-05-20,2025-06-04,,,30-day returns on unused goods. Signature on delivery is accepted proof of receipt.,0.0471,4,0,1,train,101
0a0d854a9e8b,cust_34245,unauthorized_3ds,unauthorized,travel,10799.96,0,1,1,0.0,0.0,317,1,1,26,,2025-02-08,2025-03-06,,,Cancellations follow fare rules. 3DS-authenticated bookings are treated as cardholder-present.,0.0112,1,0,1,train,101
fa5c799025c5,cust_18424,inr_delivery_confirmed,item_not_received,ecommerce,2724.94,1,1,0,1.0,1.0,540,0,1,33,1.138,2025-05-31,2025-07-03,TRK446121723,2025-05-31 20:00:00,30-day returns on unused goods. Signature on delivery is accepted proof of receipt.,0.1469,5,0,1,train,101
705f9377bbb0,cust_50615,friendly_fraud_long_tenure,unauthorized,fashion,9321.28,0,1,0,0.0,0.0,896,1,2,16,1.863,2025-06-24,2025-07-10,,,7-day exchange window. Delivery photo and tracking are retained for 180 days.,-0.2959,5,0,1,train,101
8fd7bc8ea881,cust_43790,high_velocity_attack,unauthorized,travel,3612.19,0,0,1,0.0,0.0,10,0,9,1,0.1,2025-05-15,2025-05-16,,,Cancellations follow fare rules. 3DS-authenticated bookings are treated as cardholder-present.,-0.0949,4,0,0,train,101
a6cf99298ceb,cust_75768,unauthorized_3ds,unauthorized,travel,5544.9,0,1,1,0.0,1.0,99,0,1,23,1.524,2025-03-09,2025-04-01,,,Cancellations follow fare rules. 3DS-authenticated bookings are treated as cardholder-present.,-0.0081,2,1,0,train,101
89b3fc4ef51c,cust_18765,inr_delivery_confirmed,item_not_received,fashion,2281.97,1,0,1,1.0,0.0,725,2,1,10,0.82,2025-09-06,2025-09-16,TRK744214526,2025-09-08 20:00:00,7-day exchange window. Delivery photo and tracking are retained for 180 days.,-0.0738,8,0,0,train,101
9ed36ea11f93,cust_43005,unauthorized_3ds,unauthorized,digital_goods,6640.87,1,1,0,,0.0,432,2,1,15,1.26,2025-06-27,2025-07-12,TRK587276438,2025-06-30 11:00:00,Digital items are non-refundable after delivery to the registered account.,0.1279,5,0,0,train,101
59bf828c0151,cust_90373,no_evidence,item_not_received,ecommerce,998.78,0,0,0,1.0,0.0,64,0,3,12,0.454,2025-05-08,2025-05-20,,,30-day returns on unused goods. Signature on delivery is accepted proof of receipt.,0.0385,4,0,0,train,101
48fe1497ccc2,cust_11728,high_velocity_attack,unauthorized,digital_goods,6293.89,0,0,0,,1.0,0,0,5,1,2.633,2025-02-17,2025-02-18,,,Digital items are non-refundable after delivery to the registered account.,-0.1936,1,0,0,train,101
785366148f6f,cust_79772,friendly_fraud_long_tenure,not_as_described,fashion,6709.64,0,0,1,1.0,0.0,941,0,1,47,0.995,2025-02-14,2025-04-02,,,7-day exchange window. Delivery photo and tracking are retained for 180 days.,-0.1006,1,0,0,train,101
46aa99f29c69,cust_59155,high_velocity_attack,unauthorized,travel,777.69,0,0,1,,0.0,48,0,10,2,2.131,2025-08-03,2025-08-05,,,Cancellations follow fare rules. 3DS-authenticated bookings are treated as cardholder-present.,0.1149,7,0,1,train,101
635815695399,cust_22515,no_evidence,item_not_received,services,4884.25,0,0,0,1.0,0.0,208,0,1,31,0.1,2025-03-16,2025-04-16,,,Service completion notes and customer confirmation emails are retained.,0.0927,2,0,0,train,101
c4831e56dfe2,cust_97902,unauthorized_3ds,unauthorized,ecommerce,2126.94,0,1,1,1.0,1.0,472,0,3,10,2.024,2025-02-15,2025-02-25,,,30-day returns on unused goods. Signature on delivery is accepted proof of receipt.,-0.1417,1,0,1,train,101
b8e72b6c75eb,cust_84211,no_evidence,unauthorized,ecommerce,3604.42,0,0,0,0.0,0.0,69,0,1,43,1.182,2025-07-16,2025-08-28,,,30-day returns on unused goods. Signature on delivery is accepted proof of receipt.,0.089,6,0,0,train,101
acabe36e03c8,cust_73363,inr_delivery_confirmed,item_not_received,ecommerce,2594.77,1,1,0,1.0,1.0,61,2,1,25,0.987,2025-07-21,2025-08-15,TRK807665726,2025-07-24 10:00:00,30-day returns on unused goods. Signature on delivery is accepted proof of receipt.,0.1577,6,1,0,train,101
3434d9750ffd,cust_28318,friendly_fraud_long_tenure,item_not_received,subscriptions,4002.55,1,1,1,0.0,1.0,974,2,2,19,1.957,2025-04-12,2025-05-01,TRK708853863,2025-04-14 05:00:00,First billing cycle may be refunded; subsequent cycles require unused-period evidence.,0.0428,3,0,1,train,101
19d28b071429,cust_58833,friendly_fraud_long_tenure,unauthorized,ecommerce,10409.52,0,0,1,1.0,1.0,1611,3,2,3,0.959,2025-05-13,2025-05-16,,,30-day returns on unused goods. Signature on delivery is accepted proof of receipt.,-0.102,4,1,1,train,101
4f19ac0e8b0a,cust_50098,no_evidence,item_not_received,ecommerce,3335.87,0,0,1,0.0,0.0,34,1,2,50,0.55,2025-06-07,2025-07-27,,,30-day returns on unused goods. Signature on delivery is accepted proof of receipt.,0.1101,5,0,0,train,101
7ac9e5bd3b2c,cust_97306,inr_delivery_confirmed,item_not_received,fashion,7983.51,1,1,1,0.0,1.0,572,0,2,17,0.709,2025-09-20,2025-10-07,TRK447463989,2025-09-21 01:00:00,7-day exchange window. Delivery photo and tracking are retained for 180 days.,0.1705,8,0,1,train,101
c7ed963bc182,cust_85420,inr_delivery_confirmed,item_not_received,ecommerce,1710.15,1,0,1,1.0,1.0,125,0,1,17,0.57,2025-05-04,2025-05-21,TRK916431747,2025-05-06 18:00:00,30-day returns on unused goods. Signature on delivery is accepted proof of receipt.,-0.0353,4,0,1,train,101
e3c5ae383c79,cust_80925,friendly_fraud_long_tenure,not_as_described,fashion,4205.95,1,1,1,1.0,,1216,1,1,25,0.639,2025-06-22,2025-07-17,TRK201278107,2025-06-22 23:00:00,7-day exchange window. Delivery photo and tracking are retained for 180 days.,-0.0399,5,0,0,train,101
43d9442e29da,cust_59237,high_velocity_attack,unauthorized,travel,1089.12,1,0,0,0.0,,51,0,2,1,3.216,2025-02-26,2025-02-27,TRK160895796,2025-02-28 19:00:00,Cancellations follow fare rules. 3DS-authenticated bookings are treated as cardholder-present.,-0.0486,1,1,1,train,101
8600e8fdfff4,cust_72778,unauthorized_3ds,unauthorized,ecommerce,5514.86,0,1,1,1.0,0.0,147,1,1,18,1.737,2025-07-11,2025-07-29,,,30-day returns on unused goods. Signature on delivery is accepted proof of receipt.,0.0486,6,0,1,train,101
aa1ee19b712b,cust_61724,friendly_fraud_long_tenure,item_not_received,digital_goods,9350.86,0,0,1,1.0,1.0,1018,1,1,15,1.801,2025-07-15,2025-07-30,,,Digital items are non-refundable after delivery to the registered account.,-0.0437,6,0,1,train,101
3e0d4edc2edc,cust_24942,friendly_fraud_long_tenure,not_as_described,ecommerce,3050.02,0,0,0,0.0,,948,1,1,31,0.1,2025-09-15,2025-10-16,,,30-day returns on unused goods. Signature on delivery is accepted proof of receipt.,-0.1261,8,0,1,train,101
019c30239fd0,cust_58018,high_velocity_attack,unauthorized,ecommerce,2374.78,0,0,1,1.0,0.0,42,0,8,5,3.588,2025-09-06,2025-09-11,,,30-day returns on unused goods. Signature on delivery is accepted proof of receipt.,-0.0551,8,0,0,train,101
875c05fd88fc,cust_97060,unauthorized_3ds,unauthorized,digital_goods,2565.2,1,1,1,1.0,0.0,685,0,1,17,1.488,2025-05-24,2025-06-10,TRK202941990,2025-05-26 11:00:00,Digital items are non-refundable after delivery to the registered account.,0.1174,4,0,1,train,101
177548097800,cust_96352,unauthorized_3ds,unauthorized,travel,1685.19,0,1,1,1.0,0.0,553,2,1,11,0.679,2025-08-26,2025-09-06,,,Cancellations follow fare rules. 3DS-authenticated bookings are treated as cardholder-present.,-0.0794,7,0,1,train,101
ed0ca620d920,cust_76515,unauthorized_3ds,unauthorized,digital_goods,7188.54,1,1,1,1.0,1.0,874,1,1,7,0.842,2025-03-19,2025-03-26,TRK689499253,2025-03-21 05:00:00,Digital items are non-refundable after delivery to the registered account.,0.0085,2,0,1,train,101
74610d39e914,cust_56700,unauthorized_3ds,unauthorized,digital_goods,3821.76,1,1,1,,1.0,611,0,1,20,0.1,2025-02-11,2025-03-03,TRK846783366,2025-02-14 10:00:00,Digital items are non-refundable after delivery to the registered account.,-0.0224,1,0,1,train,101
f012967570cc,cust_81975,unauthorized_3ds,unauthorized,travel,4161.21,1,1,1,1.0,1.0,215,0,1,1,0.843,2025-05-27,2025-05-28,TRK368127440,2025-05-29 14:00:00,Cancellations follow fare rules. 3DS-authenticated bookings are treated as cardholder-present.,0.1593,4,0,0,train,101
d2627b76472c,cust_94197,no_evidence,unauthorized,ecommerce,3948.37,0,0,0,0.0,0.0,36,1,2,28,0.881,2025-04-24,2025-05-22,,,30-day returns on unused goods. Signature on delivery is accepted proof of receipt.,-0.1493,3,0,0,train,101
94fbb918b282,cust_68863,unauthorized_3ds,unauthorized,digital_goods,2668.89,1,1,1,1.0,1.0,482,0,1,3,0.63,2025-06-11,2025-06-14,TRK206504266,2025-06-11 22:00:00,Digital items are non-refundable after delivery to the registered account.,0.0815,5,0,1,train,101
2a1bfea78b99,cust_36462,high_velocity_attack,unauthorized,travel,1397.51,0,0,0,0.0,1.0,17,0,9,1,2.38,2025-04-22,2025-04-23,,,Cancellations follow fare rules. 3DS-authenticated bookings are treated as cardholder-present.,-0.0315,3,0,0,train,101
d1dad6aac4b4,cust_94395,inr_delivery_confirmed,item_not_received,ecommerce,3239.48,0,1,0,1.0,1.0,608,0,1,30,1.001,2025-04-28,2025-05-28,,,30-day returns on unused goods. Signature on delivery is accepted proof of receipt.,-0.0681,3,0,0,train,101
4b00d872a323,cust_91947,inr_delivery_confirmed,item_not_received,fashion,2870.13,1,1,1,0.0,1.0,405,1,1,33,1.269,2025-09-11,2025-10-14,TRK381572552,2025-09-14 13:00:00,7-day exchange window. Delivery photo and tracking are retained for 180 days.,0.1539,8,1,1,train,101
fce9e6c8cc26,cust_67027,unauthorized_3ds,unauthorized,ecommerce,3905.23,1,1,1,0.0,0.0,287,1,1,1,1.425,2025-09-21,2025-09-22,TRK639069016,2025-09-22 17:00:00,30-day returns on unused goods. Signature on delivery is accepted proof of receipt.,-0.011,8,0,1,train,101
7173c19da0ac,cust_48146,friendly_fraud_long_tenure,item_not_received,subscriptions,1188.66,0,0,0,1.0,0.0,609,0,2,3,1.528,2025-08-30,2025-09-02,,,First billing cycle may be refunded; subsequent cycles require unused-period evidence.,-0.0143,8,0,0,train,101
3220c3b0dd9a,cust_53008,friendly_fraud_long_tenure,not_as_described,ecommerce,1686.11,0,1,1,1.0,1.0,840,2,1,19,1.122,2025-05-27,2025-06-15,,,30-day returns on unused goods. Signature on delivery is accepted proof of receipt.,-0.0358,4,0,1,train,101
6eb9ecf18749,cust_70820,unauthorized_3ds,unauthorized,travel,4927.85,0,1,1,,0.0,14,0,3,6,1.463,2025-06-11,2025-06-17,,,Cancellations follow fare rules. 3DS-authenticated bookings are treated as cardholder-present.,0.121,5,0,1,train,101
559a254c1f4d,cust_41402,unauthorized_3ds,unauthorized,travel,8058.04,0,1,1,1.0,1.0,542,0,1,21,0.956,2025-07-20,2025-08-10,,,Cancellations follow fare rules. 3DS-authenticated bookings are treated as cardholder-present.,0.1289,6,0,0,train,101
dd466bae72ef,cust_48558,inr_delivery_confirmed,item_not_received,fashion,2298.6,1,0,0,0.0,1.0,120,0,1,2,,2025-04-04,2025-04-06,TRK612773136,2025-04-05 06:00:00,7-day exchange window. Delivery photo and tracking are retained for 180 days.,0.1364,3,0,1,train,101
5b2d3ee54380,cust_73196,inr_delivery_confirmed,item_not_received,fashion,1917.41,1,1,1,,0.0,708,1,2,5,1.192,2025-06-14,2025-06-19,TRK163275296,2025-06-17 11:00:00,7-day exchange window. Delivery photo and tracking are retained for 180 days.,0.1644,5,0,0,train,101
ce3e6f1b0eed,cust_92667,high_velocity_attack,unauthorized,digital_goods,694.51,1,0,1,1.0,0.0,26,1,7,1,,2025-07-18,2025-07-19,TRK827219924,2025-07-20 15:00:00,Digital items are non-refundable after delivery to the registered account.,-0.078,6,0,0,train,101
6d2fa464322d,cust_40640,unauthorized_3ds,unauthorized,travel,4729.23,0,1,0,0.0,1.0,14,1,1,25,1.192,2025-07-22,2025-08-16,,,Cancellations follow fare rules. 3DS-authenticated bookings are treated as cardholder-present.,0.0867,6,1,0,train,101
5cdf8bb502e4,cust_31701,friendly_fraud_long_tenure,item_not_received,subscriptions,2365.6,1,1,0,1.0,0.0,1362,2,3,17,2.21,2025-06-11,2025-06-28,TRK598610906,2025-06-14 02:00:00,First billing cycle may be refunded; subsequent cycles require unused-period evidence.,0.0933,5,1,0,train,101
384a0f48dcad,cust_37473,no_evidence,item_not_received,services,1875.71,0,0,0,0.0,0.0,278,3,4,42,2.223,2025-09-10,2025-10-22,,,Service completion notes and customer confirmation emails are retained.,-0.0147,8,0,0,train,101
b26f0313f7b3,cust_11864,high_velocity_attack,unauthorized,travel,999.09,0,0,0,0.0,0.0,0,0,5,3,2.198,2025-04-03,2025-04-06,,,Cancellations follow fare rules. 3DS-authenticated bookings are treated as cardholder-present.,0.0363,3,0,0,train,101
40f945bd2582,cust_97517,inr_delivery_confirmed,item_not_received,grocery,3991.28,1,0,0,0.0,0.0,671,0,1,9,1.183,2025-08-04,2025-08-13,TRK892950383,2025-08-06 19:00:00,Perishable goods are non-returnable after delivery confirmation.,-0.0208,7,0,1,train,101
b61cc5e8ef9c,cust_43959,inr_delivery_confirmed,item_not_received,fashion,1537.03,1,1,1,1.0,1.0,588,0,1,39,0.757,2025-07-19,2025-08-27,TRK959482025,2025-07-22 11:00:00,7-day exchange window. Delivery photo and tracking are retained for 180 days.,-0.1294,6,0,1,train,101
d5acd4ebee85,cust_93735,friendly_fraud_long_tenure,item_not_received,fashion,4374.21,0,0,1,0.0,1.0,1249,2,1,3,1.076,2025-09-20,2025-09-23,,,7-day exchange window. Delivery photo and tracking are retained for 180 days.,-0.0845,8,0,1,train,101
7d68fe6058f0,cust_61251,high_velocity_attack,unauthorized,ecommerce,924.88,1,1,0,,1.0,19,0,6,2,2.208,2025-06-09,2025-06-11,TRK308603992,2025-06-12 12:00:00,30-day returns on unused goods. Signature on delivery is accepted proof of receipt.,-0.0929,5,0,0,train,101
e55e70a11a2c,cust_85478,no_evidence,unauthorized,digital_goods,4214.38,0,0,0,1.0,1.0,0,1,3,38,1.743,2025-03-17,2025-04-24,,,Digital items are non-refundable after delivery to the registered account.,0.1703,2,0,0,train,101
549f5d677678,cust_39540,inr_delivery_confirmed,item_not_received,fashion,4501.74,1,1,0,,0.0,602,0,1,7,0.902,2025-07-05,2025-07-12,TRK648606099,2025-07-08 17:00:00,7-day exchange window. Delivery photo and tracking are retained for 180 days.,-0.0986,6,0,1,train,101
c2ea3388ddaf,cust_54302,no_evidence,not_as_described,digital_goods,7447.74,0,0,0,1.0,0.0,198,1,2,33,0.395,2025-05-16,2025-06-18,,,Digital items are non-refundable after delivery to the registered account.,0.2712,4,0,0,train,101
fadc6eb2b0e4,cust_51840,friendly_fraud_long_tenure,unauthorized,digital_goods,5656.88,0,0,0,0.0,0.0,592,2,4,13,1.12,2025-03-25,2025-04-07,,,Digital items are non-refundable after delivery to the registered account.,0.0874,2,0,1,train,101
41d89f47b8c5,cust_85049,no_evidence,not_as_described,services,6217.38,0,0,0,0.0,0.0,237,3,3,16,,2025-03-06,2025-03-22,,,Service completion notes and customer confirmation emails are retained.,-0.1898,2,0,1,train,101
57f6e8619723,cust_78141,friendly_fraud_long_tenure,unauthorized,digital_goods,5445.38,1,1,0,0.0,1.0,911,3,1,7,0.494,2025-04-24,2025-05-01,TRK381242526,2025-04-25 10:00:00,Digital items are non-refundable after delivery to the registered account.,-0.05,3,0,1,train,101
2d0275555505,cust_77503,inr_delivery_confirmed,item_not_received,fashion,2901.63,1,1,1,1.0,1.0,499,3,1,23,0.726,2025-06-18,2025-07-11,TRK811183070,2025-06-20 08:00:00,7-day exchange window. Delivery photo and tracking are retained for 180 days.,0.0453,5,0,0,train,101
888711595456,cust_64049,no_evidence,item_not_received,services,2780.38,0,0,0,0.0,0.0,170,1,2,30,1.013,2025-03-12,2025-04-11,,,Service completion notes and customer confirmation emails are retained.,-0.011,2,0,0,train,101
6bcb63ed8f45,cust_66497,inr_delivery_confirmed,item_not_received,grocery,2557.52,1,1,1,1.0,1.0,438,2,1,12,1.333,2025-02-16,2025-02-28,TRK483356817,2025-02-19 07:00:00,Perishable goods are non-returnable after delivery confirmation.,-0.1242,1,0,1,train,101
3ee0796d4f70,cust_94287,unauthorized_3ds,unauthorized,ecommerce,4888.46,1,1,1,1.0,1.0,285,0,1,13,,2025-08-25,2025-09-07,TRK492102951,2025-08-27 13:00:00,30-day returns on unused goods. Signature on delivery is accepted proof of receipt.,-0.119,7,0,1,train,101
bae048c769cc,cust_59205,no_evidence,not_as_described,ecommerce,4498.97,0,0,0,1.0,0.0,145,0,1,57,1.903,2025-09-16,2025-11-12,,,30-day returns on unused goods. Signature on delivery is accepted proof of receipt.,-0.156,8,0,0,train,101
62055f65636a,cust_96165,friendly_fraud_long_tenure,item_not_received,digital_goods,4695.67,0,1,1,,0.0,1063,2,3,24,2.184,2025-08-15,2025-09-08,,,Digital items are non-refundable after delivery to the registered account.,0.0916,7,1,1,train,101
8d1a19c6f2de,cust_56137,unauthorized_3ds,unauthorized,ecommerce,2161.73,0,1,1,1.0,1.0,209,0,2,29,0.602,2025-03-28,2025-04-26,,,30-day returns on unused goods. Signature on delivery is accepted proof of receipt.,-0.0252,2,1,0,train,101
b4a4dbbaf8e8,cust_22704,no_evidence,unauthorized,digital_goods,12846.32,0,0,0,0.0,0.0,229,0,2,50,0.403,2025-07-13,2025-09-01,,,Digital items are non-refundable after delivery to the registered account.,0.1304,6,0,0,train,101
5404a1ffde36,cust_37709,inr_delivery_confirmed,item_not_received,grocery,6526.32,1,1,1,0.0,0.0,488,0,1,9,0.902,2025-09-15,2025-09-24,TRK639911973,2025-09-18 08:00:00,Perishable goods are non-returnable after delivery confirmation.,-0.1753,8,0,1,train,101
e71588529e3a,cust_77117,high_velocity_attack,unauthorized,travel,1506.43,0,0,0,0.0,0.0,39,0,6,7,,2025-08-09,2025-08-16,,,Cancellations follow fare rules. 3DS-authenticated bookings are treated as cardholder-present.,0.055,7,0,0,train,101
2ca6fe798da3,cust_19924,friendly_fraud_long_tenure,not_as_described,fashion,5729.42,1,1,1,1.0,0.0,744,2,1,10,0.628,2025-05-11,2025-05-21,TRK291513201,2025-05-11 18:00:00,7-day exchange window. Delivery photo and tracking are retained for 180 days.,-0.19,4,0,0,train,101
975d0a29d3ad,cust_78595,no_evidence,item_not_received,ecommerce,3697.14,0,0,0,0.0,0.0,124,1,1,19,0.667,2025-06-12,2025-07-01,,,30-day returns on unused goods. Signature on delivery is accepted proof of receipt.,-0.0005,5,0,0,train,101
9755bc92ac2c,cust_36439,unauthorized_3ds,unauthorized,ecommerce,2062.6,1,1,1,1.0,0.0,483,0,1,17,1.703,2025-08-25,2025-09-11,TRK699847353,2025-08-27 07:00:00,30-day returns on unused goods. Signature on delivery is accepted proof of receipt.,0.0275,7,0,0,train,101
20b7bd1c9917,cust_88208,friendly_fraud_long_tenure,item_not_received,subscriptions,7205.72,1,0,0,1.0,0.0,1053,2,3,23,0.568,2025-06-23,2025-07-16,TRK803659164,2025-06-26 00:00:00,First billing cycle may be refunded; subsequent cycles require unused-period evidence.,-0.1274,5,0,1,train,101
a149741e66dd,cust_94631,unauthorized_3ds,unauthorized,digital_goods,2083.33,0,1,0,1.0,,519,1,1,1,0.996,2025-07-30,2025-07-31,,,Digital items are non-refundable after delivery to the registered account.,-0.195,7,0,0,train,101
ef1f5c2dd494,cust_94141,friendly_fraud_long_tenure,unauthorized,fashion,1327.23,0,1,1,0.0,1.0,1190,4,1,35,1.354,2025-03-10,2025-04-14,,,7-day exchange window. Delivery photo and tracking are retained for 180 days.,0.1355,2,0,0,train,101
5fe1cc210907,cust_19840,unauthorized_3ds,unauthorized,travel,3358.71,0,0,1,1.0,0.0,917,0,2,12,0.571,2025-03-14,2025-03-26,,,Cancellations follow fare rules. 3DS-authenticated bookings are treated as cardholder-present.,0.0401,2,0,1,train,101
2fcf3c5cb538,cust_37295,friendly_fraud_long_tenure,unauthorized,digital_goods,2512.03,0,1,1,1.0,1.0,1203,2,1,36,0.796,2025-09-21,2025-10-27,,,Digital items are non-refundable after delivery to the registered account.,0.0137,8,0,0,train,101
bea88a5d5d5e,cust_61542,unauthorized_3ds,unauthorized,digital_goods,6936.23,1,1,1,1.0,0.0,529,0,1,12,1.588,2025-07-26,2025-08-07,TRK242189473,2025-07-27 23:00:00,Digital items are non-refundable after delivery to the registered account.,-0.0157,6,1,0,train,101
6b9c9278f5fb,cust_70991,high_velocity_attack,unauthorized,travel,4434.08,0,0,0,0.0,0.0,10,1,9,11,4.11,2025-05-19,2025-05-30,,,Cancellations follow fare rules. 3DS-authenticated bookings are treated as cardholder-present.,-0.0784,4,0,0,train,101
119de2b29e4e,cust_69662,high_velocity_attack,unauthorized,ecommerce,4637.67,0,0,0,0.0,0.0,12,0,10,10,5.718,2025-08-22,2025-09-01,,,30-day returns on unused goods. Signature on delivery is accepted proof of receipt.,0.0812,7,0,0,train,101
016e3c25c06c,cust_67799,friendly_fraud_long_tenure,not_as_described,subscriptions,1235.13,0,0,1,1.0,1.0,643,3,1,25,1.832,2025-05-21,2025-06-15,,,First billing cycle may be refunded; subsequent cycles require unused-period evidence.,-0.0895,4,0,0,train,101
42ca01ec8d0b,cust_10000,inr_delivery_confirmed,item_not_received,fashion,2318.7,1,0,1,0.0,1.0,129,0,1,29,1.252,2025-09-05,2025-10-04,TRK878328251,2025-09-06 02:00:00,7-day exchange window. Delivery photo and tracking are retained for 180 days.,-0.0828,8,0,1,train,101
5bf6629dd0ca,cust_69564,unauthorized_3ds,unauthorized,digital_goods,4111.61,1,1,1,1.0,,307,0,2,22,1.786,2025-09-13,2025-10-05,TRK718705597,2025-09-16 17:00:00,Digital items are non-refundable after delivery to the registered account.,-0.1051,8,0,1,train,101
a27da60eb5fb,cust_63839,friendly_fraud_long_tenure,unauthorized,digital_goods,16589.13,0,1,1,0.0,1.0,180,4,1,35,2.104,2025-05-05,2025-06-09,,,Digital items are non-refundable after delivery to the registered account.,-0.0099,4,0,0,train,101
c3e6beafcead,cust_95816,high_velocity_attack,unauthorized,travel,834.03,0,0,0,0.0,0.0,3,0,5,6,3.276,2025-04-07,2025-04-13,,,Cancellations follow fare rules. 3DS-authenticated bookings are treated as cardholder-present.,-0.1225,3,0,1,train,101
e84396aa24a6,cust_43023,inr_delivery_confirmed,item_not_received,fashion,6649.71,1,1,1,1.0,1.0,402,1,1,11,0.593,2025-03-20,2025-03-31,TRK313087406,2025-03-23 02:00:00,7-day exchange window. Delivery photo and tracking are retained for 180 days.,-0.063,2,0,1,train,101
9a63e41d9993,cust_78519,inr_delivery_confirmed,item_not_received,fashion,3945.12,1,0,1,1.0,1.0,545,0,1,27,1.081,2025-02-12,2025-03-11,TRK419967603,2025-02-13 04:00:00,7-day exchange window. Delivery photo and tracking are retained for 180 days.,0.1712,1,0,0,train,101
bf8677d66951,cust_33998,high_velocity_attack,unauthorized,travel,2074.62,0,0,1,,0.0,12,0,4,7,5.248,2025-02-04,2025-02-11,,,Cancellations follow fare rules. 3DS-authenticated bookings are treated as cardholder-present.,-0.0365,1,0,1,train,101
b97c9e28be5f,cust_40844,friendly_fraud_long_tenure,item_not_received,digital_goods,13714.07,1,0,0,1.0,0.0,1277,2,3,22,1.179,2025-07-26,2025-08-17,TRK243923510,2025-07-27 18:00:00,Digital items are non-refundable after delivery to the registered account.,-0.1095,6,0,0,train,101
82e8c5052269,cust_85992,no_evidence,not_as_described,digital_goods,1865.06,0,0,0,0.0,0.0,297,0,3,32,2.382,2025-04-17,2025-05-19,,,Digital items are non-refundable after delivery to the registered account.,0.0273,3,0,0,train,101
bf144f09a0ec,cust_40141,no_evidence,not_as_described,services,3224.97,0,1,1,1.0,0.0,87,0,3,54,1.551,2025-07-15,2025-09-07,,,Service completion notes and customer confirmation emails are retained.,0.0506,6,0,0,train,101
c2ef9e08ca9f,cust_54921,inr_delivery_confirmed,item_not_received,grocery,3098.87,1,0,0,0.0,1.0,430,0,1,20,0.805,2025-05-01,2025-05-21,TRK353866535,2025-05-03 23:00:00,Perishable goods are non-returnable after delivery confirmation.,-0.112,4,0,0,train,101
9bed28542fe0,cust_11099,no_evidence,not_as_described,ecommerce,2413.74,0,0,0,1.0,0.0,102,1,2,44,2.365,2025-07-21,2025-09-03,,,30-day returns on unused goods. Signature on delivery is accepted proof of receipt.,0.012,6,0,0,train,101
e8ee7aecccbb,cust_49390,no_evidence,item_not_received,ecommerce,2650.36,0,0,1,0.0,0.0,6,0,4,5,2.175,2025-05-17,2025-05-22,,,30-day returns on unused goods. Signature on delivery is accepted proof of receipt.,-0.0733,4,0,1,train,101
9d5b2fa34736,cust_83303,no_evidence,not_as_described,ecommerce,3567.51,0,0,0,1.0,0.0,323,0,2,15,3.446,2025-05-11,2025-05-26,,,30-day returns on unused goods. Signature on delivery is accepted proof of receipt.,-0.1106,4,1,1,train,101
b00f3f210081,cust_43151,unauthorized_3ds,unauthorized,ecommerce,3703.29,1,1,0,1.0,1.0,28,0,1,34,0.54,2025-06-13,2025-07-17,TRK227352726,2025-06-16 08:00:00,30-day returns on unused goods. Signature on delivery is accepted proof of receipt.,-0.0622,5,0,1,train,101
235fa451a17a,cust_19634,no_evidence,not_as_described,digital_goods,2135.3,0,0,0,0.0,,97,0,2,21,1.563,2025-09-20,2025-10-11,,,Digital items are non-refundable after delivery to the registered account.,-0.0257,8,1,1,train,101
a077158ae1d1,cust_87556,no_evidence,unauthorized,services,5173.43,0,0,0,0.0,0.0,212,2,1,38,1.818,2025-03-13,2025-04-20,,,Service completion notes and customer confirmation emails are retained.,0.1465,2,0,0,train,101
45da5b597831,cust_53955,high_velocity_attack,unauthorized,travel,1325.35,0,0,0,,0.0,0,0,6,10,1.713,2025-02-04,2025-02-14,,,Cancellations follow fare rules. 3DS-authenticated bookings are treated as cardholder-present.,0.0631,1,0,1,train,101
9b09e7ca4ae8,cust_33337,friendly_fraud_long_tenure,item_not_received,digital_goods,10158.82,1,0,1,0.0,1.0,741,1,5,12,2.572,2025-04-13,2025-04-25,TRK142743243,2025-04-16 20:00:00,Digital items are non-refundable after delivery to the registered account.,-0.2192,3,0,1,train,101
2a4746cb194c,cust_72502,no_evidence,item_not_received,services,1137.71,0,0,1,1.0,,65,2,1,5,1.925,2025-06-10,2025-06-15,,,Service completion notes and customer confirmation emails are retained.,0.221,5,0,0,train,101
900c8a7cc4f5,cust_74604,unauthorized_3ds,unauthorized,travel,5077.53,0,0,1,1.0,0.0,286,1,3,15,1.718,2025-08-16,2025-08-31,,,Cancellations follow fare rules. 3DS-authenticated bookings are treated as cardholder-present.,-0.1585,7,0,1,train,101
48f72c1553cd,cust_59290,friendly_fraud_long_tenure,not_as_described,ecommerce,16877.5,0,1,0,1.0,1.0,1117,2,2,26,1.385,2025-07-27,2025-08-22,,,30-day returns on unused goods. Signature on delivery is accepted proof of receipt.,-0.0559,6,1,1,train,101
e06cb95d9967,cust_16584,no_evidence,not_as_described,services,2741.84,0,0,0,,1.0,182,0,3,28,1.125,2025-06-21,2025-07-19,,,Service completion notes and customer confirmation emails are retained.,-0.0295,5,0,0,train,101
1ad17b1adb65,cust_37284,friendly_fraud_long_tenure,item_not_received,subscriptions,2383.43,0,1,0,1.0,0.0,769,4,1,38,1.018,2025-06-08,2025-07-16,,,First billing cycle may be refunded; subsequent cycles require unused-period evidence.,-0.0282,5,0,0,train,101
8a975f6e4662,cust_81819,friendly_fraud_long_tenure,unauthorized,digital_goods,4856.87,0,1,1,1.0,1.0,972,4,2,11,,2025-04-16,2025-04-27,,,Digital items are non-refundable after delivery to the registered account.,0.0318,3,0,1,train,101
9bc64e48dda4,cust_70472,unauthorized_3ds,unauthorized,ecommerce,5064.96,0,1,1,1.0,0.0,532,0,1,12,1.336,2025-02-03,2025-02-15,,,30-day returns on unused goods. Signature on delivery is accepted proof of receipt.,0.1965,1,0,1,train,101
086ddc16bfd9,cust_88398,inr_delivery_confirmed,item_not_received,fashion,1476.01,1,0,1,1.0,1.0,128,0,1,15,0.802,2025-07-06,2025-07-21,TRK161963835,2025-07-08 22:00:00,7-day exchange window. Delivery photo and tracking are retained for 180 days.,-0.2026,6,0,1,train,101
0c631737b33a,cust_56207,high_velocity_attack,unauthorized,ecommerce,1132.94,1,0,0,,0.0,82,1,11,6,2.383,2025-08-23,2025-08-29,TRK294347732,2025-08-24 08:00:00,30-day returns on unused goods. Signature on delivery is accepted proof of receipt.,0.0612,7,1,0,train,101
20e8e2a2cc61,cust_68063,unauthorized_3ds,unauthorized,digital_goods,2150.18,0,1,1,,0.0,225,1,1,20,1.45,2025-06-13,2025-07-03,,,Digital items are non-refundable after delivery to the registered account.,-0.0842,5,0,1,train,101
402e0665d5c4,cust_20013,friendly_fraud_long_tenure,unauthorized,ecommerce,3819.38,0,1,0,1.0,0.0,1008,0,1,7,1.14,2025-06-01,2025-06-08,,,30-day returns on unused goods. Signature on delivery is accepted proof of receipt.,0.0485,5,0,0,train,101
6379046986aa,cust_48615,no_evidence,not_as_described,ecommerce,1381.86,0,0,0,0.0,0.0,26,0,2,5,2.218,2025-04-16,2025-04-21,,,30-day returns on unused goods. Signature on delivery is accepted proof of receipt.,-0.1401,3,0,0,train,101
c1aef49026d5,cust_50177,inr_delivery_confirmed,item_not_received,grocery,2391.41,1,1,1,1.0,1.0,869,0,2,21,0.71,2025-04-16,2025-05-07,TRK854270654,2025-04-18 09:00:00,Perishable goods are non-returnable after delivery confirmation.,0.0679,3,1,0,train,101
48d76fd5774a,cust_20451,inr_delivery_confirmed,item_not_received,ecommerce,3745.05,1,0,1,0.0,1.0,318,0,1,22,1.007,2025-03-22,2025-04-13,TRK941182203,2025-03-25 11:00:00,30-day returns on unused goods. Signature on delivery is accepted proof of receipt.,-0.306,2,0,1,train,101
b0065939a1ff,cust_30854,unauthorized_3ds,unauthorized,digital_goods,5088.43,1,1,1,0.0,1.0,751,0,2,6,2.518,2025-02-23,2025-03-01,TRK179977070,2025-02-25 06:00:00,Digital items are non-refundable after delivery to the registered account.,0.0484,1,0,1,train,101
b7a16af36fa3,cust_47797,no_evidence,not_as_described,ecommerce,2252.1,0,1,0,1.0,0.0,201,3,5,40,0.623,2025-03-21,2025-04-30,,,30-day returns on unused goods. Signature on delivery is accepted proof of receipt.,0.1667,2,0,1,train,101
a92a71155c52,cust_36088,high_velocity_attack,unauthorized,digital_goods,1763.77,0,1,0,0.0,0.0,96,0,9,9,2.566,2025-04-15,2025-04-24,,,Digital items are non-refundable after delivery to the registered account.,0.1924,3,0,0,train,101
93675b4f17c5,cust_98261,friendly_fraud_long_tenure,item_not_received,subscriptions,4531.95,1,0,1,1.0,1.0,1544,2,3,29,0.821,2025-06-10,2025-07-09,TRK550034618,2025-06-13 01:00:00,First billing cycle may be refunded; subsequent cycles require unused-period evidence.,-0.0486,5,0,1,train,101
7048bd67572a,cust_33019,no_evidence,item_not_received,services,1446.37,0,0,0,0.0,0.0,43,2,1,14,1.497,2025-05-17,2025-05-31,,,Service completion notes and customer confirmation emails are retained.,-0.1319,4,0,0,train,101
ff0b367541ea,cust_62947,inr_delivery_confirmed,item_not_received,ecommerce,991.56,1,1,1,1.0,1.0,230,0,1,50,1.32,2025-04-23,2025-06-12,TRK485467707,2025-04-25 16:00:00,30-day returns on unused goods. Signature on delivery is accepted proof of receipt.,0.2284,3,1,1,train,101
8cb4cacdf987,cust_30548,no_evidence,not_as_described,ecommerce,3290.3,0,0,0,0.0,0.0,130,1,2,15,1.521,2025-06-30,2025-07-15,,,30-day returns on unused goods. Signature on delivery is accepted proof of receipt.,-0.0839,6,0,0,train,101
eb8023181f0a,cust_21838,high_velocity_attack,unauthorized,ecommerce,4688.5,0,0,1,0.0,0.0,133,0,3,1,3.271,2025-06-11,2025-06-12,,,30-day returns on unused goods. Signature on delivery is accepted proof of receipt.,-0.1089,5,0,0,train,101
134375128af7,cust_35429,inr_delivery_confirmed,item_not_received,fashion,2437.75,1,1,0,,1.0,7,0,1,18,0.507,2025-04-10,2025-04-28,TRK792825394,2025-04-10 20:00:00,7-day exchange window. Delivery photo and tracking are retained for 180 days.,0.1978,3,0,1,train,101
ec91f41c9fa2,cust_19589,unauthorized_3ds,unauthorized,ecommerce,1768.34,0,1,1,0.0,0.0,649,0,1,10,1.795,2025-05-23,2025-06-02,,,30-day returns on unused goods. Signature on delivery is accepted proof of receipt.,-0.1074,4,0,1,train,101
01f973715ac6,cust_28272,high_velocity_attack,unauthorized,ecommerce,1289.88,1,0,0,0.0,0.0,0,0,5,1,2.512,2025-05-09,2025-05-10,TRK525583904,2025-05-10 00:00:00,30-day returns on unused goods. Signature on delivery is accepted proof of receipt.,-0.1508,4,0,0,train,101
421a8362e6c2,cust_72639,inr_delivery_confirmed,item_not_received,ecommerce,7568.09,1,0,0,1.0,1.0,87,0,1,7,0.986,2025-09-12,2025-09-19,TRK662591332,2025-09-14 03:00:00,30-day returns on unused goods. Signature on delivery is accepted proof of receipt.,-0.0735,8,0,1,train,101
fe5822efbebe,cust_45531,high_velocity_attack,unauthorized,ecommerce,2204.89,1,0,0,0.0,0.0,53,0,9,6,2.333,2025-05-08,2025-05-14,TRK204132076,2025-05-10 19:00:00,30-day returns on unused goods. Signature on delivery is accepted proof of receipt.,-0.1121,4,1,1,train,101
da369ada56df,cust_82452,unauthorized_3ds,unauthorized,digital_goods,4042.77,1,1,1,1.0,0.0,496,0,3,19,1.302,2025-04-25,2025-05-14,TRK541832242,2025-04-27 04:00:00,Digital items are non-refundable after delivery to the registered account.,0.162,3,1,0,train,101
68c841161fa0,cust_42004,unauthorized_3ds,unauthorized,travel,1627.3,0,1,1,1.0,,455,1,1,21,1.359,2025-07-15,2025-08-05,,,Cancellations follow fare rules. 3DS-authenticated bookings are treated as cardholder-present.,-0.0399,6,1,1,train,101
78af9669fea8,cust_69294,no_evidence,unauthorized,ecommerce,3615.3,0,0,0,0.0,0.0,115,3,1,26,1.447,2025-08-16,2025-09-11,,,30-day returns on unused goods. Signature on delivery is accepted proof of receipt.,-0.0549,7,0,0,train,101
9ca0a223c7a8,cust_29708,unauthorized_3ds,unauthorized,digital_goods,1753.83,0,1,1,1.0,1.0,605,0,1,10,0.569,2025-06-21,2025-07-01,,,Digital items are non-refundable after delivery to the registered account.,-0.1239,5,0,1,train,101
4af6a2a987b0,cust_80596,friendly_fraud_long_tenure,not_as_described,fashion,2675.36,1,1,1,0.0,0.0,948,0,1,30,0.57,2025-06-10,2025-07-10,TRK184977545,2025-06-11 10:00:00,7-day exchange window. Delivery photo and tracking are retained for 180 days.,0.1376,5,0,0,train,101
63badb5e7710,cust_78354,unauthorized_3ds,unauthorized,travel,9498.88,1,1,1,1.0,1.0,191,0,3,13,,2025-03-23,2025-04-05,TRK602766106,2025-03-26 11:00:00,Cancellations follow fare rules. 3DS-authenticated bookings are treated as cardholder-present.,0.0248,2,0,1,train,101
d90b92b92092,cust_65396,high_velocity_attack,unauthorized,travel,2003.1,0,0,1,0.0,0.0,99,0,6,11,2.395,2025-03-17,2025-03-28,,,Cancellations follow fare rules. 3DS-authenticated bookings are treated as cardholder-present.,-0.0211,2,0,0,train,101
4f3c3195d814,cust_74713,high_velocity_attack,unauthorized,travel,1262.95,0,0,0,0.0,0.0,137,0,5,13,4.375,2025-07-24,2025-08-06,,,Cancellations follow fare rules. 3DS-authenticated bookings are treated as cardholder-present.,0.0001,6,0,1,train,101
474c4ed067db,cust_32042,unauthorized_3ds,unauthorized,ecommerce,4715.87,1,1,1,1.0,1.0,638,1,1,14,1.757,2025-03-26,2025-04-09,TRK613476268,2025-03-28 07:00:00,30-day returns on unused goods. Signature on delivery is accepted proof of receipt.,-0.0077,2,0,1,train,101
8d3af49799e2,cust_58606,no_evidence,item_not_received,services,6209.82,0,0,0,1.0,,30,0,3,18,0.1,2025-09-13,2025-10-01,,,Service completion notes and customer confirmation emails are retained.,-0.0374,8,0,0,train,101
b3e04766d638,cust_90990,inr_delivery_confirmed,item_not_received,grocery,7233.6,1,1,1,0.0,1.0,242,0,1,2,1.434,2025-02-04,2025-02-06,TRK248900841,2025-02-05 19:00:00,Perishable goods are non-returnable after delivery confirmation.,0.0951,1,0,1,train,101
debef5e922c9,cust_20679,no_evidence,unauthorized,ecommerce,5595.15,0,0,0,0.0,0.0,0,1,3,58,1.749,2025-05-18,2025-07-15,,,30-day returns on unused goods. Signature on delivery is accepted proof of receipt.,-0.023,4,1,1,train,101
218b6117c5cd,cust_35148,inr_delivery_confirmed,item_not_received,ecommerce,3995.79,1,1,0,1.0,0.0,451,2,1,18,1.158,2025-06-13,2025-07-01,TRK193608240,2025-06-16 11:00:00,30-day returns on unused goods. Signature on delivery is accepted proof of receipt.,-0.2399,5,0,1,train,101
f892357cd172,cust_48102,high_velocity_attack,unauthorized,travel,3575.74,1,0,0,0.0,0.0,0,0,7,3,1.265,2025-04-22,2025-04-25,TRK389871509,2025-04-23 11:00:00,Cancellations follow fare rules. 3DS-authenticated bookings are treated as cardholder-present.,-0.098,3,0,0,train,101
a88a2e11b348,cust_28585,high_velocity_attack,unauthorized,digital_goods,2470.02,1,0,0,0.0,0.0,0,0,7,3,2.106,2025-06-12,2025-06-15,TRK976258557,2025-06-12 18:00:00,Digital items are non-refundable after delivery to the registered account.,0.0795,5,0,0,train,101
5a6aa930cd71,cust_83136,friendly_fraud_long_tenure,not_as_described,fashion,3766.24,1,1,0,0.0,0.0,516,1,2,22,0.457,2025-03-08,2025-03-30,TRK263435012,2025-03-09 11:00:00,7-day exchange window. Delivery photo and tracking are retained for 180 days.,0.0821,2,0,1,train,101
e3744a453fba,cust_63947,unauthorized_3ds,unauthorized,ecommerce,4172.38,1,1,1,1.0,0.0,14,1,1,12,1.685,2025-03-26,2025-04-07,TRK160605072,2025-03-27 14:00:00,30-day returns on unused goods. Signature on delivery is accepted proof of receipt.,0.0076,2,0,1,train,101
07d60999e08a,cust_89847,unauthorized_3ds,unauthorized,travel,12215.0,0,1,1,1.0,0.0,14,0,1,6,0.83,2025-06-27,2025-07-03,,,Cancellations follow fare rules. 3DS-authenticated bookings are treated as cardholder-present.,0.0722,5,1,1,train,101
9d127e8e2a09,cust_79410,unauthorized_3ds,unauthorized,travel,8135.65,0,1,0,1.0,0.0,621,0,1,12,,2025-07-04,2025-07-16,,,Cancellations follow fare rules. 3DS-authenticated bookings are treated as cardholder-present.,-0.1163,6,0,1,train,101
c49199b06606,cust_92045,friendly_fraud_long_tenure,unauthorized,subscriptions,8429.76,0,1,1,1.0,0.0,775,2,3,4,0.53,2025-07-30,2025-08-03,,,First billing cycle may be refunded; subsequent cycles require unused-period evidence.,0.0412,7,0,0,train,101
ad8d1dc138d6,cust_78850,unauthorized_3ds,unauthorized,digital_goods,2293.26,1,1,1,1.0,1.0,292,0,1,6,0.262,2025-03-28,2025-04-03,TRK648302380,2025-03-30 08:00:00,Digital items are non-refundable after delivery to the registered account.,0.1308,2,0,1,train,101
ae713d5ff62e,cust_72981,unauthorized_3ds,unauthorized,digital_goods,4170.43,1,1,1,1.0,0.0,131,0,1,5,0.676,2025-05-28,2025-06-02,TRK976700875,2025-05-29 05:00:00,Digital items are non-refundable after delivery to the registered account.,-0.0079,4,0,0,train,101
038111a496aa,cust_24429,friendly_fraud_long_tenure,unauthorized,subscriptions,2827.64,1,0,1,0.0,1.0,1126,0,1,29,1.068,2025-08-23,2025-09-21,TRK995111667,2025-08-24 21:00:00,First billing cycle may be refunded; subsequent cycles require unused-period evidence.,0.0231,7,0,0,train,101
03ad33c7b42b,cust_32341,high_velocity_attack,unauthorized,digital_goods,598.8,1,0,1,0.0,0.0,13,0,6,1,2.46,2025-06-05,2025-06-06,TRK534797308,2025-06-07 00:00:00,Digital items are non-refundable after delivery to the registered account.,-0.1096,5,0,0,train,101
998b40c2f362,cust_20000,friendly_fraud_long_tenure,unauthorized,ecommerce,5708.54,1,0,1,0.0,1.0,508,2,3,33,1.469,2025-08-01,2025-09-03,TRK354126710,2025-08-03 05:00:00,30-day returns on unused goods. Signature on delivery is accepted proof of receipt.,-0.1183,7,0,0,train,101
e91261aec4fd,cust_31572,friendly_fraud_long_tenure,not_as_described,ecommerce,6691.85,1,1,0,1.0,1.0,562,0,2,13,0.692,2025-03-26,2025-04-08,TRK680718166,2025-03-28 17:00:00,30-day returns on unused goods. Signature on delivery is accepted proof of receipt.,0.0888,2,0,0,train,101
4509fbc6be7f,cust_27120,friendly_fraud_long_tenure,not_as_described,digital_goods,4036.14,1,0,0,0.0,1.0,180,5,2,20,0.452,2025-08-14,2025-09-03,TRK257823393,2025-08-17 08:00:00,Digital items are non-refundable after delivery to the registered account.,-0.0142,7,0,0,train,101
a71ca484b4a0,cust_20082,unauthorized_3ds,unauthorized,travel,7172.05,1,1,1,1.0,0.0,478,0,1,6,0.75,2025-06-22,2025-06-28,TRK448613652,2025-06-24 01:00:00,Cancellations follow fare rules. 3DS-authenticated bookings are treated as cardholder-present.,-0.1057,5,0,1,train,101
eb1712c9f0e0,cust_46679,unauthorized_3ds,unauthorized,ecommerce,4987.08,0,1,0,1.0,1.0,217,0,1,14,0.314,2025-08-10,2025-08-24,,,30-day returns on unused goods. Signature on delivery is accepted proof of receipt.,-0.0513,7,0,1,train,101
6679d63ac454,cust_43443,unauthorized_3ds,unauthorized,ecommerce,3322.85,0,1,1,1.0,0.0,289,0,1,13,0.938,2025-06-10,2025-06-23,,,30-day returns on unused goods. Signature on delivery is accepted proof of receipt.,0.0377,5,0,0,train,101
df014381fd1c,cust_59464,unauthorized_3ds,unauthorized,travel,14530.57,0,1,1,0.0,1.0,75,0,2,1,1.041,2025-02-12,2025-02-13,,,Cancellations follow fare rules. 3DS-authenticated bookings are treated as cardholder-present.,-0.0546,1,0,1,train,101
f492398a67f1,cust_48534,no_evidence,not_as_described,digital_goods,3197.61,0,0,0,1.0,0.0,35,0,2,16,2.547,2025-02-24,2025-03-12,,,Digital items are non-refundable after delivery to the registered account.,-0.0489,1,0,0,train,101
c9f4c20b356b,cust_11024,friendly_fraud_long_tenure,unauthorized,ecommerce,2170.12,0,0,0,0.0,0.0,523,2,1,31,0.554,2025-02-14,2025-03-17,,,30-day returns on unused goods. Signature on delivery is accepted proof of receipt.,-0.1239,1,0,0,train,101
52cc3c9d5857,cust_87837,friendly_fraud_long_tenure,item_not_received,digital_goods,1998.71,0,0,1,0.0,,384,0,1,34,1.527,2025-02-11,2025-03-17,,,Digital items are non-refundable after delivery to the registered account.,-0.0532,1,0,1,train,101
ddaee86cc192,cust_41090,no_evidence,unauthorized,services,2615.53,0,0,0,0.0,1.0,153,1,1,79,1.881,2025-02-24,2025-05-14,,,Service completion notes and customer confirmation emails are retained.,-0.2724,1,0,0,train,101
ade212b1c274,cust_55430,unauthorized_3ds,unauthorized,digital_goods,6156.42,0,1,1,1.0,0.0,626,0,1,20,1.585,2025-03-03,2025-03-23,,,Digital items are non-refundable after delivery to the registered account.,-0.0781,2,0,0,train,101
1da547a6c7c3,cust_49614,inr_delivery_confirmed,item_not_received,fashion,2681.45,1,1,1,1.0,1.0,773,0,1,21,0.945,2025-07-09,2025-07-30,TRK357500872,2025-07-10 02:00:00,7-day exchange window. Delivery photo and tracking are retained for 180 days.,0.0893,6,0,0,train,101
059800810b42,cust_47933,unauthorized_3ds,unauthorized,digital_goods,2892.78,0,1,1,1.0,0.0,669,1,2,10,1.464,2025-03-05,2025-03-15,,,Digital items are non-refundable after delivery to the registered account.,0.1106,2,0,1,train,101
845ee3847336,cust_93332,inr_delivery_confirmed,item_not_received,fashion,5905.66,1,1,1,1.0,,559,0,1,27,1.292,2025-05-22,2025-06-18,TRK943042180,2025-05-23 11:00:00,7-day exchange window. Delivery photo and tracking are retained for 180 days.,-0.038,4,0,1,train,101
37067d17fd33,cust_29163,inr_delivery_confirmed,item_not_received,ecommerce,4207.56,1,0,1,1.0,0.0,804,1,1,8,1.127,2025-06-21,2025-06-29,TRK585643329,2025-06-24 10:00:00,30-day returns on unused goods. Signature on delivery is accepted proof of receipt.,-0.0812,5,0,0,train,101
e5257def8279,cust_83868,friendly_fraud_long_tenure,unauthorized,fashion,3903.9,0,1,1,0.0,0.0,715,3,2,32,0.865,2025-04-07,2025-05-09,,,7-day exchange window. Delivery photo and tracking are retained for 180 days.,0.0193,3,0,0,train,101
3b1ab2fbe8a5,cust_29356,inr_delivery_confirmed,item_not_received,fashion,5284.5,1,1,0,1.0,1.0,340,0,1,32,0.57,2025-07-06,2025-08-07,TRK974905937,2025-07-07 07:00:00,7-day exchange window. Delivery photo and tracking are retained for 180 days.,0.0614,6,0,0,train,101
cff64ab74f59,cust_48457,inr_delivery_confirmed,item_not_received,fashion,5503.79,0,1,1,1.0,0.0,645,1,2,23,,2025-09-13,2025-10-06,,,7-day exchange window. Delivery photo and tracking are retained for 180 days.,-0.0467,8,0,1,train,101
ed9b075a1dd5,cust_62296,unauthorized_3ds,unauthorized,ecommerce,2873.15,0,1,1,1.0,0.0,472,0,1,17,1.282,2025-03-18,2025-04-04,,,30-day returns on unused goods. Signature on delivery is accepted proof of receipt.,-0.0127,2,0,1,train,101
9514647d40f5,cust_91366,no_evidence,not_as_described,digital_goods,2608.06,0,0,0,0.0,0.0,217,2,1,47,0.302,2025-05-21,2025-07-07,,,Digital items are non-refundable after delivery to the registered account.,-0.0261,4,0,0,train,101
198b7bc921fc,cust_67908,unauthorized_3ds,unauthorized,digital_goods,4042.73,1,1,1,0.0,0.0,25,1,1,31,1.785,2025-05-17,2025-06-17,TRK514499923,2025-05-20 22:00:00,Digital items are non-refundable after delivery to the registered account.,0.0971,4,0,1,train,101
f96b8f25803f,cust_31051,friendly_fraud_long_tenure,item_not_received,subscriptions,6606.77,1,0,1,,1.0,559,4,1,32,0.362,2025-04-18,2025-05-20,TRK896188422,2025-04-19 18:00:00,First billing cycle may be refunded; subsequent cycles require unused-period evidence.,-0.2456,3,0,1,train,101
4e4dfefb9d76,cust_65636,inr_delivery_confirmed,item_not_received,fashion,2418.06,0,0,1,0.0,0.0,221,1,1,20,1.313,2025-03-11,2025-03-31,,,7-day exchange window. Delivery photo and tracking are retained for 180 days.,-0.0556,2,0,1,train,101
a3de001f8561,cust_63079,unauthorized_3ds,unauthorized,digital_goods,10070.25,1,1,1,1.0,0.0,175,1,2,7,1.46,2025-08-12,2025-08-19,TRK928274650,2025-08-14 07:00:00,Digital items are non-refundable after delivery to the registered account.,0.0256,7,0,1,train,101
bcb5d5076b98,cust_43139,inr_delivery_confirmed,item_not_received,fashion,1638.55,1,0,1,1.0,1.0,606,0,1,6,1.19,2025-05-21,2025-05-27,TRK452233747,2025-05-22 21:00:00,7-day exchange window. Delivery photo and tracking are retained for 180 days.,0.0677,4,0,0,train,101
1c9ed132b01c,cust_30093,no_evidence,unauthorized,digital_goods,3139.58,0,0,0,0.0,0.0,0,0,3,23,2.312,2025-09-07,2025-09-30,,,Digital items are non-refundable after delivery to the registered account.,-0.1346,8,0,0,train,101
becde3585057,cust_37010,unauthorized_3ds,unauthorized,travel,3529.07,0,1,1,0.0,0.0,14,0,1,6,1.934,2025-06-18,2025-06-24,,,Cancellations follow fare rules. 3DS-authenticated bookings are treated as cardholder-present.,-0.1541,5,0,1,train,101
35c736ad31ca,cust_47112,unauthorized_3ds,unauthorized,travel,3897.95,0,1,1,1.0,0.0,518,0,1,17,0.342,2025-02-25,2025-03-14,,,Cancellations follow fare rules. 3DS-authenticated bookings are treated as cardholder-present.,-0.0146,1,0,1,train,101
e6a0aab4cf20,cust_13326,no_evidence,not_as_described,ecommerce,5164.63,0,0,0,0.0,0.0,312,0,4,28,2.47,2025-02-14,2025-03-14,,,30-day returns on unused goods. Signature on delivery is accepted proof of receipt.,-0.0645,1,0,0,train,101
dfae95950a23,cust_42046,unauthorized_3ds,unauthorized,travel,5462.13,1,1,1,1.0,0.0,545,1,1,15,0.496,2025-04-22,2025-05-07,TRK535223059,2025-04-23 18:00:00,Cancellations follow fare rules. 3DS-authenticated bookings are treated as cardholder-present.,-0.0372,3,1,0,train,101
bc2486f58490,cust_22393,friendly_fraud_long_tenure,item_not_received,digital_goods,1989.6,1,1,1,1.0,1.0,631,0,2,10,0.746,2025-05-25,2025-06-04,TRK369627083,2025-05-27 03:00:00,Digital items are non-refundable after delivery to the registered account.,-0.0518,4,0,0,train,101
aa6857ca0bb0,cust_83071,unauthorized_3ds,unauthorized,digital_goods,3333.56,0,1,0,0.0,1.0,456,0,1,12,1.059,2025-09-04,2025-09-16,,,Digital items are non-refundable after delivery to the registered account.,0.0126,8,0,0,train,101
5ed457487274,cust_17852,unauthorized_3ds,unauthorized,travel,2481.51,1,1,0,1.0,0.0,321,0,1,3,1.524,2025-03-10,2025-03-13,TRK676312282,2025-03-12 04:00:00,Cancellations follow fare rules. 3DS-authenticated bookings are treated as cardholder-present.,-0.0385,2,0,1,train,101
f8e34b99623a,cust_78502,friendly_fraud_long_tenure,not_as_described,subscriptions,4456.06,1,1,0,1.0,0.0,1572,1,1,20,1.54,2025-02-06,2025-02-26,TRK829183300,2025-02-09 09:00:00,First billing cycle may be refunded; subsequent cycles require unused-period evidence.,0.0046,1,0,0,train,101
dec3813c5d09,cust_40944,unauthorized_3ds,unauthorized,digital_goods,1340.49,0,1,0,0.0,0.0,269,1,1,12,1.122,2025-08-06,2025-08-18,,,Digital items are non-refundable after delivery to the registered account.,0.1658,7,0,1,train,101
6c00dfc1f4ab,cust_55029,friendly_fraud_long_tenure,unauthorized,subscriptions,8134.12,1,1,0,1.0,0.0,505,2,1,14,1.87,2025-04-13,2025-04-27,TRK145753490,2025-04-15 15:00:00,First billing cycle may be refunded; subsequent cycles require unused-period evidence.,0.0925,3,0,0,train,101
9beb95d8ed6c,cust_77107,unauthorized_3ds,unauthorized,digital_goods,7706.81,1,1,1,1.0,1.0,29,2,1,2,1.12,2025-05-09,2025-05-11,TRK564594934,2025-05-11 10:00:00,Digital items are non-refundable after delivery to the registered account.,0.154,4,0,0,train,101
d8c51b5887c9,cust_64923,unauthorized_3ds,unauthorized,digital_goods,5088.43,0,1,1,1.0,0.0,262,0,1,13,1.943,2025-08-07,2025-08-20,,,Digital items are non-refundable after delivery to the registered account.,0.1927,7,0,1,train,101
1557f9464cae,cust_16259,no_evidence,not_as_described,digital_goods,10188.58,0,0,1,0.0,0.0,0,1,2,17,,2025-04-17,2025-05-04,,,Digital items are non-refundable after delivery to the registered account.,0.0271,3,1,1,train,101
fca50a9baeb4,cust_68272,inr_delivery_confirmed,item_not_received,fashion,2667.99,1,1,1,1.0,1.0,244,0,2,7,0.457,2025-07-06,2025-07-13,TRK934752150,2025-07-08 08:00:00,7-day exchange window. Delivery photo and tracking are retained for 180 days.,0.0179,6,0,0,train,101
bbfdd4b6ab85,cust_49697,unauthorized_3ds,unauthorized,travel,2866.3,1,1,1,1.0,1.0,409,2,1,6,1.352,2025-08-06,2025-08-12,TRK371606592,2025-08-09 17:00:00,Cancellations follow fare rules. 3DS-authenticated bookings are treated as cardholder-present.,0.2406,7,0,0,train,101
124d470347ec,cust_23793,friendly_fraud_long_tenure,item_not_received,subscriptions,2180.61,1,1,1,1.0,0.0,1365,4,1,34,,2025-05-28,2025-07-01,TRK446346950,2025-05-30 11:00:00,First billing cycle may be refunded; subsequent cycles require unused-period evidence.,0.1523,4,0,0,train,101
64e45d14bf86,cust_96994,friendly_fraud_long_tenure,unauthorized,fashion,2673.17,1,0,0,0.0,1.0,689,2,1,27,1.462,2025-03-20,2025-04-16,TRK164156839,2025-03-23 23:00:00,7-day exchange window. Delivery photo and tracking are retained for 180 days.,0.0549,2,0,1,train,101
11bea1b52d08,cust_74270,friendly_fraud_long_tenure,item_not_received,subscriptions,2380.13,1,1,1,0.0,1.0,1181,1,1,18,2.366,2025-07-09,2025-07-27,TRK180449485,2025-07-10 08:00:00,First billing cycle may be refunded; subsequent cycles require unused-period evidence.,0.0686,6,1,0,train,101
e2711ec2ab65,cust_40555,friendly_fraud_long_tenure,unauthorized,subscriptions,1846.21,1,0,1,1.0,1.0,1126,2,1,30,1.785,2025-08-21,2025-09-20,TRK880663312,2025-08-24 09:00:00,First billing cycle may be refunded; subsequent cycles require unused-period evidence.,0.1004,7,0,1,train,101
2a06d437933a,cust_11931,inr_delivery_confirmed,item_not_received,grocery,1227.28,1,0,1,0.0,1.0,181,2,1,27,0.537,2025-07-12,2025-08-08,TRK300820980,2025-07-15 16:00:00,Perishable goods are non-returnable after delivery confirmation.,-0.1396,6,0,1,train,101
b216322e8bc9,cust_85197,friendly_fraud_long_tenure,unauthorized,digital_goods,5712.66,0,1,1,0.0,,761,3,1,23,,2025-06-19,2025-07-12,,,Digital items are non-refundable after delivery to the registered account.,-0.0695,5,0,0,train,101
a7f9802eba50,cust_85924,no_evidence,not_as_described,digital_goods,7488.53,0,0,0,0.0,0.0,44,4,2,22,1.59,2025-07-10,2025-08-01,,,Digital items are non-refundable after delivery to the registered account.,-0.2058,6,0,0,train,101
45527dfc1fd5,cust_76912,high_velocity_attack,unauthorized,ecommerce,2889.54,0,0,0,0.0,,85,0,2,6,2.787,2025-09-04,2025-09-10,,,30-day returns on unused goods. Signature on delivery is accepted proof of receipt.,0.0585,8,0,0,train,101
16db43977f13,cust_93548,unauthorized_3ds,unauthorized,travel,5843.04,1,1,1,,1.0,299,0,1,2,0.219,2025-04-27,2025-04-29,TRK652232392,2025-04-29 17:00:00,Cancellations follow fare rules. 3DS-authenticated bookings are treated as cardholder-present.,-0.0111,3,0,0,train,101
d9a24e3e1dc3,cust_43970,unauthorized_3ds,unauthorized,digital_goods,4146.16,0,0,1,1.0,1.0,806,0,1,2,1.925,2025-07-14,2025-07-16,,,Digital items are non-refundable after delivery to the registered account.,-0.1498,6,0,0,train,101
7137b5959034,cust_74069,unauthorized_3ds,unauthorized,travel,4499.06,0,1,1,1.0,0.0,800,0,1,5,1.721,2025-03-09,2025-03-14,,,Cancellations follow fare rules. 3DS-authenticated bookings are treated as cardholder-present.,0.0179,2,0,0,train,101
ff1e88862c97,cust_33159,inr_delivery_confirmed,item_not_received,grocery,2606.12,1,1,0,1.0,1.0,258,1,1,17,0.448,2025-07-12,2025-07-29,TRK903653218,2025-07-14 17:00:00,Perishable goods are non-returnable after delivery confirmation.,0.0484,6,0,1,train,101
882bd0ed17b7,cust_94999,no_evidence,not_as_described,services,5338.1,0,0,0,0.0,0.0,0,0,1,29,2.239,2025-05-06,2025-06-04,,,Service completion notes and customer confirmation emails are retained.,-0.0213,4,0,1,train,101
bf0ea2ad7a03,cust_15878,no_evidence,not_as_described,ecommerce,3631.49,0,1,0,1.0,0.0,108,1,2,26,3.38,2025-04-07,2025-05-03,,,30-day returns on unused goods. Signature on delivery is accepted proof of receipt.,-0.2198,3,0,0,train,101
10a4f72be26b,cust_56940,inr_delivery_confirmed,item_not_received,ecommerce,1218.4,1,0,1,1.0,1.0,244,0,1,26,0.812,2025-08-30,2025-09-25,TRK853480031,2025-09-02 22:00:00,30-day returns on unused goods. Signature on delivery is accepted proof of receipt.,0.0193,8,0,0,train,101
f15be05f1174,cust_96644,friendly_fraud_long_tenure,not_as_described,ecommerce,1652.88,1,1,1,1.0,1.0,1141,1,3,7,0.336,2025-06-17,2025-06-24,TRK239895632,2025-06-18 00:00:00,30-day returns on unused goods. Signature on delivery is accepted proof of receipt.,0.1015,5,0,1,train,101
82fb8b1af5c3,cust_63491,high_velocity_attack,unauthorized,digital_goods,1331.0,1,0,0,0.0,0.0,76,2,6,1,3.328,2025-07-11,2025-07-12,TRK157238599,2025-07-11 21:00:00,Digital items are non-refundable after delivery to the registered account.,0.0531,6,0,0,train,101
1daf9af3d76b,cust_20680,no_evidence,item_not_received,ecommerce,2520.11,0,1,0,0.0,0.0,0,0,4,7,1.099,2025-02-10,2025-02-17,,,30-day returns on unused goods. Signature on delivery is accepted proof of receipt.,-0.0936,1,0,0,train,101
b3824c03e423,cust_75754,inr_delivery_confirmed,item_not_received,ecommerce,3062.45,1,1,1,1.0,1.0,530,0,1,2,,2025-09-17,2025-09-19,TRK841357929,2025-09-18 19:00:00,30-day returns on unused goods. Signature on delivery is accepted proof of receipt.,0.0636,8,0,1,train,101
6cff4727ed64,cust_63162,no_evidence,not_as_described,services,9987.23,1,0,0,0.0,0.0,144,0,5,31,0.903,2025-04-04,2025-05-05,TRK204263398,2025-04-07 03:00:00,Service completion notes and customer confirmation emails are retained.,-0.075,3,0,0,train,101
44200d7ff515,cust_78152,no_evidence,unauthorized,digital_goods,3321.18,0,0,0,0.0,0.0,46,1,3,24,0.1,2025-04-11,2025-05-05,,,Digital items are non-refundable after delivery to the registered account.,-0.1324,3,0,0,train,101
04bc846250f4,cust_79901,friendly_fraud_long_tenure,not_as_described,fashion,9168.4,0,0,0,1.0,0.0,965,4,1,9,1.365,2025-08-25,2025-09-03,,,7-day exchange window. Delivery photo and tracking are retained for 180 days.,0.1014,7,0,0,train,101
fbba3939d5bb,cust_79697,high_velocity_attack,unauthorized,ecommerce,1574.24,0,1,0,,0.0,120,0,12,10,2.766,2025-07-31,2025-08-10,,,30-day returns on unused goods. Signature on delivery is accepted proof of receipt.,0.0824,7,0,0,train,101
01eb7e0cb847,cust_11485,friendly_fraud_long_tenure,not_as_described,digital_goods,3257.49,1,0,0,1.0,,1187,1,1,34,1.218,2025-09-05,2025-10-09,TRK181732074,2025-09-05 23:00:00,Digital items are non-refundable after delivery to the registered account.,0.1114,8,1,1,train,101
692e3df11a82,cust_60979,no_evidence,item_not_received,services,3411.55,0,0,0,0.0,0.0,217,0,2,34,1.454,2025-03-07,2025-04-10,,,Service completion notes and customer confirmation emails are retained.,0.0775,2,0,0,train,101
0eb03f54919a,cust_28147,inr_delivery_confirmed,item_not_received,grocery,2996.11,1,0,1,1.0,1.0,413,1,1,15,0.593,2025-07-26,2025-08-10,TRK207416401,2025-07-27 00:00:00,Perishable goods are non-returnable after delivery confirmation.,0.0009,6,0,1,train,101
ab6845f74603,cust_91960,inr_delivery_confirmed,item_not_received,fashion,4179.96,1,1,1,1.0,1.0,881,0,2,5,0.44,2025-06-08,2025-06-13,TRK118720848,2025-06-10 19:00:00,7-day exchange window. Delivery photo and tracking are retained for 180 days.,-0.2397,5,0,1,train,101
4c7ce8795c22,cust_51231,high_velocity_attack,unauthorized,ecommerce,1137.26,0,1,0,0.0,0.0,92,0,8,9,1.89,2025-06-05,2025-06-14,,,30-day returns on unused goods. Signature on delivery is accepted proof of receipt.,-0.0207,5,0,0,train,101
0e8c9a525579,cust_94278,friendly_fraud_long_tenure,item_not_received,digital_goods,2790.82,0,0,0,,1.0,725,1,2,21,3.174,2025-02-06,2025-02-27,,,Digital items are non-refundable after delivery to the registered account.,-0.1116,1,0,1,train,101
d019935fb7c5,cust_80534,inr_delivery_confirmed,item_not_received,ecommerce,1693.74,1,1,1,1.0,1.0,771,0,1,20,1.22,2025-06-01,2025-06-21,TRK528492861,2025-06-03 04:00:00,30-day returns on unused goods. Signature on delivery is accepted proof of receipt.,0.0394,5,0,1,train,101
81b7def42cac,cust_85645,high_velocity_attack,unauthorized,digital_goods,2199.22,0,0,0,0.0,,101,0,19,4,3.846,2025-09-04,2025-09-08,,,Digital items are non-refundable after delivery to the registered account.,-0.1148,8,0,0,train,101
eabe1ea06e82,cust_38150,friendly_fraud_long_tenure,item_not_received,ecommerce,4438.93,0,0,0,1.0,1.0,1167,2,2,31,1.388,2025-06-04,2025-07-05,,,30-day returns on unused goods. Signature on delivery is accepted proof of receipt.,0.2952,5,0,0,train,101
d93a386c6910,cust_54138,high_velocity_attack,unauthorized,ecommerce,623.11,0,0,1,0.0,0.0,68,0,4,8,1.895,2025-07-27,2025-08-04,,,30-day returns on unused goods. Signature on delivery is accepted proof of receipt.,-0.0176,6,0,0,train,101
cc97150f3ac0,cust_54001,unauthorized_3ds,unauthorized,travel,6564.41,1,1,1,0.0,0.0,333,0,3,13,1.823,2025-08-07,2025-08-20,TRK282508491,2025-08-10 01:00:00,Cancellations follow fare rules. 3DS-authenticated bookings are treated as cardholder-present.,0.1574,7,1,1,train,101
17ca1e2e1ab4,cust_85855,unauthorized_3ds,unauthorized,digital_goods,6170.73,1,1,0,0.0,1.0,153,1,1,8,1.214,2025-07-02,2025-07-10,TRK819717688,2025-07-05 04:00:00,Digital items are non-refundable after delivery to the registered account.,0.3759,6,0,1,train,101
c27cb1187cdf,cust_14574,friendly_fraud_long_tenure,item_not_received,digital_goods,2757.77,0,0,0,0.0,1.0,824,0,1,13,1.571,2025-02-27,2025-03-12,,,Digital items are non-refundable after delivery to the registered account.,0.0995,1,0,1,train,101
b06528cec2d3,cust_33398,inr_delivery_confirmed,item_not_received,fashion,1840.13,1,1,1,1.0,1.0,513,1,2,16,0.738,2025-09-06,2025-09-22,TRK321639461,2025-09-07 03:00:00,7-day exchange window. Delivery photo and tracking are retained for 180 days.,0.0724,8,0,0,train,101
63bdaa52b2df,cust_94253,friendly_fraud_long_tenure,item_not_received,fashion,7192.4,1,0,0,0.0,,580,0,1,23,,2025-02-08,2025-03-03,TRK461092768,2025-02-11 02:00:00,7-day exchange window. Delivery photo and tracking are retained for 180 days.,0.0789,1,0,0,train,101
a979218cb870,cust_12924,friendly_fraud_long_tenure,item_not_received,fashion,3698.56,0,0,0,1.0,,1288,1,1,15,1.416,2025-08-09,2025-08-24,,,7-day exchange window. Delivery photo and tracking are retained for 180 days.,0.0669,7,0,1,train,101
9d8c6f9d64fe,cust_69295,no_evidence,not_as_described,ecommerce,7467.25,0,0,0,0.0,0.0,102,0,1,36,0.765,2025-08-24,2025-09-29,,,30-day returns on unused goods. Signature on delivery is accepted proof of receipt.,-0.1031,7,0,0,train,101
53bd1c7dba05,cust_15505,inr_delivery_confirmed,item_not_received,grocery,3575.74,1,0,1,1.0,1.0,489,0,2,35,0.943,2025-04-18,2025-05-23,TRK540366579,2025-04-20 23:00:00,Perishable goods are non-returnable after delivery confirmation.,0.098,3,0,1,train,101
5c85860dcd46,cust_96158,inr_delivery_confirmed,item_not_received,fashion,2020.83,1,1,1,1.0,0.0,818,0,2,24,1.34,2025-08-23,2025-09-16,TRK925203175,2025-08-26 02:00:00,7-day exchange window. Delivery photo and tracking are retained for 180 days.,0.049,7,0,0,train,101
7f3f380406ff,cust_23801,no_evidence,not_as_described,services,1676.38,0,1,0,1.0,0.0,146,1,1,5,1.304,2025-05-09,2025-05-14,,,Service completion notes and customer confirmation emails are retained.,-0.1536,4,0,0,train,101
7fc6983d2f10,cust_73365,friendly_fraud_long_tenure,not_as_described,subscriptions,5895.52,1,0,1,1.0,,882,0,2,18,2.14,2025-08-14,2025-09-01,TRK820259900,2025-08-17 08:00:00,First billing cycle may be refunded; subsequent cycles require unused-period evidence.,-0.0236,7,0,1,train,101
b1639397ee93,cust_57531,no_evidence,unauthorized,ecommerce,9903.28,0,0,1,0.0,1.0,0,1,2,51,0.841,2025-03-05,2025-04-25,,,30-day returns on unused goods. Signature on delivery is accepted proof of receipt.,0.0018,2,0,0,train,101
af84099de12a,cust_49379,high_velocity_attack,unauthorized,digital_goods,2254.62,0,0,0,0.0,0.0,73,0,8,7,3.766,2025-05-10,2025-05-17,,,Digital items are non-refundable after delivery to the registered account.,-0.0964,4,0,1,train,101
4773ddaea0b6,cust_32590,unauthorized_3ds,unauthorized,ecommerce,713.31,1,1,1,1.0,0.0,198,1,2,1,0.662,2025-07-13,2025-07-14,TRK338682365,2025-07-14 03:00:00,30-day returns on unused goods. Signature on delivery is accepted proof of receipt.,0.0184,6,0,1,train,101
fc5cca25fee6,cust_28173,no_evidence,not_as_described,ecommerce,1714.87,0,0,1,0.0,1.0,0,0,4,31,,2025-08-03,2025-09-03,,,30-day returns on unused goods. Signature on delivery is accepted proof of receipt.,0.0642,7,0,0,train,101
812cf1069106,cust_67012,high_velocity_attack,unauthorized,travel,10135.96,0,0,1,1.0,0.0,100,0,3,6,1.774,2025-07-18,2025-07-24,,,Cancellations follow fare rules. 3DS-authenticated bookings are treated as cardholder-present.,0.0584,6,0,0,train,101
f1f808cd0011,cust_99030,high_velocity_attack,unauthorized,travel,466.21,1,0,0,0.0,0.0,91,0,14,3,2.588,2025-05-22,2025-05-25,TRK486261193,2025-05-25 09:00:00,Cancellations follow fare rules. 3DS-authenticated bookings are treated as cardholder-present.,0.1426,4,1,1,train,101
b9d6d6236cb7,cust_32560,unauthorized_3ds,unauthorized,travel,9284.29,0,1,0,1.0,1.0,497,0,1,6,,2025-02-25,2025-03-03,,,Cancellations follow fare rules. 3DS-authenticated bookings are treated as cardholder-present.,0.2043,1,0,1,train,101
6975358142d9,cust_72727,unauthorized_3ds,unauthorized,ecommerce,4029.15,0,1,1,0.0,1.0,14,1,2,1,0.829,2025-06-12,2025-06-13,,,30-day returns on unused goods. Signature on delivery is accepted proof of receipt.,0.0817,5,0,1,train,101
14f0d673b61c,cust_20697,unauthorized_3ds,unauthorized,digital_goods,2012.41,0,1,1,1.0,0.0,289,0,1,21,1.267,2025-04-16,2025-05-07,,,Digital items are non-refundable after delivery to the registered account.,-0.0027,3,0,1,train,101
be710cec4e19,cust_76455,friendly_fraud_long_tenure,not_as_described,ecommerce,3810.54,0,1,1,1.0,1.0,547,2,3,11,0.104,2025-08-19,2025-08-30,,,30-day returns on unused goods. Signature on delivery is accepted proof of receipt.,0.3145,7,0,0,train,101
aba9a6ad44ca,cust_64989,inr_delivery_confirmed,item_not_received,grocery,2492.11,1,1,1,,1.0,306,0,1,13,0.624,2025-09-20,2025-10-03,TRK597390878,2025-09-23 07:00:00,Perishable goods are non-returnable after delivery confirmation.,-0.0949,8,0,1,train,101
60a538b47f0d,cust_90758,unauthorized_3ds,unauthorized,digital_goods,3170.83,1,1,1,0.0,1.0,701,1,1,5,1.634,2025-07-12,2025-07-17,TRK188249772,2025-07-15 00:00:00,Digital items are non-refundable after delivery to the registered account.,-0.1108,6,0,0,train,101
a8854ecfbb23,cust_26069,inr_delivery_confirmed,item_not_received,fashion,2668.68,0,0,0,0.0,0.0,478,0,1,12,0.555,2025-08-23,2025-09-04,,,7-day exchange window. Delivery photo and tracking are retained for 180 days.,-0.1224,7,0,1,train,101
1f92e4cedc50,cust_28265,friendly_fraud_long_tenure,not_as_described,ecommerce,10123.91,1,1,0,1.0,1.0,1395,4,1,29,0.301,2025-02-08,2025-03-09,TRK995644638,2025-02-11 03:00:00,30-day returns on unused goods. Signature on delivery is accepted proof of receipt.,-0.0843,1,0,1,train,101
416ab3f4506c,cust_90030,friendly_fraud_long_tenure,unauthorized,ecommerce,4381.63,1,1,1,1.0,1.0,1225,2,1,39,0.43,2025-01-31,2025-03-11,TRK756171807,2025-02-03 16:00:00,30-day returns on unused goods. Signature on delivery is accepted proof of receipt.,0.1062,1,0,1,train,101
f5febb85fbc3,cust_15213,unauthorized_3ds,unauthorized,travel,1527.32,0,1,1,1.0,0.0,709,0,2,11,1.31,2025-05-10,2025-05-21,,,Cancellations follow fare rules. 3DS-authenticated bookings are treated as cardholder-present.,0.0162,4,0,1,train,101
59af1eab95b2,cust_63922,inr_delivery_confirmed,item_not_received,grocery,2657.29,1,1,1,1.0,1.0,803,2,1,19,,2025-02-01,2025-02-20,TRK282059933,2025-02-04 00:00:00,Perishable goods are non-returnable after delivery confirmation.,-0.0823,1,0,1,train,101
c468890a6816,cust_25681,unauthorized_3ds,unauthorized,digital_goods,1482.05,1,0,1,1.0,0.0,540,3,2,9,1.606,2025-05-14,2025-05-23,TRK584150499,2025-05-15 13:00:00,Digital items are non-refundable after delivery to the registered account.,0.2299,4,1,0,train,101
befa3d0c188e,cust_65036,inr_delivery_confirmed,item_not_received,grocery,4549.18,1,0,0,0.0,1.0,309,2,2,23,1.331,2025-09-01,2025-09-24,TRK525022153,2025-09-01 21:00:00,Perishable goods are non-returnable after delivery confirmation.,-0.1769,8,0,1,train,101
87c89abe89a0,cust_40699,unauthorized_3ds,unauthorized,travel,7057.22,1,1,1,1.0,0.0,761,0,1,13,0.431,2025-02-21,2025-03-06,TRK324684800,2025-02-22 13:00:00,Cancellations follow fare rules. 3DS-authenticated bookings are treated as cardholder-present.,0.0656,1,0,0,train,101
6090121516e7,cust_96491,inr_delivery_confirmed,item_not_received,ecommerce,4050.54,1,0,1,1.0,1.0,429,1,1,17,1.345,2025-05-28,2025-06-14,TRK420311256,2025-05-31 01:00:00,30-day returns on unused goods. Signature on delivery is accepted proof of receipt.,0.0913,4,0,1,train,101
ef611e683ed4,cust_63268,friendly_fraud_long_tenure,not_as_described,digital_goods,2356.15,0,1,0,1.0,1.0,1013,1,2,3,2.442,2025-06-02,2025-06-05,,,Digital items are non-refundable after delivery to the registered account.,-0.0357,5,0,0,train,101
2786c1a3eb14,cust_34912,friendly_fraud_long_tenure,item_not_received,fashion,2231.89,1,0,1,1.0,1.0,450,1,2,11,2.029,2025-05-06,2025-05-17,TRK281155173,2025-05-07 02:00:00,7-day exchange window. Delivery photo and tracking are retained for 180 days.,0.0592,4,0,0,train,101
8e00f74687dd,cust_18384,high_velocity_attack,unauthorized,travel,2100.27,0,0,0,0.0,0.0,11,0,7,4,1.738,2025-02-02,2025-02-06,,,Cancellations follow fare rules. 3DS-authenticated bookings are treated as cardholder-present.,-0.0754,1,0,0,train,101
9c5ba5c18e81,cust_42089,no_evidence,unauthorized,services,10476.68,0,0,0,0.0,0.0,249,0,2,5,1.467,2025-09-07,2025-09-12,,,Service completion notes and customer confirmation emails are retained.,0.1245,8,1,1,train,101
16609853e3ba,cust_16957,friendly_fraud_long_tenure,not_as_described,fashion,3559.55,1,0,1,1.0,1.0,604,3,2,24,1.097,2025-02-23,2025-03-19,TRK889016229,2025-02-26 11:00:00,7-day exchange window. Delivery photo and tracking are retained for 180 days.,0.2654,1,0,0,train,101
94e875431c4d,cust_78553,high_velocity_attack,unauthorized,digital_goods,2365.53,0,0,0,0.0,1.0,0,0,9,1,5.189,2025-08-20,2025-08-21,,,Digital items are non-refundable after delivery to the registered account.,0.0011,7,0,1,train,101
8ff526cbdb04,cust_60182,unauthorized_3ds,unauthorized,travel,2686.32,0,1,0,1.0,1.0,14,1,3,1,0.816,2025-07-10,2025-07-11,,,Cancellations follow fare rules. 3DS-authenticated bookings are treated as cardholder-present.,-0.0509,6,0,1,train,101
961fac81b305,cust_81624,unauthorized_3ds,unauthorized,ecommerce,11997.04,1,0,1,1.0,1.0,174,0,2,1,1.179,2025-08-12,2025-08-13,TRK604805600,2025-08-13 00:00:00,30-day returns on unused goods. Signature on delivery is accepted proof of receipt.,-0.136,7,0,0,train,101
8fe3357950a1,cust_92706,friendly_fraud_long_tenure,item_not_received,fashion,1286.47,1,0,1,1.0,0.0,916,2,1,23,1.155,2025-07-11,2025-08-03,TRK537030435,2025-07-14 15:00:00,7-day exchange window. Delivery photo and tracking are retained for 180 days.,0.1356,6,0,0,train,101
34b64ab3459e,cust_25255,friendly_fraud_long_tenure,unauthorized,fashion,14892.23,1,1,0,1.0,1.0,1185,2,1,22,1.676,2025-02-01,2025-02-23,TRK349693947,2025-02-03 04:00:00,7-day exchange window. Delivery photo and tracking are retained for 180 days.,0.0635,1,0,1,train,101
c9e1476be763,cust_52616,unauthorized_3ds,unauthorized,digital_goods,4402.33,0,1,1,1.0,0.0,777,0,4,21,2.054,2025-05-24,2025-06-14,,,Digital items are non-refundable after delivery to the registered account.,0.1127,4,0,1,train,101
dd43fd821329,cust_19578,no_evidence,unauthorized,digital_goods,2512.82,0,0,0,1.0,0.0,0,2,2,13,0.766,2025-08-06,2025-08-19,,,Digital items are non-refundable after delivery to the registered account.,0.0856,7,0,0,train,101
1ca763de2941,cust_44255,friendly_fraud_long_tenure,not_as_described,ecommerce,6320.2,1,0,0,1.0,0.0,351,3,2,33,1.049,2025-09-02,2025-10-05,TRK375587741,2025-09-03 06:00:00,30-day returns on unused goods. Signature on delivery is accepted proof of receipt.,0.0633,8,0,0,train,101
7ae506aef1af,cust_44459,no_evidence,unauthorized,digital_goods,4078.37,0,0,0,,,30,1,2,18,,2025-05-03,2025-05-21,,,Digital items are non-refundable after delivery to the registered account.,-0.1031,4,0,0,train,101
f6333afd08d0,cust_77961,friendly_fraud_long_tenure,unauthorized,digital_goods,7041.29,0,1,0,0.0,,180,1,2,11,0.848,2025-03-15,2025-03-26,,,Digital items are non-refundable after delivery to the registered account.,0.1455,2,0,0,train,101
16b5a6cfaa34,cust_80859,inr_delivery_confirmed,item_not_received,fashion,3505.54,1,1,1,1.0,1.0,784,0,1,13,,2025-03-07,2025-03-20,TRK196256254,2025-03-10 02:00:00,7-day exchange window. Delivery photo and tracking are retained for 180 days.,-0.2836,2,0,0,train,101
5096314320f6,cust_17754,inr_delivery_confirmed,item_not_received,fashion,3116.9,1,1,1,0.0,1.0,681,2,2,36,,2025-05-17,2025-06-22,TRK297601971,2025-05-18 07:00:00,7-day exchange window. Delivery photo and tracking are retained for 180 days.,-0.0373,4,0,0,train,101
9423b243e821,cust_74932,inr_delivery_confirmed,item_not_received,grocery,1625.7,1,1,0,1.0,1.0,630,0,1,28,0.75,2025-04-01,2025-04-29,TRK479251680,2025-04-04 20:00:00,Perishable goods are non-returnable after delivery confirmation.,-0.1201,3,0,1,train,101
19996787cbe6,cust_98416,friendly_fraud_long_tenure,item_not_received,digital_goods,4793.66,0,1,0,1.0,1.0,741,0,1,14,0.409,2025-02-11,2025-02-25,,,Digital items are non-refundable after delivery to the registered account.,0.1024,1,0,0,train,101
e61b29f64e2a,cust_95318,high_velocity_attack,unauthorized,digital_goods,1200.56,0,0,0,0.0,1.0,72,0,6,12,3.644,2025-02-06,2025-02-18,,,Digital items are non-refundable after delivery to the registered account.,-0.024,1,0,0,train,101
5bc4d21871f9,cust_26884,high_velocity_attack,unauthorized,digital_goods,3882.91,0,0,0,0.0,1.0,0,0,11,3,1.695,2025-04-08,2025-04-11,,,Digital items are non-refundable after delivery to the registered account.,0.0786,3,0,0,train,101
f7ed61451ea5,cust_69725,friendly_fraud_long_tenure,not_as_described,ecommerce,9534.53,0,1,1,1.0,0.0,322,1,2,25,1.919,2025-08-07,2025-09-01,,,30-day returns on unused goods. Signature on delivery is accepted proof of receipt.,-0.1564,7,0,1,train,101
1afc069f3e22,cust_17719,inr_delivery_confirmed,item_not_received,grocery,1878.1,0,0,0,0.0,1.0,522,2,2,18,0.789,2025-09-25,2025-10-13,,,Perishable goods are non-returnable after delivery confirmation.,-0.2708,8,0,0,train,101
04453a3facdc,cust_67587,friendly_fraud_long_tenure,unauthorized,fashion,4629.57,0,1,0,0.0,1.0,865,0,1,20,2.569,2025-03-08,2025-03-28,,,7-day exchange window. Delivery photo and tracking are retained for 180 days.,0.0731,2,0,0,train,101
2223cb0030b2,cust_82122,inr_delivery_confirmed,item_not_received,fashion,873.1,1,0,1,0.0,1.0,661,1,1,7,0.609,2025-05-21,2025-05-28,TRK631677028,2025-05-22 13:00:00,7-day exchange window. Delivery photo and tracking are retained for 180 days.,-0.0648,4,0,1,train,101
938780598b82,cust_32980,unauthorized_3ds,unauthorized,ecommerce,2360.29,0,0,1,1.0,0.0,443,0,1,1,0.831,2025-02-23,2025-02-24,,,30-day returns on unused goods. Signature on delivery is accepted proof of receipt.,-0.0392,1,0,1,train,101
bcb56f34708f,cust_85064,inr_delivery_confirmed,item_not_received,fashion,4580.26,1,0,0,1.0,1.0,452,0,1,27,0.628,2025-08-25,2025-09-21,TRK778134931,2025-08-26 22:00:00,7-day exchange window. Delivery photo and tracking are retained for 180 days.,0.1279,7,0,1,train,101
01c58c5ee33f,cust_41371,no_evidence,item_not_received,digital_goods,3117.86,0,0,0,0.0,0.0,168,1,2,38,0.852,2025-07-26,2025-09-02,,,Digital items are non-refundable after delivery to the registered account.,0.2153,6,0,0,train,101
13d990a30f44,cust_81397,no_evidence,not_as_described,digital_goods,4680.64,0,0,0,1.0,0.0,114,1,1,65,0.113,2025-05-31,2025-08-04,,,Digital items are non-refundable after delivery to the registered account.,-0.0883,5,1,1,train,101
5439d04e85b4,cust_75020,high_velocity_attack,unauthorized,digital_goods,1154.27,1,0,1,0.0,0.0,48,1,4,9,3.095,2025-04-22,2025-05-01,TRK981858286,2025-04-24 16:00:00,Digital items are non-refundable after delivery to the registered account.,0.0988,3,0,0,train,101
2cf0280c9455,cust_11862,friendly_fraud_long_tenure,unauthorized,subscriptions,5859.45,1,1,0,0.0,0.0,561,3,1,25,0.897,2025-05-06,2025-05-31,TRK686571147,2025-05-08 23:00:00,First billing cycle may be refunded; subsequent cycles require unused-period evidence.,0.0137,4,0,1,train,101
525e99f599f3,cust_89564,inr_delivery_confirmed,item_not_received,ecommerce,4104.56,0,0,1,1.0,1.0,378,0,1,23,0.666,2025-02-23,2025-03-18,,,30-day returns on unused goods. Signature on delivery is accepted proof of receipt.,0.0963,1,0,1,train,101
23c774fc1f87,cust_28188,high_velocity_attack,unauthorized,ecommerce,1771.35,0,0,0,1.0,1.0,79,0,9,5,2.426,2025-04-01,2025-04-06,,,30-day returns on unused goods. Signature on delivery is accepted proof of receipt.,0.043,3,0,0,train,101
4acf69353333,cust_65559,friendly_fraud_long_tenure,not_as_described,ecommerce,6552.2,0,0,0,0.0,1.0,1361,2,1,20,0.623,2025-04-14,2025-05-04,,,30-day returns on unused goods. Signature on delivery is accepted proof of receipt.,0.0781,3,0,0,train,101
f1f548bb60e5,cust_76997,friendly_fraud_long_tenure,not_as_described,fashion,6292.49,0,1,0,1.0,0.0,750,3,1,15,0.969,2025-03-06,2025-03-21,,,7-day exchange window. Delivery photo and tracking are retained for 180 days.,0.1754,2,0,0,train,101
b63e883b4049,cust_90312,inr_delivery_confirmed,item_not_received,grocery,7785.32,1,0,1,,1.0,712,2,2,24,0.847,2025-07-14,2025-08-07,TRK882904314,2025-07-17 07:00:00,Perishable goods are non-returnable after delivery confirmation.,-0.1405,6,0,1,train,101
3eba20f009d1,cust_92655,no_evidence,item_not_received,digital_goods,2142.04,0,0,0,0.0,0.0,256,3,1,51,2.27,2025-07-01,2025-08-21,,,Digital items are non-refundable after delivery to the registered account.,-0.1465,6,1,1,train,101
0677af07f262,cust_58526,unauthorized_3ds,unauthorized,digital_goods,3790.54,1,1,1,1.0,0.0,571,1,1,7,2.0,2025-09-15,2025-09-22,TRK553016299,2025-09-16 06:00:00,Digital items are non-refundable after delivery to the registered account.,0.0614,8,0,0,train,101
9073db98b2b3,cust_35239,unauthorized_3ds,unauthorized,travel,2123.09,0,1,0,1.0,0.0,230,0,1,19,1.554,2025-03-02,2025-03-21,,,Cancellations follow fare rules. 3DS-authenticated bookings are treated as cardholder-present.,-0.1381,2,0,1,train,101
ff59398352a6,cust_33409,friendly_fraud_long_tenure,unauthorized,subscriptions,3879.34,1,0,0,1.0,0.0,883,1,2,17,1.374,2025-09-02,2025-09-19,TRK521509211,2025-09-05 05:00:00,First billing cycle may be refunded; subsequent cycles require unused-period evidence.,-0.1296,8,0,0,train,101
6a9195e83b1a,cust_15081,inr_delivery_confirmed,item_not_received,fashion,3836.43,1,1,1,0.0,1.0,429,0,1,22,1.542,2025-05-11,2025-06-02,TRK319874127,2025-05-14 15:00:00,7-day exchange window. Delivery photo and tracking are retained for 180 days.,0.211,4,0,1,train,101
eeb30c76631b,cust_49322,unauthorized_3ds,unauthorized,digital_goods,1689.86,1,1,1,1.0,0.0,441,0,1,1,1.087,2025-09-03,2025-09-04,TRK649715612,2025-09-05 20:00:00,Digital items are non-refundable after delivery to the registered account.,0.012,8,0,1,train,101
a253bb45dde6,cust_74646,friendly_fraud_long_tenure,not_as_described,fashion,3337.9,0,0,0,0.0,1.0,1065,2,1,38,2.11,2025-06-20,2025-07-28,,,7-day exchange window. Delivery photo and tracking are retained for 180 days.,0.2975,5,0,1,train,101
e1f7376d9d7e,cust_73747,unauthorized_3ds,unauthorized,ecommerce,2310.98,1,1,0,1.0,1.0,470,0,2,19,1.324,2025-03-25,2025-04-13,TRK542800182,2025-03-26 03:00:00,30-day returns on unused goods. Signature on delivery is accepted proof of receipt.,-0.0597,2,0,0,train,101
92433c37bf1c,cust_13904,no_evidence,not_as_described,services,1973.27,0,0,0,1.0,1.0,162,1,3,46,2.468,2025-07-16,2025-08-31,,,Service completion notes and customer confirmation emails are retained.,0.0357,6,0,0,train,101
4667a3b9ee40,cust_61285,inr_delivery_confirmed,item_not_received,grocery,1525.63,1,1,1,0.0,1.0,458,3,1,23,0.758,2025-06-19,2025-07-12,TRK623402216,2025-06-22 10:00:00,Perishable goods are non-returnable after delivery confirmation.,0.1271,5,0,1,train,101
9b45c3caaf01,cust_37880,friendly_fraud_long_tenure,unauthorized,digital_goods,2807.43,0,0,1,0.0,0.0,1143,0,1,31,1.119,2025-04-17,2025-05-18,,,Digital items are non-refundable after delivery to the registered account.,0.0501,3,0,1,train,101
790026cd3158,cust_16922,unauthorized_3ds,unauthorized,digital_goods,4712.42,0,1,0,1.0,,14,0,1,9,0.311,2025-09-11,2025-09-20,,,Digital items are non-refundable after delivery to the registered account.,-0.0009,8,0,0,train,101
d471f68409f8,cust_43543,inr_delivery_confirmed,item_not_received,grocery,2913.64,1,0,0,1.0,1.0,330,0,1,28,0.688,2025-07-01,2025-07-29,TRK599661669,2025-07-02 12:00:00,Perishable goods are non-returnable after delivery confirmation.,-0.126,6,0,0,train,101
f1203633a587,cust_75740,unauthorized_3ds,unauthorized,travel,1731.45,0,1,1,1.0,1.0,717,2,1,13,1.535,2025-02-01,2025-02-14,,,Cancellations follow fare rules. 3DS-authenticated bookings are treated as cardholder-present.,-0.128,1,1,0,train,101
6d14edc8f21e,cust_75550,high_velocity_attack,unauthorized,ecommerce,1833.44,0,0,1,0.0,0.0,91,0,3,4,4.91,2025-02-26,2025-03-02,,,30-day returns on unused goods. Signature on delivery is accepted proof of receipt.,-0.0979,1,0,0,train,101
36c653051c4d,cust_16443,friendly_fraud_long_tenure,item_not_received,fashion,11653.57,1,1,1,1.0,1.0,1289,1,2,21,1.521,2025-05-06,2025-05-27,TRK208383806,2025-05-09 13:00:00,7-day exchange window. Delivery photo and tracking are retained for 180 days.,-0.1359,4,0,0,train,101
8f2e1ed42dfe,cust_97227,friendly_fraud_long_tenure,not_as_described,subscriptions,4520.63,0,0,1,1.0,1.0,1080,2,1,7,1.074,2025-02-07,2025-02-14,,,First billing cycle may be refunded; subsequent cycles require unused-period evidence.,-0.0459,1,0,1,train,101
34152d41aa2a,cust_58890,unauthorized_3ds,unauthorized,ecommerce,9965.59,1,1,1,0.0,0.0,57,1,1,12,1.364,2025-04-12,2025-04-24,TRK910286681,2025-04-14 04:00:00,30-day returns on unused goods. Signature on delivery is accepted proof of receipt.,-0.0105,3,0,0,train,101
0539e40088e1,cust_81343,friendly_fraud_long_tenure,unauthorized,subscriptions,6710.59,0,1,1,1.0,1.0,787,1,3,20,0.97,2025-05-27,2025-06-16,,,First billing cycle may be refunded; subsequent cycles require unused-period evidence.,-0.1416,4,0,0,train,101
43c54155c601,cust_20950,unauthorized_3ds,unauthorized,digital_goods,12516.14,1,1,1,1.0,0.0,58,0,2,8,0.753,2025-07-24,2025-08-01,TRK402773330,2025-07-27 01:00:00,Digital items are non-refundable after delivery to the registered account.,-0.1362,6,0,1,train,101
fe4bf0a16864,cust_87482,friendly_fraud_long_tenure,unauthorized,fashion,3708.07,1,0,0,1.0,0.0,998,4,1,13,1.217,2025-05-14,2025-05-27,TRK655575234,2025-05-17 10:00:00,7-day exchange window. Delivery photo and tracking are retained for 180 days.,-0.007,4,0,1,train,101
beb83c760b6d,cust_94517,unauthorized_3ds,unauthorized,ecommerce,5437.05,1,1,0,1.0,,562,1,2,13,1.088,2025-08-09,2025-08-22,TRK607963053,2025-08-11 10:00:00,30-day returns on unused goods. Signature on delivery is accepted proof of receipt.,-0.0209,7,0,1,train,101
a5cee82588b4,cust_61598,inr_delivery_confirmed,item_not_received,grocery,3195.97,1,0,1,1.0,1.0,525,0,1,7,0.974,2025-03-26,2025-04-02,TRK752776902,2025-03-29 06:00:00,Perishable goods are non-returnable after delivery confirmation.,-0.0034,2,0,1,train,101
3b487de63f57,cust_87735,no_evidence,not_as_described,ecommerce,5335.76,0,0,0,0.0,0.0,131,1,2,42,1.483,2025-07-05,2025-08-16,,,30-day returns on unused goods. Signature on delivery is accepted proof of receipt.,-0.0685,6,0,0,train,101
3cfb534b6c11,cust_56191,unauthorized_3ds,unauthorized,travel,1971.72,1,1,1,0.0,1.0,1017,0,2,13,1.103,2025-05-31,2025-06-13,TRK272792784,2025-06-03 23:00:00,Cancellations follow fare rules. 3DS-authenticated bookings are treated as cardholder-present.,-0.0225,5,1,0,train,101
91218a81cc59,cust_50884,friendly_fraud_long_tenure,not_as_described,subscriptions,4733.52,0,1,1,0.0,1.0,1457,2,1,29,,2025-02-07,2025-03-08,,,First billing cycle may be refunded; subsequent cycles require unused-period evidence.,0.0791,1,0,1,train,101
b24b2f9c29b8,cust_16373,friendly_fraud_long_tenure,unauthorized,subscriptions,7435.65,1,1,1,1.0,0.0,1163,0,1,15,1.839,2025-06-05,2025-06-20,TRK770685621,2025-06-08 10:00:00,First billing cycle may be refunded; subsequent cycles require unused-period evidence.,0.0257,5,0,1,train,101
cbfba838ed5b,cust_67563,high_velocity_attack,unauthorized,digital_goods,1022.62,0,0,0,0.0,0.0,0,0,8,10,3.923,2025-07-15,2025-07-25,,,Digital items are non-refundable after delivery to the registered account.,-0.0429,6,0,0,train,101
8c98ae4d39f7,cust_15673,friendly_fraud_long_tenure,not_as_described,digital_goods,2596.16,1,1,0,1.0,,1356,1,1,10,,2025-05-25,2025-06-04,TRK900117052,2025-05-26 14:00:00,Digital items are non-refundable after delivery to the registered account.,-0.1864,4,0,0,train,101
9f63a7e64d68,cust_37152,unauthorized_3ds,unauthorized,digital_goods,3166.81,0,1,1,1.0,1.0,387,0,3,13,1.685,2025-09-22,2025-10-05,,,Digital items are non-refundable after delivery to the registered account.,-0.1143,8,0,0,train,101
19a5739bcf83,cust_39783,high_velocity_attack,unauthorized,ecommerce,1329.01,1,0,0,1.0,0.0,7,0,10,11,2.413,2025-09-12,2025-09-23,TRK891156712,2025-09-14 08:00:00,30-day returns on unused goods. Signature on delivery is accepted proof of receipt.,-0.0472,8,0,0,train,101
4e546b7edb24,cust_86150,unauthorized_3ds,unauthorized,ecommerce,5006.71,1,1,1,1.0,1.0,216,0,1,18,1.66,2025-09-20,2025-10-08,TRK521850357,2025-09-23 02:00:00,30-day returns on unused goods. Signature on delivery is accepted proof of receipt.,-0.0854,8,1,0,train,101
6091bf5d701d,cust_55890,friendly_fraud_long_tenure,item_not_received,digital_goods,4044.04,0,1,0,1.0,1.0,1461,1,1,32,0.898,2025-02-18,2025-03-22,,,Digital items are non-refundable after delivery to the registered account.,-0.0095,1,0,0,train,101
c19baa21d9b0,cust_77095,no_evidence,unauthorized,ecommerce,6699.47,0,0,0,0.0,0.0,315,2,1,27,1.121,2025-09-16,2025-10-13,,,30-day returns on unused goods. Signature on delivery is accepted proof of receipt.,0.1243,8,0,0,train,101
0b029d9887d8,cust_17534,no_evidence,not_as_described,ecommerce,7600.32,0,0,0,0.0,0.0,124,0,2,55,2.033,2025-06-17,2025-08-11,,,30-day returns on unused goods. Signature on delivery is accepted proof of receipt.,0.0866,5,0,0,train,101
252b1a897786,cust_52918,friendly_fraud_long_tenure,unauthorized,ecommerce,4790.1,0,0,0,1.0,1.0,902,2,1,34,0.986,2025-03-14,2025-04-17,,,30-day returns on unused goods. Signature on delivery is accepted proof of receipt.,0.1524,2,0,1,train,101
d4b784414686,cust_39466,inr_delivery_confirmed,item_not_received,ecommerce,2141.44,0,1,1,0.0,,242,0,1,18,1.029,2025-07-15,2025-08-02,,,30-day returns on unused goods. Signature on delivery is accepted proof of receipt.,-0.0089,6,0,0,train,101
21fae19b27f9,cust_49601,high_velocity_attack,unauthorized,ecommerce,3831.85,0,1,0,0.0,0.0,143,1,7,6,1.939,2025-02-27,2025-03-05,,,30-day returns on unused goods. Signature on delivery is accepted proof of receipt.,0.0304,1,0,0,train,101
4d9dc71e10ec,cust_79971,high_velocity_attack,unauthorized,travel,2654.53,0,0,1,0.0,0.0,80,0,6,1,2.902,2025-07-07,2025-07-08,,,Cancellations follow fare rules. 3DS-authenticated bookings are treated as cardholder-present.,0.0087,6,0,0,train,101
d28ccf0fea6e,cust_30503,high_velocity_attack,unauthorized,ecommerce,1442.51,0,0,0,0.0,1.0,22,0,10,1,0.851,2025-07-19,2025-07-20,,,30-day returns on unused goods. Signature on delivery is accepted proof of receipt.,0.0159,6,0,1,train,101
f9aed7a66a76,cust_94263,inr_delivery_confirmed,item_not_received,grocery,3400.74,1,0,0,0.0,1.0,963,1,1,17,0.911,2025-03-20,2025-04-06,TRK963351590,2025-03-22 18:00:00,Perishable goods are non-returnable after delivery confirmation.,-0.0954,2,0,1,train,101
4460a2cd9b89,cust_66676,friendly_fraud_long_tenure,unauthorized,fashion,6404.12,1,0,1,1.0,0.0,514,1,1,15,1.626,2025-04-19,2025-05-04,TRK657421164,2025-04-19 23:00:00,7-day exchange window. Delivery photo and tracking are retained for 180 days.,0.177,3,0,1,train,101
b4a432d7b5c2,cust_74398,inr_delivery_confirmed,item_not_received,ecommerce,2787.69,1,1,1,1.0,1.0,900,1,1,29,1.339,2025-07-22,2025-08-20,TRK373102965,2025-07-22 20:00:00,30-day returns on unused goods. Signature on delivery is accepted proof of receipt.,-0.1801,6,0,1,train,101
5cfc10472671,cust_41962,inr_delivery_confirmed,item_not_received,ecommerce,3026.28,1,1,1,1.0,0.0,7,0,3,34,1.315,2025-05-14,2025-06-17,TRK792481648,2025-05-15 03:00:00,30-day returns on unused goods. Signature on delivery is accepted proof of receipt.,-0.0811,4,0,1,train,101
45abd126f0eb,cust_67532,inr_delivery_confirmed,item_not_received,ecommerce,1975.18,1,1,1,1.0,1.0,311,0,1,12,0.361,2025-04-27,2025-05-09,TRK297553831,2025-04-30 18:00:00,30-day returns on unused goods. Signature on delivery is accepted proof of receipt.,0.0716,3,0,1,train,101
f6155ce1e273,cust_91435,friendly_fraud_long_tenure,unauthorized,subscriptions,11998.73,1,0,0,0.0,1.0,920,1,2,7,0.855,2025-06-18,2025-06-25,TRK815081321,2025-06-19 07:00:00,First billing cycle may be refunded; subsequent cycles require unused-period evidence.,0.1248,5,0,0,train,101
f98da14e04bb,cust_69102,inr_delivery_confirmed,item_not_received,grocery,2255.93,1,1,1,1.0,1.0,242,0,1,17,0.524,2025-02-27,2025-03-16,TRK529406396,2025-02-27 18:00:00,Perishable goods are non-returnable after delivery confirmation.,-0.1088,1,0,1,train,101
5e0c28a90242,cust_25893,friendly_fraud_long_tenure,unauthorized,ecommerce,8200.46,0,0,1,0.0,1.0,692,2,2,38,,2025-05-10,2025-06-17,,,30-day returns on unused goods. Signature on delivery is accepted proof of receipt.,0.2346,4,0,0,train,101
36f6f8c430ca,cust_54567,inr_delivery_confirmed,item_not_received,grocery,3426.47,1,1,1,0.0,,979,1,1,24,0.261,2025-05-22,2025-06-15,TRK765226423,2025-05-25 16:00:00,Perishable goods are non-returnable after delivery confirmation.,0.0657,4,0,1,train,101
62a94bd6987c,cust_54005,inr_delivery_confirmed,item_not_received,fashion,2379.92,1,1,1,0.0,1.0,840,0,1,20,1.334,2025-03-18,2025-04-07,TRK896729459,2025-03-21 11:00:00,7-day exchange window. Delivery photo and tracking are retained for 180 days.,-0.0018,2,0,0,train,101
24dc1dac085f,cust_60050,friendly_fraud_long_tenure,item_not_received,digital_goods,3028.03,0,0,1,0.0,0.0,1086,3,1,20,2.376,2025-09-10,2025-09-30,,,Digital items are non-refundable after delivery to the registered account.,-0.0315,8,0,1,train,101
41aa9083bd26,cust_40322,friendly_fraud_long_tenure,unauthorized,digital_goods,9435.32,0,1,1,0.0,0.0,992,1,1,25,2.512,2025-03-02,2025-03-27,,,Digital items are non-refundable after delivery to the registered account.,-0.0852,2,0,0,train,101
92e53293b9ed,cust_35839,inr_delivery_confirmed,item_not_received,fashion,3432.58,1,0,0,0.0,0.0,349,2,1,30,0.946,2025-04-26,2025-05-26,TRK733116833,2025-04-27 10:00:00,7-day exchange window. Delivery photo and tracking are retained for 180 days.,-0.129,3,0,1,train,101
8f6032223deb,cust_57498,inr_delivery_confirmed,item_not_received,ecommerce,2385.5,1,1,0,1.0,1.0,737,0,3,9,0.66,2025-04-14,2025-04-23,TRK906388613,2025-04-14 22:00:00,30-day returns on unused goods. Signature on delivery is accepted proof of receipt.,0.0196,3,0,0,train,101
22a97aa8fd27,cust_55666,high_velocity_attack,unauthorized,travel,2822.59,1,0,0,1.0,0.0,41,1,6,10,0.1,2025-02-07,2025-02-17,TRK543935993,2025-02-10 01:00:00,Cancellations follow fare rules. 3DS-authenticated bookings are treated as cardholder-present.,-0.0154,1,0,1,train,101
bbf792c28735,cust_13360,inr_delivery_confirmed,item_not_received,ecommerce,3699.74,1,1,1,1.0,0.0,7,0,1,26,0.1,2025-09-18,2025-10-14,TRK468080333,2025-09-18 20:00:00,30-day returns on unused goods. Signature on delivery is accepted proof of receipt.,-0.0541,8,0,1,train,101
94033eb05365,cust_32425,inr_delivery_confirmed,item_not_received,grocery,2957.3,1,0,1,1.0,1.0,286,0,1,32,1.029,2025-02-25,2025-03-29,TRK770078600,2025-02-27 12:00:00,Perishable goods are non-returnable after delivery confirmation.,-0.0545,1,1,0,train,101
76dc1ac98787,cust_35561,friendly_fraud_long_tenure,item_not_received,digital_goods,6020.68,0,1,1,,1.0,406,2,1,38,0.886,2025-03-24,2025-05-01,,,Digital items are non-refundable after delivery to the registered account.,-0.0311,2,0,0,train,101
864a2a91c06e,cust_57880,no_evidence,not_as_described,digital_goods,6104.39,1,0,0,0.0,1.0,186,0,1,12,1.581,2025-06-16,2025-06-28,TRK371036138,2025-06-19 20:00:00,Digital items are non-refundable after delivery to the registered account.,0.1047,5,0,0,train,101
17c49b9515fe,cust_71391,unauthorized_3ds,unauthorized,ecommerce,3417.08,0,1,1,,1.0,343,0,1,18,1.282,2025-06-23,2025-07-11,,,30-day returns on unused goods. Signature on delivery is accepted proof of receipt.,-0.0525,5,0,1,train,101
9409a4de1384,cust_80938,inr_delivery_confirmed,item_not_received,ecommerce,10060.05,1,1,0,1.0,1.0,807,0,1,2,1.371,2025-07-10,2025-07-12,TRK280402824,2025-07-13 17:00:00,30-day returns on unused goods. Signature on delivery is accepted proof of receipt.,-0.0137,6,0,1,train,101
2229fef819c7,cust_60515,no_evidence,unauthorized,services,4947.1,0,0,0,0.0,0.0,0,0,1,24,0.8,2025-08-15,2025-09-08,,,Service completion notes and customer confirmation emails are retained.,0.2523,7,0,0,train,101
a18e6d08f2ba,cust_29119,no_evidence,unauthorized,digital_goods,4593.74,0,0,0,1.0,1.0,0,0,2,39,2.087,2025-04-19,2025-05-28,,,Digital items are non-refundable after delivery to the registered account.,0.0958,3,0,0,train,101
730db2877da8,cust_23790,high_velocity_attack,unauthorized,ecommerce,2604.12,0,0,1,0.0,1.0,44,0,11,4,1.626,2025-09-06,2025-09-10,,,30-day returns on unused goods. Signature on delivery is accepted proof of receipt.,-0.0475,8,0,0,train,101
1d96245e1a34,cust_35897,inr_delivery_confirmed,item_not_received,ecommerce,2394.98,1,0,1,1.0,1.0,889,0,2,25,1.024,2025-06-20,2025-07-15,TRK155532035,2025-06-21 08:00:00,30-day returns on unused goods. Signature on delivery is accepted proof of receipt.,-0.05,5,0,1,train,101
959a1fc47aa3,cust_85205,inr_delivery_confirmed,item_not_received,grocery,2333.8,1,1,1,,1.0,245,2,2,13,1.007,2025-02-14,2025-02-27,TRK264603963,2025-02-15 21:00:00,Perishable goods are non-returnable after delivery confirmation.,0.0953,1,0,1,train,101
c80389c11593,cust_30438,inr_delivery_confirmed,item_not_received,fashion,2080.52,1,0,1,1.0,0.0,332,0,1,8,1.352,2025-09-23,2025-10-01,TRK515155397,2025-09-23 19:00:00,7-day exchange window. Delivery photo and tracking are retained for 180 days.,-0.2267,8,0,0,train,101
5cf7c5e83c70,cust_78705,no_evidence,unauthorized,ecommerce,2244.7,0,0,0,0.0,0.0,132,1,1,50,1.322,2025-08-26,2025-10-15,,,30-day returns on unused goods. Signature on delivery is accepted proof of receipt.,-0.0674,7,0,0,train,101
b1ec0f8859e9,cust_53099,unauthorized_3ds,unauthorized,ecommerce,5809.83,1,1,1,1.0,0.0,748,0,1,15,0.518,2025-05-20,2025-06-04,TRK986215781,2025-05-21 02:00:00,30-day returns on unused goods. Signature on delivery is accepted proof of receipt.,-0.1166,4,0,1,train,101
150adec33531,cust_10440,friendly_fraud_long_tenure,not_as_described,fashion,2483.4,0,1,0,0.0,,958,1,2,40,1.554,2025-01-31,2025-03-12,,,7-day exchange window. Delivery photo and tracking are retained for 180 days.,0.0859,1,0,0,train,101
0c4d4105eadb,cust_64823,no_evidence,unauthorized,digital_goods,5906.59,0,0,0,0.0,0.0,0,1,2,15,3.09,2025-06-09,2025-06-24,,,Digital items are non-refundable after delivery to the registered account.,0.0097,5,0,0,train,101
0da779fe79c1,cust_70484,no_evidence,item_not_received,services,2707.16,0,0,0,1.0,,92,2,4,20,0.1,2025-04-24,2025-05-14,,,Service completion notes and customer confirmation emails are retained.,-0.0079,3,0,0,train,101
db4927234e60,cust_20684,unauthorized_3ds,unauthorized,digital_goods,2939.1,1,1,1,1.0,1.0,312,1,2,3,1.355,2025-06-15,2025-06-18,TRK180296916,2025-06-16 04:00:00,Digital items are non-refundable after delivery to the registered account.,0.1864,5,0,1,train,101
b4385df298c1,cust_36650,no_evidence,not_as_described,services,5574.52,0,0,1,0.0,0.0,189,0,2,46,,2025-02-06,2025-03-24,,,Service completion notes and customer confirmation emails are retained.,0.1208,1,0,0,train,101
d59d1b2f8f91,cust_79630,no_evidence,unauthorized,ecommerce,1758.94,0,0,0,0.0,0.0,206,1,1,28,,2025-07-07,2025-08-04,,,30-day returns on unused goods. Signature on delivery is accepted proof of receipt.,0.1015,6,1,1,train,101
c28e1a556c40,cust_81992,unauthorized_3ds,unauthorized,travel,9420.12,0,1,1,1.0,,243,0,1,11,1.811,2025-09-04,2025-09-15,,,Cancellations follow fare rules. 3DS-authenticated bookings are treated as cardholder-present.,0.0069,8,0,0,train,101
5fd7eab11946,cust_64931,inr_delivery_confirmed,item_not_received,grocery,2574.15,1,1,1,1.0,1.0,541,2,3,34,1.229,2025-03-02,2025-04-05,TRK795994915,2025-03-02 19:00:00,Perishable goods are non-returnable after delivery confirmation.,-0.1782,2,0,0,train,101
821ba8b25685,cust_30344,friendly_fraud_long_tenure,unauthorized,fashion,2859.53,0,0,1,1.0,0.0,522,1,1,26,1.84,2025-03-16,2025-04-11,,,7-day exchange window. Delivery photo and tracking are retained for 180 days.,0.2054,2,0,0,train,101
dbe5dd1bbe52,cust_41807,high_velocity_attack,unauthorized,digital_goods,1470.04,1,1,0,0.0,0.0,147,0,8,2,,2025-06-12,2025-06-14,TRK585246487,2025-06-15 09:00:00,Digital items are non-refundable after delivery to the registered account.,0.0292,5,1,1,train,101
bf3013fd13f3,cust_35209,no_evidence,not_as_described,ecommerce,2511.49,0,0,0,1.0,1.0,0,1,2,58,0.338,2025-06-19,2025-08-16,,,30-day returns on unused goods. Signature on delivery is accepted proof of receipt.,0.1627,5,0,0,train,101
49032aab76f9,cust_64247,inr_delivery_confirmed,item_not_received,grocery,1730.49,1,0,1,0.0,0.0,216,0,1,2,,2025-07-01,2025-07-03,TRK995575390,2025-07-02 11:00:00,Perishable goods are non-returnable after delivery confirmation.,0.0299,6,0,0,train,101
57bcfbfd5149,cust_51513,high_velocity_attack,unauthorized,digital_goods,1240.11,1,0,0,0.0,0.0,52,0,11,14,3.17,2025-04-06,2025-04-20,TRK714443375,2025-04-08 08:00:00,Digital items are non-refundable after delivery to the registered account.,-0.1305,3,0,0,train,101
af664361c07f,cust_49323,inr_delivery_confirmed,item_not_received,ecommerce,4404.36,1,1,1,1.0,1.0,196,0,1,15,1.142,2025-02-04,2025-02-19,TRK158236567,2025-02-05 09:00:00,30-day returns on unused goods. Signature on delivery is accepted proof of receipt.,0.0056,1,1,0,train,101
d72129e638be,cust_33396,inr_delivery_confirmed,item_not_received,grocery,4025.81,1,0,1,1.0,0.0,637,0,3,21,,2025-06-11,2025-07-02,TRK904566603,2025-06-13 15:00:00,Perishable goods are non-returnable after delivery confirmation.,-0.0799,5,0,1,train,101
2f5dc9f53041,cust_67835,high_velocity_attack,unauthorized,digital_goods,1511.63,1,0,0,0.0,0.0,45,0,9,4,1.699,2025-02-17,2025-02-21,TRK950901220,2025-02-17 20:00:00,Digital items are non-refundable after delivery to the registered account.,0.1318,1,0,1,train,101
868ffa2f1e68,cust_27068,friendly_fraud_long_tenure,item_not_received,subscriptions,7549.51,0,1,1,0.0,0.0,741,3,1,10,0.6,2025-04-07,2025-04-17,,,First billing cycle may be refunded; subsequent cycles require unused-period evidence.,0.0162,3,0,0,train,101
feee1f02df2f,cust_12243,inr_delivery_confirmed,item_not_received,ecommerce,2643.56,1,0,1,0.0,1.0,193,0,1,13,1.001,2025-07-06,2025-07-19,TRK559064644,2025-07-08 09:00:00,30-day returns on unused goods. Signature on delivery is accepted proof of receipt.,0.0669,6,0,1,train,101
7e2fca768c00,cust_28148,unauthorized_3ds,unauthorized,travel,4012.94,1,1,1,1.0,0.0,327,0,1,15,0.932,2025-02-12,2025-02-27,TRK179456101,2025-02-14 18:00:00,Cancellations follow fare rules. 3DS-authenticated bookings are treated as cardholder-present.,0.0046,1,0,0,train,101
42401b585dc0,cust_61395,high_velocity_attack,unauthorized,digital_goods,2195.33,1,0,0,1.0,0.0,0,1,7,1,1.72,2025-03-22,2025-03-23,TRK161306943,2025-03-25 22:00:00,Digital items are non-refundable after delivery to the registered account.,-0.1932,2,0,1,train,101
e0d68f8a7c30,cust_31653,high_velocity_attack,unauthorized,travel,3418.59,0,0,0,0.0,0.0,68,1,10,6,2.439,2025-04-07,2025-04-13,,,Cancellations follow fare rules. 3DS-authenticated bookings are treated as cardholder-present.,0.0932,3,0,0,train,101
93b0684b7b0c,cust_42352,inr_delivery_confirmed,item_not_received,grocery,1686.8,1,0,1,,1.0,73,0,1,28,0.757,2025-08-07,2025-09-04,TRK868673445,2025-08-09 03:00:00,Perishable goods are non-returnable after delivery confirmation.,0.1153,7,0,0,train,101
d8002ecad43a,cust_39981,no_evidence,not_as_described,ecommerce,5403.66,0,0,0,0.0,,71,1,2,27,2.132,2025-09-17,2025-10-14,,,30-day returns on unused goods. Signature on delivery is accepted proof of receipt.,0.212,8,0,0,train,101
51986982244b,cust_92337,friendly_fraud_long_tenure,item_not_received,fashion,5777.59,0,1,1,0.0,1.0,659,1,1,49,1.566,2025-08-30,2025-10-18,,,7-day exchange window. Delivery photo and tracking are retained for 180 days.,-0.0436,8,0,0,train,101
e24c4ee8987f,cust_96700,inr_delivery_confirmed,item_not_received,fashion,3682.85,1,0,1,0.0,0.0,263,1,1,20,1.131,2025-09-20,2025-10-10,TRK153409532,2025-09-22 07:00:00,7-day exchange window. Delivery photo and tracking are retained for 180 days.,-0.1244,8,0,1,train,101
2f465ab820bb,cust_63825,friendly_fraud_long_tenure,item_not_received,fashion,4620.06,0,1,1,1.0,1.0,715,2,2,12,1.218,2025-05-02,2025-05-14,,,7-day exchange window. Delivery photo and tracking are retained for 180 days.,-0.0168,4,0,1,train,101
369750fd0913,cust_32818,unauthorized_3ds,unauthorized,digital_goods,3189.55,0,1,1,1.0,1.0,14,0,3,26,1.314,2025-08-24,2025-09-19,,,Digital items are non-refundable after delivery to the registered account.,0.1387,7,0,0,train,101
9dd6d6c2c69a,cust_48663,inr_delivery_confirmed,item_not_received,ecommerce,4555.66,1,1,1,1.0,1.0,656,1,1,35,0.931,2025-06-14,2025-07-19,TRK163556966,2025-06-17 05:00:00,30-day returns on unused goods. Signature on delivery is accepted proof of receipt.,-0.0721,5,0,0,train,101
6ee05bebd8fd,cust_18673,inr_delivery_confirmed,item_not_received,fashion,6639.22,1,0,1,1.0,1.0,84,0,1,16,0.78,2025-07-03,2025-07-19,TRK145259914,2025-07-06 04:00:00,7-day exchange window. Delivery photo and tracking are retained for 180 days.,0.0359,6,1,1,train,101
31ee023fb7d3,cust_86903,inr_delivery_confirmed,item_not_received,grocery,2232.37,1,0,1,0.0,1.0,332,2,1,32,1.056,2025-04-28,2025-05-30,TRK438500298,2025-04-30 19:00:00,Perishable goods are non-returnable after delivery confirmation.,0.0372,3,0,0,train,101
295fef7b1c2f,cust_30700,inr_delivery_confirmed,item_not_received,ecommerce,12232.75,1,0,1,0.0,0.0,496,0,2,18,1.576,2025-07-13,2025-07-31,TRK981259769,2025-07-14 12:00:00,30-day returns on unused goods. Signature on delivery is accepted proof of receipt.,-0.17,6,0,0,train,101
4e1b0046c023,cust_44924,unauthorized_3ds,unauthorized,travel,1746.19,0,0,1,1.0,,295,1,1,8,0.695,2025-07-17,2025-07-25,,,Cancellations follow fare rules. 3DS-authenticated bookings are treated as cardholder-present.,-0.1566,6,0,1,train,101
7dd517a0f6e8,cust_18305,high_velocity_attack,unauthorized,digital_goods,4630.95,0,0,0,0.0,0.0,0,0,8,7,,2025-06-06,2025-06-13,,,Digital items are non-refundable after delivery to the registered account.,-0.0226,5,0,0,train,101
a2324e866255,cust_94097,inr_delivery_confirmed,item_not_received,grocery,2960.98,0,1,1,1.0,1.0,7,1,1,8,0.5,2025-04-05,2025-04-13,,,Perishable goods are non-returnable after delivery confirmation.,-0.1217,3,0,1,train,101
f5d0630a6c4f,cust_91243,unauthorized_3ds,unauthorized,travel,20933.33,1,1,1,1.0,1.0,439,0,2,24,1.234,2025-06-06,2025-06-30,TRK879601749,2025-06-08 15:00:00,Cancellations follow fare rules. 3DS-authenticated bookings are treated as cardholder-present.,-0.0593,5,0,1,train,101
d572c452d411,cust_15703,unauthorized_3ds,unauthorized,ecommerce,2293.23,0,1,1,0.0,0.0,75,0,1,9,0.956,2025-04-22,2025-05-01,,,30-day returns on unused goods. Signature on delivery is accepted proof of receipt.,0.007,3,0,1,train,101
87a118966f52,cust_71792,unauthorized_3ds,unauthorized,ecommerce,3984.88,1,1,1,0.0,0.0,381,2,2,1,0.732,2025-09-12,2025-09-13,TRK865489873,2025-09-13 21:00:00,30-day returns on unused goods. Signature on delivery is accepted proof of receipt.,-0.0968,8,0,1,train,101
b3b28b024f28,cust_79214,unauthorized_3ds,unauthorized,ecommerce,2249.6,0,1,1,1.0,1.0,808,0,2,8,,2025-07-07,2025-07-15,,,30-day returns on unused goods. Signature on delivery is accepted proof of receipt.,-0.1644,6,0,1,train,101
f63663a574a1,cust_92254,friendly_fraud_long_tenure,item_not_received,ecommerce,2396.69,1,0,0,1.0,1.0,540,2,2,31,1.741,2025-09-08,2025-10-09,TRK681162465,2025-09-10 04:00:00,30-day returns on unused goods. Signature on delivery is accepted proof of receipt.,0.0828,8,0,0,train,101
369da3f36e6e,cust_59008,inr_delivery_confirmed,item_not_received,fashion,6608.38,1,0,1,1.0,1.0,972,1,1,7,0.808,2025-05-23,2025-05-30,TRK702211231,2025-05-24 16:00:00,7-day exchange window. Delivery photo and tracking are retained for 180 days.,-0.1507,4,0,0,train,101
11f4e68fdf47,cust_21433,unauthorized_3ds,unauthorized,digital_goods,657.72,1,1,1,1.0,0.0,868,0,1,7,1.039,2025-05-08,2025-05-15,TRK810749467,2025-05-10 18:00:00,Digital items are non-refundable after delivery to the registered account.,0.0508,4,1,0,train,101
7d1ac3313b2a,cust_30265,friendly_fraud_long_tenure,item_not_received,subscriptions,13730.05,1,1,1,1.0,1.0,980,2,4,32,1.573,2025-03-17,2025-04-18,TRK919864311,2025-03-19 07:00:00,First billing cycle may be refunded; subsequent cycles require unused-period evidence.,-0.1468,2,0,0,train,101
c05bc61bd7ab,cust_96146,inr_delivery_confirmed,item_not_received,fashion,3348.1,1,0,1,1.0,1.0,732,0,1,16,1.175,2025-06-19,2025-07-05,TRK170055645,2025-06-22 17:00:00,7-day exchange window. Delivery photo and tracking are retained for 180 days.,-0.035,5,0,1,train,101
e2046ebd40d1,cust_98871,inr_delivery_confirmed,item_not_received,grocery,4060.38,1,0,0,1.0,1.0,956,0,1,25,0.936,2025-06-09,2025-07-04,TRK415447107,2025-06-12 15:00:00,Perishable goods are non-returnable after delivery confirmation.,0.1104,5,0,1,train,101
1a4642a4875b,cust_64121,unauthorized_3ds,unauthorized,travel,4125.74,1,1,1,0.0,1.0,70,0,1,4,0.107,2025-04-12,2025-04-16,TRK172885562,2025-04-12 23:00:00,Cancellations follow fare rules. 3DS-authenticated bookings are treated as cardholder-present.,-0.0775,3,0,1,train,101
bae87d1824e2,cust_11228,inr_delivery_confirmed,item_not_received,fashion,2299.6,1,1,0,1.0,1.0,660,1,1,15,1.196,2025-06-05,2025-06-20,TRK756316831,2025-06-08 23:00:00,7-day exchange window. Delivery photo and tracking are retained for 180 days.,0.0094,5,0,0,train,101
5f93cd804f8b,cust_86531,high_velocity_attack,unauthorized,digital_goods,3216.81,0,0,1,0.0,0.0,13,0,8,9,1.822,2025-07-27,2025-08-05,,,Digital items are non-refundable after delivery to the registered account.,-0.1487,6,0,0,train,101
6a6ef5f8e25a,cust_28478,unauthorized_3ds,unauthorized,travel,7005.54,1,0,1,1.0,0.0,259,0,2,7,1.672,2025-07-12,2025-07-19,TRK288443326,2025-07-14 18:00:00,Cancellations follow fare rules. 3DS-authenticated bookings are treated as cardholder-present.,-0.1444,6,0,1,train,101
15490fb2a76a,cust_55645,friendly_fraud_long_tenure,item_not_received,digital_goods,1611.3,1,1,1,1.0,1.0,755,1,1,14,0.638,2025-05-11,2025-05-25,TRK410027484,2025-05-11 19:00:00,Digital items are non-refundable after delivery to the registered account.,-0.1448,4,0,1,train,101
f1140e05eb71,cust_99084,unauthorized_3ds,unauthorized,digital_goods,2420.89,0,1,0,0.0,1.0,157,0,1,11,1.663,2025-02-13,2025-02-24,,,Digital items are non-refundable after delivery to the registered account.,0.036,1,0,1,train,101
ca5c1c03f1be,cust_16695,unauthorized_3ds,unauthorized,travel,1105.45,0,1,1,1.0,,448,0,1,9,1.266,2025-02-25,2025-03-06,,,Cancellations follow fare rules. 3DS-authenticated bookings are treated as cardholder-present.,0.0063,1,0,1,train,101
f4abb10bc849,cust_32255,no_evidence,item_not_received,digital_goods,953.92,0,0,0,0.0,0.0,279,1,2,25,2.409,2025-02-20,2025-03-17,,,Digital items are non-refundable after delivery to the registered account.,0.0444,1,0,0,train,101
73c896f61dbe,cust_90957,unauthorized_3ds,unauthorized,digital_goods,3216.69,0,1,1,1.0,1.0,623,1,3,23,1.522,2025-09-13,2025-10-06,,,Digital items are non-refundable after delivery to the registered account.,0.0601,8,0,0,train,101
2ece73bd780b,cust_62840,unauthorized_3ds,unauthorized,ecommerce,4857.24,1,1,0,1.0,,14,0,1,16,0.948,2025-02-11,2025-02-27,TRK870189625,2025-02-13 14:00:00,30-day returns on unused goods. Signature on delivery is accepted proof of receipt.,-0.0184,1,0,0,train,101
e555a48430b6,cust_52900,inr_delivery_confirmed,item_not_received,grocery,1014.95,1,0,1,1.0,1.0,7,0,3,16,1.275,2025-06-15,2025-07-01,TRK130379780,2025-06-17 17:00:00,Perishable goods are non-returnable after delivery confirmation.,0.0723,5,0,1,train,101
adf3369b94ba,cust_38829,no_evidence,unauthorized,digital_goods,1363.95,0,0,1,0.0,0.0,0,0,4,34,0.884,2025-02-19,2025-03-25,,,Digital items are non-refundable after delivery to the registered account.,-0.3028,1,0,1,train,101
9435675d8474,cust_40209,no_evidence,unauthorized,services,2141.34,1,0,0,0.0,0.0,211,0,1,41,1.377,2025-03-11,2025-04-21,TRK792027738,2025-03-12 12:00:00,Service completion notes and customer confirmation emails are retained.,-0.0144,2,0,1,train,101
4e884bc30d01,cust_68460,high_velocity_attack,unauthorized,digital_goods,1285.86,0,0,0,0.0,0.0,0,0,5,11,3.143,2025-02-15,2025-02-26,,,Digital items are non-refundable after delivery to the registered account.,0.2047,1,0,0,train,101
72142c8a175b,cust_61963,high_velocity_attack,unauthorized,travel,2058.88,1,0,0,0.0,0.0,0,0,3,2,,2025-06-30,2025-07-02,TRK238756115,2025-07-01 02:00:00,Cancellations follow fare rules. 3DS-authenticated bookings are treated as cardholder-present.,0.122,6,0,0,train,101
ebdf24a7f500,cust_36637,unauthorized_3ds,unauthorized,ecommerce,4648.37,1,1,0,1.0,1.0,355,0,1,1,0.86,2025-05-26,2025-05-27,TRK797645533,2025-05-27 17:00:00,30-day returns on unused goods. Signature on delivery is accepted proof of receipt.,0.0649,4,0,0,train,101
c78a37bae19f,cust_19068,high_velocity_attack,unauthorized,travel,778.43,0,0,0,1.0,0.0,0,0,7,1,0.1,2025-04-25,2025-04-26,,,Cancellations follow fare rules. 3DS-authenticated bookings are treated as cardholder-present.,-0.0253,3,0,1,train,101
ab405fd40e2d,cust_27450,inr_delivery_confirmed,item_not_received,fashion,7029.8,1,0,1,1.0,0.0,446,0,1,34,1.15,2025-07-21,2025-08-24,TRK779984505,2025-07-21 22:00:00,7-day exchange window. Delivery photo and tracking are retained for 180 days.,0.1268,6,0,1,train,101
52f2ef3f6baa,cust_64506,no_evidence,unauthorized,services,2351.75,0,0,1,0.0,0.0,103,0,3,5,3.265,2025-06-14,2025-06-19,,,Service completion notes and customer confirmation emails are retained.,0.143,5,0,0,train,101
d9e7d32d4690,cust_41789,high_velocity_attack,unauthorized,digital_goods,1394.93,0,0,0,0.0,0.0,72,0,6,4,,2025-08-05,2025-08-09,,,Digital items are non-refundable after delivery to the registered account.,-0.0983,7,1,1,train,101
053f8f418ba7,cust_64480,friendly_fraud_long_tenure,not_as_described,digital_goods,4679.45,1,1,0,1.0,1.0,615,2,2,25,0.1,2025-06-30,2025-07-25,TRK547415725,2025-07-02 09:00:00,Digital items are non-refundable after delivery to the registered account.,-0.0842,6,0,1,train,101
c81833dddfd6,cust_92465,high_velocity_attack,unauthorized,ecommerce,2592.33,0,0,0,0.0,0.0,0,0,10,2,1.93,2025-07-31,2025-08-02,,,30-day returns on unused goods. Signature on delivery is accepted proof of receipt.,0.0905,7,0,1,train,101
2821183e09b8,cust_87559,friendly_fraud_long_tenure,not_as_described,ecommerce,3799.67,0,1,0,0.0,0.0,829,1,1,41,,2025-05-19,2025-06-29,,,30-day returns on unused goods. Signature on delivery is accepted proof of receipt.,-0.0202,4,0,0,train,101
fc0b96cf8c81,cust_16090,inr_delivery_confirmed,item_not_received,fashion,5974.94,1,1,0,1.0,1.0,230,0,1,33,0.573,2025-07-24,2025-08-26,TRK513833426,2025-07-26 08:00:00,7-day exchange window. Delivery photo and tracking are retained for 180 days.,-0.0435,6,0,1,train,101
86dc927711c9,cust_37108,inr_delivery_confirmed,item_not_received,grocery,3801.25,1,1,1,1.0,0.0,112,0,3,34,0.882,2025-03-21,2025-04-24,TRK513212904,2025-03-22 03:00:00,Perishable goods are non-returnable after delivery confirmation.,-0.1216,2,0,1,train,101
14d91fb8796b,cust_60780,unauthorized_3ds,unauthorized,digital_goods,5413.05,1,1,1,1.0,1.0,891,1,1,14,1.291,2025-07-18,2025-08-01,TRK412917675,2025-07-21 09:00:00,Digital items are non-refundable after delivery to the registered account.,-0.0283,6,0,1,train,101
6f0711913bb8,cust_77924,inr_delivery_confirmed,item_not_received,fashion,3163.78,1,0,1,1.0,1.0,594,1,1,16,0.771,2025-05-16,2025-06-01,TRK305059758,2025-05-18 20:00:00,7-day exchange window. Delivery photo and tracking are retained for 180 days.,-0.0307,4,0,1,train,101
b27dc470a8fc,cust_14843,no_evidence,not_as_described,ecommerce,13412.53,0,0,0,0.0,0.0,123,2,3,18,3.478,2025-02-08,2025-02-26,,,30-day returns on unused goods. Signature on delivery is accepted proof of receipt.,-0.1945,1,0,0,train,101
89e22ce940d4,cust_84818,unauthorized_3ds,unauthorized,travel,14162.44,0,1,1,1.0,1.0,213,1,1,14,0.629,2025-09-07,2025-09-21,,,Cancellations follow fare rules. 3DS-authenticated bookings are treated as cardholder-present.,0.0916,8,1,0,train,101
7a087005c90f,cust_85540,inr_delivery_confirmed,item_not_received,grocery,931.51,1,1,1,1.0,1.0,495,0,1,4,1.578,2025-04-28,2025-05-02,TRK142807064,2025-04-28 23:00:00,Perishable goods are non-returnable after delivery confirmation.,-0.102,3,1,1,train,101
ba697ddb4941,cust_50497,inr_delivery_confirmed,item_not_received,grocery,5107.31,1,1,1,1.0,1.0,312,0,1,20,1.394,2025-09-04,2025-09-24,TRK403573929,2025-09-05 14:00:00,Perishable goods are non-returnable after delivery confirmation.,-0.0433,8,0,1,train,101
b791075123c3,cust_35925,inr_delivery_confirmed,item_not_received,fashion,2575.31,1,1,1,1.0,1.0,476,0,1,19,0.955,2025-05-02,2025-05-21,TRK555306776,2025-05-03 05:00:00,7-day exchange window. Delivery photo and tracking are retained for 180 days.,-0.0001,4,0,1,train,101
0e6141f473b4,cust_69074,friendly_fraud_long_tenure,unauthorized,digital_goods,4539.66,0,1,1,1.0,1.0,302,1,1,23,0.68,2025-08-04,2025-08-27,,,Digital items are non-refundable after delivery to the registered account.,-0.1606,7,0,0,train,101
0d19fbec4c9b,cust_61392,friendly_fraud_long_tenure,item_not_received,digital_goods,5655.93,0,1,1,1.0,0.0,974,2,1,25,0.601,2025-04-03,2025-04-28,,,Digital items are non-refundable after delivery to the registered account.,0.0001,3,0,1,train,101
44bbd5b9446a,cust_75109,inr_delivery_confirmed,item_not_received,grocery,5078.94,1,0,1,1.0,1.0,745,0,1,23,0.807,2025-06-02,2025-06-25,TRK384106168,2025-06-05 03:00:00,Perishable goods are non-returnable after delivery confirmation.,-0.141,5,0,1,train,101
7e612563c9fa,cust_65485,inr_delivery_confirmed,item_not_received,fashion,2189.12,1,1,1,1.0,0.0,390,0,1,19,0.831,2025-03-15,2025-04-03,TRK613607790,2025-03-18 07:00:00,7-day exchange window. Delivery photo and tracking are retained for 180 days.,0.1503,2,0,0,train,101
692c2ea24f42,cust_23157,friendly_fraud_long_tenure,item_not_received,digital_goods,5980.64,1,0,0,1.0,0.0,807,2,1,13,1.266,2025-06-10,2025-06-23,TRK635433416,2025-06-11 11:00:00,Digital items are non-refundable after delivery to the registered account.,-0.1109,5,0,0,train,101
cd0dcbee0609,cust_88762,friendly_fraud_long_tenure,not_as_described,subscriptions,2173.77,0,0,1,1.0,0.0,650,4,2,17,1.269,2025-02-15,2025-03-04,,,First billing cycle may be refunded; subsequent cycles require unused-period evidence.,-0.2086,1,0,0,train,101
2a4f2a1d47a1,cust_50538,inr_delivery_confirmed,item_not_received,grocery,5221.69,1,1,0,0.0,1.0,1060,1,1,24,1.189,2025-08-23,2025-09-16,TRK136006008,2025-08-26 13:00:00,Perishable goods are non-returnable after delivery confirmation.,-0.1275,7,0,1,train,101
a1aa5955d3b2,cust_69131,inr_delivery_confirmed,item_not_received,fashion,3403.52,1,1,1,1.0,1.0,630,1,3,3,0.58,2025-05-13,2025-05-16,TRK547015752,2025-05-14 22:00:00,7-day exchange window. Delivery photo and tracking are retained for 180 days.,0.0044,4,0,1,train,101
6db9fed509bb,cust_47128,inr_delivery_confirmed,item_not_received,fashion,2384.93,1,1,1,0.0,1.0,73,0,1,26,0.562,2025-08-06,2025-09-01,TRK463222226,2025-08-09 13:00:00,7-day exchange window. Delivery photo and tracking are retained for 180 days.,-0.0517,7,0,1,train,101
b55f1cf2621b,cust_14150,high_velocity_attack,unauthorized,travel,10416.71,0,0,1,,0.0,43,0,9,7,1.639,2025-09-03,2025-09-10,,,Cancellations follow fare rules. 3DS-authenticated bookings are treated as cardholder-present.,-0.0353,8,0,0,train,101
c58ae54c662d,cust_20194,unauthorized_3ds,unauthorized,travel,6312.02,0,1,1,0.0,,499,1,1,1,1.394,2025-09-17,2025-09-18,,,Cancellations follow fare rules. 3DS-authenticated bookings are treated as cardholder-present.,0.003,8,0,1,train,101
55ab1bda291d,cust_23879,friendly_fraud_long_tenure,not_as_described,ecommerce,5064.77,0,0,1,1.0,1.0,656,2,1,25,1.362,2025-03-27,2025-04-21,,,30-day returns on unused goods. Signature on delivery is accepted proof of receipt.,-0.1632,2,0,1,train,101
c6aaf7a74c6e,cust_52243,unauthorized_3ds,unauthorized,travel,4719.55,1,1,1,1.0,0.0,360,0,1,25,0.919,2025-01-31,2025-02-25,TRK715387185,2025-02-01 11:00:00,Cancellations follow fare rules. 3DS-authenticated bookings are treated as cardholder-present.,-0.1667,1,0,1,train,101
6aceb7acf80e,cust_65301,high_velocity_attack,unauthorized,travel,1740.67,1,1,0,0.0,0.0,81,0,7,7,2.447,2025-08-05,2025-08-12,TRK319151277,2025-08-05 19:00:00,Cancellations follow fare rules. 3DS-authenticated bookings are treated as cardholder-present.,-0.273,7,0,0,train,101
035247f74057,cust_91690,friendly_fraud_long_tenure,item_not_received,fashion,3444.71,1,1,0,1.0,1.0,1032,4,1,3,1.827,2025-03-15,2025-03-18,TRK843858564,2025-03-17 08:00:00,7-day exchange window. Delivery photo and tracking are retained for 180 days.,0.0513,2,1,1,train,101
b85cc27806ab,cust_73296,friendly_fraud_long_tenure,not_as_described,fashion,3213.54,1,1,0,1.0,1.0,245,0,2,29,1.254,2025-08-18,2025-09-16,TRK657339656,2025-08-19 11:00:00,7-day exchange window. Delivery photo and tracking are retained for 180 days.,-0.0157,7,0,0,train,101
71e7018bfdfd,cust_76413,unauthorized_3ds,unauthorized,ecommerce,4983.04,0,1,1,1.0,0.0,506,0,2,7,1.297,2025-06-02,2025-06-09,,,30-day returns on unused goods. Signature on delivery is accepted proof of receipt.,-0.0635,5,0,0,train,101
ec79288b9146,cust_71211,high_velocity_attack,unauthorized,travel,4007.72,0,1,0,0.0,0.0,152,0,7,8,1.81,2025-05-22,2025-05-30,,,Cancellations follow fare rules. 3DS-authenticated bookings are treated as cardholder-present.,0.0882,4,0,0,train,101
d6ff2fcc029b,cust_25478,unauthorized_3ds,unauthorized,digital_goods,3315.65,1,1,1,1.0,1.0,536,0,1,13,1.592,2025-08-04,2025-08-17,TRK370778577,2025-08-05 21:00:00,Digital items are non-refundable after delivery to the registered account.,0.196,7,0,1,train,101
34ae555b8280,cust_77255,unauthorized_3ds,unauthorized,ecommerce,3186.74,1,1,1,1.0,1.0,632,0,1,11,1.389,2025-05-07,2025-05-18,TRK288896352,2025-05-10 06:00:00,30-day returns on unused goods. Signature on delivery is accepted proof of receipt.,-0.1073,4,0,1,train,101
7447e2bd8b37,cust_92843,inr_delivery_confirmed,item_not_received,grocery,1213.17,1,1,1,1.0,0.0,135,1,2,2,0.956,2025-07-22,2025-07-24,TRK489189881,2025-07-24 17:00:00,Perishable goods are non-returnable after delivery confirmation.,0.0262,6,0,1,train,101
bb122e5e4bb4,cust_96553,no_evidence,not_as_described,services,2971.96,0,0,0,0.0,0.0,0,2,1,5,1.95,2025-06-30,2025-07-05,,,Service completion notes and customer confirmation emails are retained.,0.0412,6,0,0,train,101
256bf4b9826e,cust_14931,unauthorized_3ds,unauthorized,travel,6247.25,1,0,1,1.0,0.0,188,0,1,8,1.059,2025-06-17,2025-06-25,TRK598253623,2025-06-18 11:00:00,Cancellations follow fare rules. 3DS-authenticated bookings are treated as cardholder-present.,0.1033,5,0,1,train,101
2e611e348371,cust_93338,inr_delivery_confirmed,item_not_received,grocery,2317.8,1,0,1,0.0,1.0,455,0,1,14,1.2,2025-02-03,2025-02-17,TRK437628376,2025-02-06 13:00:00,Perishable goods are non-returnable after delivery confirmation.,0.0094,1,0,0,train,101
952e7b23d072,cust_64730,inr_delivery_confirmed,item_not_received,grocery,2297.7,1,1,0,0.0,1.0,758,0,2,6,,2025-06-20,2025-06-26,TRK354581752,2025-06-22 22:00:00,Perishable goods are non-returnable after delivery confirmation.,0.0241,5,0,1,train,101
50210ed34dbe,cust_12956,unauthorized_3ds,unauthorized,ecommerce,6537.35,1,1,0,1.0,1.0,440,0,3,14,1.363,2025-02-17,2025-03-03,TRK738059319,2025-02-18 14:00:00,30-day returns on unused goods. Signature on delivery is accepted proof of receipt.,0.0248,1,0,0,train,101
6766f649198d,cust_29657,no_evidence,not_as_described,ecommerce,7037.58,0,1,0,1.0,0.0,0,0,3,26,3.017,2025-08-14,2025-09-09,,,30-day returns on unused goods. Signature on delivery is accepted proof of receipt.,0.1849,7,1,1,train,101
0e028f0fab41,cust_61690,no_evidence,item_not_received,digital_goods,4041.3,0,0,1,0.0,0.0,72,0,3,20,1.025,2025-05-20,2025-06-09,,,Digital items are non-refundable after delivery to the registered account.,-0.0745,4,0,0,train,101
c1f150835936,cust_59513,friendly_fraud_long_tenure,not_as_described,ecommerce,3469.99,1,0,0,1.0,1.0,315,8,1,41,1.535,2025-04-09,2025-05-20,TRK820139640,2025-04-10 16:00:00,30-day returns on unused goods. Signature on delivery is accepted proof of receipt.,-0.0345,3,0,1,train,101
0512035969ae,cust_12562,inr_delivery_confirmed,item_not_received,grocery,2485.88,1,0,0,0.0,1.0,790,0,1,5,0.921,2025-03-28,2025-04-02,TRK124748229,2025-03-31 12:00:00,Perishable goods are non-returnable after delivery confirmation.,0.162,2,0,0,train,101
cf15bf5efeb6,cust_22874,high_velocity_attack,unauthorized,travel,674.09,0,0,0,0.0,0.0,120,0,7,4,3.467,2025-06-12,2025-06-16,,,Cancellations follow fare rules. 3DS-authenticated bookings are treated as cardholder-present.,-0.0414,5,1,1,train,101
db08dc6c63bb,cust_10976,friendly_fraud_long_tenure,not_as_described,digital_goods,2481.65,0,0,1,1.0,1.0,569,1,1,20,1.403,2025-05-17,2025-06-06,,,Digital items are non-refundable after delivery to the registered account.,-0.1364,4,0,0,train,101
66959781197a,cust_14260,no_evidence,not_as_described,digital_goods,2263.22,0,0,0,0.0,0.0,31,1,1,47,0.1,2025-07-31,2025-09-16,,,Digital items are non-refundable after delivery to the registered account.,-0.021,7,0,1,train,101
8e2bb98c3f92,cust_27763,inr_delivery_confirmed,item_not_received,fashion,3078.37,1,0,1,1.0,1.0,319,0,1,21,0.363,2025-09-06,2025-09-27,TRK316840444,2025-09-09 15:00:00,7-day exchange window. Delivery photo and tracking are retained for 180 days.,0.1798,8,0,1,train,101
fe5e582fa5e0,cust_14088,inr_delivery_confirmed,item_not_received,ecommerce,3247.54,0,1,1,0.0,1.0,565,1,1,37,1.035,2025-07-26,2025-09-01,,,30-day returns on unused goods. Signature on delivery is accepted proof of receipt.,0.1774,6,0,0,train,101
bab569537f6a,cust_87440,unauthorized_3ds,unauthorized,digital_goods,4373.41,1,1,1,0.0,1.0,114,0,1,11,0.973,2025-04-11,2025-04-22,TRK427005853,2025-04-13 16:00:00,Digital items are non-refundable after delivery to the registered account.,0.1107,3,0,1,train,101
fcf19dec14aa,cust_54300,inr_delivery_confirmed,item_not_received,grocery,1720.83,1,0,1,1.0,1.0,922,0,1,14,0.937,2025-04-15,2025-04-29,TRK785482739,2025-04-17 17:00:00,Perishable goods are non-returnable after delivery confirmation.,-0.0971,3,1,0,train,101
a703696f04e2,cust_23417,no_evidence,not_as_described,ecommerce,938.41,1,0,0,0.0,0.0,71,3,1,36,0.481,2025-02-17,2025-03-25,TRK844670512,2025-02-19 06:00:00,30-day returns on unused goods. Signature on delivery is accepted proof of receipt.,-0.1113,1,0,0,train,101
15e10535808d,cust_32686,inr_delivery_confirmed,item_not_received,ecommerce,3893.02,1,1,0,0.0,0.0,71,2,1,14,0.987,2025-07-16,2025-07-30,TRK877911064,2025-07-17 01:00:00,30-day returns on unused goods. Signature on delivery is accepted proof of receipt.,0.255,6,0,0,train,101
cf0f79d0a7b6,cust_83638,high_velocity_attack,unauthorized,travel,2872.73,0,1,0,0.0,0.0,44,0,4,3,1.452,2025-06-17,2025-06-20,,,Cancellations follow fare rules. 3DS-authenticated bookings are treated as cardholder-present.,-0.0246,5,0,0,train,101
db7e9ffd5de4,cust_45009,high_velocity_attack,unauthorized,ecommerce,2815.7,0,1,0,0.0,0.0,64,0,5,10,3.479,2025-06-03,2025-06-13,,,30-day returns on unused goods. Signature on delivery is accepted proof of receipt.,0.1845,5,0,0,train,101
768998863acc,cust_28905,no_evidence,not_as_described,digital_goods,1366.01,0,0,0,0.0,0.0,37,1,2,27,0.587,2025-08-14,2025-09-10,,,Digital items are non-refundable after delivery to the registered account.,-0.1044,7,0,0,train,101
269653730fc6,cust_64617,no_evidence,not_as_described,services,2299.91,0,0,0,0.0,1.0,0,1,2,32,2.812,2025-03-29,2025-04-30,,,Service completion notes and customer confirmation emails are retained.,0.0113,2,0,0,train,101
40b42df8e03b,cust_98550,unauthorized_3ds,unauthorized,travel,3516.68,0,1,1,1.0,,505,1,2,11,0.1,2025-07-19,2025-07-30,,,Cancellations follow fare rules. 3DS-authenticated bookings are treated as cardholder-present.,0.1797,6,0,1,train,101
6f6edd4e02f3,cust_58531,friendly_fraud_long_tenure,unauthorized,digital_goods,6906.93,0,0,1,1.0,0.0,1170,1,4,22,1.481,2025-02-22,2025-03-16,,,Digital items are non-refundable after delivery to the registered account.,-0.1725,1,0,1,train,101
35ef9ea3e5ba,cust_21773,unauthorized_3ds,unauthorized,digital_goods,5178.54,0,1,1,1.0,,864,0,1,16,1.318,2025-02-25,2025-03-13,,,Digital items are non-refundable after delivery to the registered account.,0.1647,1,0,0,train,101
8920a8dbb9e2,cust_83431,unauthorized_3ds,unauthorized,ecommerce,3966.19,1,1,1,0.0,0.0,267,0,1,18,1.296,2025-06-08,2025-06-26,TRK636175531,2025-06-11 08:00:00,30-day returns on unused goods. Signature on delivery is accepted proof of receipt.,-0.1218,5,0,1,train,101
520bbfd78fa6,cust_76511,inr_delivery_confirmed,item_not_received,fashion,966.26,0,1,1,1.0,1.0,512,3,1,18,0.796,2025-02-14,2025-03-04,,,7-day exchange window. Delivery photo and tracking are retained for 180 days.,0.0223,1,1,0,train,101
66b5a80bb511,cust_66357,no_evidence,unauthorized,services,3623.58,0,0,0,0.0,0.0,0,3,4,14,0.413,2025-02-08,2025-02-22,,,Service completion notes and customer confirmation emails are retained.,0.135,1,0,0,train,101
9f6a5604d043,cust_29971,inr_delivery_confirmed,item_not_received,grocery,1042.97,0,1,1,0.0,1.0,283,0,1,10,0.221,2025-03-14,2025-03-24,,,Perishable goods are non-returnable after delivery confirmation.,-0.2372,2,0,0,train,101
6f3d7d958ff4,cust_30823,unauthorized_3ds,unauthorized,ecommerce,6547.48,1,1,1,1.0,0.0,403,0,5,15,0.753,2025-08-20,2025-09-04,TRK866906198,2025-08-21 02:00:00,30-day returns on unused goods. Signature on delivery is accepted proof of receipt.,0.2334,7,0,1,train,101
6da6843a2c4c,cust_85040,no_evidence,not_as_described,services,2485.65,0,0,0,0.0,0.0,157,0,3,39,1.478,2025-07-23,2025-08-31,,,Service completion notes and customer confirmation emails are retained.,-0.0572,6,0,0,train,101
427d766f0332,cust_98111,high_velocity_attack,unauthorized,digital_goods,5058.7,0,0,1,0.0,0.0,50,0,6,9,2.71,2025-06-19,2025-06-28,,,Digital items are non-refundable after delivery to the registered account.,0.096,5,0,1,train,101
56a4c2bed979,cust_75904,inr_delivery_confirmed,item_not_received,ecommerce,1098.37,1,1,0,1.0,1.0,632,1,1,34,0.995,2025-06-24,2025-07-28,TRK444400495,2025-06-26 02:00:00,30-day returns on unused goods. Signature on delivery is accepted proof of receipt.,0.0456,5,0,0,train,101
3c68d23329ff,cust_33850,high_velocity_attack,unauthorized,travel,2315.58,0,0,0,0.0,0.0,31,0,5,7,1.96,2025-05-18,2025-05-25,,,Cancellations follow fare rules. 3DS-authenticated bookings are treated as cardholder-present.,0.2283,4,0,0,train,101
ca6d162e1e98,cust_65235,high_velocity_attack,unauthorized,ecommerce,6604.16,1,0,1,1.0,0.0,49,0,7,6,1.403,2025-08-30,2025-09-05,TRK673009384,2025-09-02 12:00:00,30-day returns on unused goods. Signature on delivery is accepted proof of receipt.,0.1009,8,0,0,train,101
ebeb414dd051,cust_48995,unauthorized_3ds,unauthorized,digital_goods,9084.02,0,1,1,0.0,1.0,77,2,3,1,0.508,2025-08-17,2025-08-18,,,Digital items are non-refundable after delivery to the registered account.,-0.064,7,0,0,train,101
e03e7d2244ed,cust_38802,inr_delivery_confirmed,item_not_received,ecommerce,4016.06,1,0,1,1.0,1.0,255,0,1,20,0.97,2025-03-14,2025-04-03,TRK629510112,2025-03-15 02:00:00,30-day returns on unused goods. Signature on delivery is accepted proof of receipt.,-0.3714,2,0,1,train,101
df07f3e019ee,cust_43169,unauthorized_3ds,unauthorized,ecommerce,3026.88,1,1,1,0.0,0.0,323,0,2,1,1.039,2025-06-17,2025-06-18,TRK403354814,2025-06-19 23:00:00,30-day returns on unused goods. Signature on delivery is accepted proof of receipt.,-0.0587,5,0,1,train,101
70996a9231c7,cust_11353,unauthorized_3ds,unauthorized,digital_goods,5055.36,1,1,1,0.0,0.0,758,1,1,11,1.188,2025-08-20,2025-08-31,TRK737822962,2025-08-21 04:00:00,Digital items are non-refundable after delivery to the registered account.,-0.0708,7,0,0,train,101
b72d8d86c895,cust_11736,no_evidence,unauthorized,ecommerce,2010.14,0,0,0,0.0,0.0,0,0,2,61,2.253,2025-08-15,2025-10-15,,,30-day returns on unused goods. Signature on delivery is accepted proof of receipt.,-0.0592,7,0,0,train,101
ff4dc20e01e9,cust_96818,inr_delivery_confirmed,item_not_received,ecommerce,3316.15,1,1,0,0.0,0.0,257,2,1,32,0.868,2025-05-26,2025-06-27,TRK400105913,2025-05-29 06:00:00,30-day returns on unused goods. Signature on delivery is accepted proof of receipt.,0.0426,4,1,0,train,101
bbd68e33a4b8,cust_74108,no_evidence,not_as_described,digital_goods,5181.17,0,0,0,0.0,0.0,0,1,3,30,2.476,2025-09-11,2025-10-11,,,Digital items are non-refundable after delivery to the registered account.,0.0451,8,0,0,train,101
10cd19a7a245,cust_34430,unauthorized_3ds,unauthorized,travel,3446.96,1,1,0,1.0,0.0,751,0,2,18,,2025-07-17,2025-08-04,TRK481631082,2025-07-18 00:00:00,Cancellations follow fare rules. 3DS-authenticated bookings are treated as cardholder-present.,-0.0403,6,0,0,train,101
7536e2c97e9c,cust_22739,unauthorized_3ds,unauthorized,ecommerce,7446.2,0,1,1,1.0,0.0,327,0,1,17,2.157,2025-08-26,2025-09-12,,,30-day returns on unused goods. Signature on delivery is accepted proof of receipt.,0.0142,7,0,1,train,101
3ffe615c9dec,cust_52295,friendly_fraud_long_tenure,not_as_described,subscriptions,5245.26,0,0,0,1.0,1.0,1496,0,1,45,2.879,2025-09-10,2025-10-25,,,First billing cycle may be refunded; subsequent cycles require unused-period evidence.,0.0594,8,0,0,train,101
0011ac22e09f,cust_48476,friendly_fraud_long_tenure,not_as_described,ecommerce,5418.78,0,0,1,1.0,0.0,573,3,2,27,1.378,2025-05-10,2025-06-06,,,30-day returns on unused goods. Signature on delivery is accepted proof of receipt.,-0.0772,4,0,0,train,101
cb1da530596d,cust_15619,friendly_fraud_long_tenure,unauthorized,ecommerce,4903.18,0,1,1,1.0,0.0,1010,1,2,3,1.77,2025-07-11,2025-07-14,,,30-day returns on unused goods. Signature on delivery is accepted proof of receipt.,0.0024,6,0,0,train,101
c959c1bead0e,cust_32527,no_evidence,not_as_described,digital_goods,7597.34,0,0,0,,1.0,15,0,3,16,,2025-06-20,2025-07-06,,,Digital items are non-refundable after delivery to the registered account.,-0.0903,5,0,0,train,101
c9e740c2a588,cust_49342,no_evidence,item_not_received,digital_goods,1735.79,0,0,0,0.0,0.0,33,0,1,28,2.938,2025-05-05,2025-06-02,,,Digital items are non-refundable after delivery to the registered account.,-0.2623,4,0,0,train,101
b0d184cc25df,cust_82985,unauthorized_3ds,unauthorized,ecommerce,1929.75,1,1,1,,1.0,806,0,1,22,1.297,2025-07-03,2025-07-25,TRK847487723,2025-07-05 08:00:00,30-day returns on unused goods. Signature on delivery is accepted proof of receipt.,-0.0691,6,0,1,train,101
241015f6d8b0,cust_55655,friendly_fraud_long_tenure,not_as_described,fashion,6767.59,0,1,1,1.0,,727,2,4,14,1.532,2025-02-11,2025-02-25,,,7-day exchange window. Delivery photo and tracking are retained for 180 days.,-0.1722,1,0,0,train,101
2fcb4d280fae,cust_97768,unauthorized_3ds,unauthorized,ecommerce,2320.56,1,1,1,0.0,0.0,530,1,1,7,1.363,2025-05-27,2025-06-03,TRK827304131,2025-05-30 22:00:00,30-day returns on unused goods. Signature on delivery is accepted proof of receipt.,0.0591,4,0,1,train,101
cc96c0e58236,cust_52940,inr_delivery_confirmed,item_not_received,ecommerce,1301.71,1,1,1,1.0,1.0,1039,1,1,34,0.88,2025-02-11,2025-03-17,TRK940977895,2025-02-12 21:00:00,30-day returns on unused goods. Signature on delivery is accepted proof of receipt.,-0.0665,1,0,1,train,101
97a93a7b5b2d,cust_79279,no_evidence,unauthorized,services,3805.46,0,1,0,0.0,,165,0,2,26,0.699,2025-08-18,2025-09-13,,,Service completion notes and customer confirmation emails are retained.,-0.1204,7,0,0,train,101
e942eaccce3e,cust_15225,unauthorized_3ds,unauthorized,ecommerce,1844.87,1,1,1,1.0,0.0,496,2,1,11,1.025,2025-06-04,2025-06-15,TRK305978820,2025-06-05 18:00:00,30-day returns on unused goods. Signature on delivery is accepted proof of receipt.,0.1512,5,0,0,train,101
ce1ed3963499,cust_35581,high_velocity_attack,unauthorized,travel,2712.58,1,0,0,0.0,0.0,79,0,6,10,2.5,2025-04-17,2025-04-27,TRK277996881,2025-04-17 20:00:00,Cancellations follow fare rules. 3DS-authenticated bookings are treated as cardholder-present.,0.1663,3,0,0,train,101
916fb8874327,cust_89257,high_velocity_attack,unauthorized,ecommerce,2907.73,0,0,0,0.0,1.0,7,0,9,6,0.1,2025-08-06,2025-08-12,,,30-day returns on unused goods. Signature on delivery is accepted proof of receipt.,-0.154,7,0,0,train,101
88e52452de7b,cust_21585,unauthorized_3ds,unauthorized,ecommerce,3132.03,0,1,1,1.0,1.0,685,0,1,10,1.34,2025-08-26,2025-09-05,,,30-day returns on unused goods. Signature on delivery is accepted proof of receipt.,-0.0807,7,0,1,train,101
45ba3774d586,cust_22043,high_velocity_attack,unauthorized,ecommerce,2664.88,1,0,0,0.0,0.0,41,1,10,6,2.374,2025-04-15,2025-04-21,TRK495208420,2025-04-17 09:00:00,30-day returns on unused goods. Signature on delivery is accepted proof of receipt.,-0.2923,3,0,0,train,101
0d532c2f3263,cust_76988,high_velocity_attack,unauthorized,ecommerce,2577.06,1,0,0,1.0,0.0,133,0,8,3,1.272,2025-04-14,2025-04-17,TRK314471993,2025-04-16 08:00:00,30-day returns on unused goods. Signature on delivery is accepted proof of receipt.,-0.0848,3,1,1,train,101
3ef7918f06a4,cust_72379,inr_delivery_confirmed,item_not_received,grocery,2352.06,1,0,1,1.0,1.0,383,1,2,20,0.79,2025-07-13,2025-08-02,TRK351554991,2025-07-14 12:00:00,Perishable goods are non-returnable after delivery confirmation.,-0.106,6,0,1,train,101
5af92b29f393,cust_53438,no_evidence,not_as_described,services,1966.05,0,0,0,0.0,1.0,119,2,1,5,0.856,2025-04-14,2025-04-19,,,Service completion notes and customer confirmation emails are retained.,-0.0321,3,0,0,train,101
d49dc6d772c3,cust_87147,unauthorized_3ds,unauthorized,travel,3679.43,0,0,0,1.0,1.0,406,0,1,27,,2025-08-11,2025-09-07,,,Cancellations follow fare rules. 3DS-authenticated bookings are treated as cardholder-present.,0.0334,7,0,0,train,101
c47454a28b06,cust_30953,inr_delivery_confirmed,item_not_received,ecommerce,2266.79,1,0,1,1.0,1.0,387,2,1,23,1.329,2025-08-10,2025-09-02,TRK367736652,2025-08-12 22:00:00,30-day returns on unused goods. Signature on delivery is accepted proof of receipt.,0.0929,7,0,0,train,101
d7bd14a2b0d0,cust_92164,friendly_fraud_long_tenure,item_not_received,digital_goods,5351.12,0,0,1,1.0,0.0,1398,2,1,18,2.094,2025-08-18,2025-09-05,,,Digital items are non-refundable after delivery to the registered account.,-0.0381,7,0,1,train,101
03e9808ffa7a,cust_77133,friendly_fraud_long_tenure,not_as_described,subscriptions,9851.3,0,0,1,0.0,0.0,1216,1,1,38,0.824,2025-01-31,2025-03-10,,,First billing cycle may be refunded; subsequent cycles require unused-period evidence.,-0.0967,1,0,0,train,101
f66feb580ba2,cust_24089,friendly_fraud_long_tenure,not_as_described,ecommerce,4073.72,0,1,0,0.0,1.0,1819,0,1,5,0.617,2025-05-19,2025-05-24,,,30-day returns on unused goods. Signature on delivery is accepted proof of receipt.,0.1403,4,0,0,train,101
2a5d618c3253,cust_65557,friendly_fraud_long_tenure,not_as_described,fashion,3828.53,1,0,1,0.0,0.0,616,2,1,23,1.879,2025-02-27,2025-03-22,TRK535238137,2025-03-01 18:00:00,7-day exchange window. Delivery photo and tracking are retained for 180 days.,0.0566,1,0,1,train,101
316c110562ab,cust_50659,no_evidence,unauthorized,services,3898.41,1,0,0,0.0,0.0,18,0,3,36,2.737,2025-06-18,2025-07-24,TRK121865446,2025-06-19 15:00:00,Service completion notes and customer confirmation emails are retained.,-0.1736,5,1,1,train,101
9ed9ad39336c,cust_66877,high_velocity_attack,unauthorized,digital_goods,2043.67,1,0,0,0.0,1.0,132,0,10,10,2.982,2025-06-09,2025-06-19,TRK106672755,2025-06-12 22:00:00,Digital items are non-refundable after delivery to the registered account.,0.0567,5,0,0,train,101
d66eb9a38f27,cust_72020,unauthorized_3ds,unauthorized,travel,4998.33,0,1,1,1.0,0.0,359,0,1,8,1.864,2025-04-09,2025-04-17,,,Cancellations follow fare rules. 3DS-authenticated bookings are treated as cardholder-present.,0.236,3,0,0,train,101
b615e15fe8a1,cust_68113,inr_delivery_confirmed,item_not_received,fashion,1557.78,1,0,1,1.0,1.0,629,0,1,9,1.276,2025-03-11,2025-03-20,TRK441885593,2025-03-13 13:00:00,7-day exchange window. Delivery photo and tracking are retained for 180 days.,0.0646,2,0,1,train,101
05246e1dfaf2,cust_72013,friendly_fraud_long_tenure,unauthorized,fashion,4620.73,0,1,0,1.0,0.0,412,2,1,19,1.243,2025-03-12,2025-03-31,,,7-day exchange window. Delivery photo and tracking are retained for 180 days.,-0.0789,2,0,0,train,101
83389b687ab6,cust_67342,high_velocity_attack,unauthorized,ecommerce,3811.8,0,0,0,0.0,0.0,3,0,9,1,1.144,2025-02-10,2025-02-11,,,30-day returns on unused goods. Signature on delivery is accepted proof of receipt.,-0.0389,1,0,0,train,101
67c74daada43,cust_11871,friendly_fraud_long_tenure,unauthorized,ecommerce,3615.76,0,1,1,0.0,0.0,328,2,2,10,0.305,2025-03-09,2025-03-19,,,30-day returns on unused goods. Signature on delivery is accepted proof of receipt.,0.0815,2,0,1,train,101
d712ac169da8,cust_80267,inr_delivery_confirmed,item_not_received,fashion,2207.08,1,1,1,0.0,1.0,286,0,2,9,1.351,2025-03-19,2025-03-28,TRK848516943,2025-03-22 23:00:00,7-day exchange window. Delivery photo and tracking are retained for 180 days.,0.1212,2,0,0,train,101
47a0ec44e806,cust_24366,high_velocity_attack,unauthorized,travel,2937.7,0,0,0,0.0,0.0,121,0,7,8,2.858,2025-05-22,2025-05-30,,,Cancellations follow fare rules. 3DS-authenticated bookings are treated as cardholder-present.,0.0329,4,0,1,train,101
352526f2c578,cust_76370,no_evidence,item_not_received,services,3177.37,0,0,0,0.0,0.0,132,0,4,5,2.502,2025-09-11,2025-09-16,,,Service completion notes and customer confirmation emails are retained.,0.1334,8,0,1,train,101
02b68e8c3f5f,cust_90113,friendly_fraud_long_tenure,item_not_received,ecommerce,1587.84,0,0,1,1.0,0.0,1016,0,1,33,1.511,2025-08-01,2025-09-03,,,30-day returns on unused goods. Signature on delivery is accepted proof of receipt.,0.0722,7,0,0,train,101
f9f02020ed28,cust_21577,high_velocity_attack,unauthorized,travel,2122.35,0,0,0,0.0,0.0,72,0,6,3,1.323,2025-08-24,2025-08-27,,,Cancellations follow fare rules. 3DS-authenticated bookings are treated as cardholder-present.,-0.0353,7,0,0,train,101
184d93bb0d5c,cust_50101,inr_delivery_confirmed,item_not_received,fashion,4178.21,0,1,1,0.0,0.0,641,0,1,32,1.383,2025-07-20,2025-08-21,,,7-day exchange window. Delivery photo and tracking are retained for 180 days.,-0.0036,6,0,1,train,101
50fcbf2431ff,cust_62634,unauthorized_3ds,unauthorized,travel,2316.77,0,1,0,1.0,0.0,752,1,1,11,0.77,2025-06-20,2025-07-01,,,Cancellations follow fare rules. 3DS-authenticated bookings are treated as cardholder-present.,0.0207,5,0,1,train,101
7e50033b6c2c,cust_62582,high_velocity_attack,unauthorized,travel,1129.72,1,1,0,1.0,1.0,0,0,8,9,3.521,2025-03-22,2025-03-31,TRK768116205,2025-03-25 19:00:00,Cancellations follow fare rules. 3DS-authenticated bookings are treated as cardholder-present.,-0.0001,2,0,0,train,101
51980c7a72d5,cust_46570,friendly_fraud_long_tenure,not_as_described,subscriptions,5873.55,1,0,1,0.0,1.0,705,1,4,35,,2025-06-11,2025-07-16,TRK523173063,2025-06-13 01:00:00,First billing cycle may be refunded; subsequent cycles require unused-period evidence.,-0.0023,5,0,0,train,101
7f8ef959f429,cust_50077,friendly_fraud_long_tenure,not_as_described,ecommerce,1885.32,1,1,0,1.0,1.0,988,2,1,30,,2025-02-02,2025-03-04,TRK852294424,2025-02-04 20:00:00,30-day returns on unused goods. Signature on delivery is accepted proof of receipt.,0.062,1,0,0,train,101
eeefd8cc3e02,cust_65853,friendly_fraud_long_tenure,unauthorized,ecommerce,3937.58,0,1,1,,1.0,532,0,1,24,1.058,2025-02-08,2025-03-04,,,30-day returns on unused goods. Signature on delivery is accepted proof of receipt.,0.0517,1,0,0,train,101
acd7e050bae0,cust_91156,no_evidence,unauthorized,services,1149.88,0,0,0,0.0,0.0,102,2,1,23,1.98,2025-08-07,2025-08-30,,,Service completion notes and customer confirmation emails are retained.,-0.1467,7,0,0,train,101
35b5bc1f76ae,cust_98699,friendly_fraud_long_tenure,item_not_received,digital_goods,7769.95,1,0,1,0.0,0.0,597,2,1,22,1.057,2025-08-13,2025-09-04,TRK995534466,2025-08-15 09:00:00,Digital items are non-refundable after delivery to the registered account.,-0.0289,7,0,1,train,101
4e1cb3e67711,cust_31445,high_velocity_attack,unauthorized,digital_goods,2784.56,0,0,0,0.0,0.0,23,0,6,10,3.202,2025-03-06,2025-03-16,,,Digital items are non-refundable after delivery to the registered account.,0.085,2,0,0,train,101
cc7a1961c753,cust_95132,high_velocity_attack,unauthorized,ecommerce,1230.58,0,0,0,0.0,0.0,81,0,11,2,2.519,2025-02-07,2025-02-09,,,30-day returns on unused goods. Signature on delivery is accepted proof of receipt.,-0.0666,1,0,0,train,101
529624583286,cust_12651,unauthorized_3ds,unauthorized,ecommerce,5059.04,1,1,1,1.0,0.0,390,1,2,11,,2025-06-27,2025-07-08,TRK440947865,2025-06-28 09:00:00,30-day returns on unused goods. Signature on delivery is accepted proof of receipt.,0.0499,5,0,1,train,101
de629915e5a6,cust_59657,no_evidence,item_not_received,digital_goods,4353.49,1,0,0,0.0,0.0,103,1,2,35,0.948,2025-07-14,2025-08-18,TRK145400566,2025-07-17 22:00:00,Digital items are non-refundable after delivery to the registered account.,-0.21,6,0,0,train,101
30ddc403aa78,cust_21591,friendly_fraud_long_tenure,unauthorized,ecommerce,6257.01,0,1,1,,0.0,1133,1,2,29,1.347,2025-06-13,2025-07-12,,,30-day returns on unused goods. Signature on delivery is accepted proof of receipt.,-0.0763,5,0,0,train,101
a89d14ce5a8a,cust_91004,inr_delivery_confirmed,item_not_received,ecommerce,1985.45,1,1,0,1.0,1.0,790,0,1,26,0.705,2025-07-03,2025-07-29,TRK302361980,2025-07-04 23:00:00,30-day returns on unused goods. Signature on delivery is accepted proof of receipt.,-0.0725,6,1,1,train,101
5b1a6200f027,cust_35681,inr_delivery_confirmed,item_not_received,fashion,1858.41,1,1,1,0.0,1.0,233,0,2,2,0.844,2025-06-12,2025-06-14,TRK550830621,2025-06-14 23:00:00,7-day exchange window. Delivery photo and tracking are retained for 180 days.,0.0044,5,0,0,train,101
ca2959a4f37a,cust_13377,high_velocity_attack,unauthorized,digital_goods,1765.15,0,0,1,0.0,0.0,37,0,4,12,,2025-04-09,2025-04-21,,,Digital items are non-refundable after delivery to the registered account.,0.0663,3,0,0,train,101
6774ca43a692,cust_23401,no_evidence,item_not_received,digital_goods,8650.97,0,0,0,0.0,0.0,127,0,1,12,1.152,2025-04-07,2025-04-19,,,Digital items are non-refundable after delivery to the registered account.,-0.018,3,1,0,train,101
835f7fdc2240,cust_95478,inr_delivery_confirmed,item_not_received,ecommerce,4889.26,1,0,0,0.0,0.0,596,1,1,32,1.251,2025-03-13,2025-04-14,TRK764738849,2025-03-14 05:00:00,30-day returns on unused goods. Signature on delivery is accepted proof of receipt.,-0.0681,2,0,1,train,101
189770b3bc23,cust_37762,no_evidence,unauthorized,ecommerce,3147.28,0,0,0,1.0,0.0,37,0,4,53,0.73,2025-04-01,2025-05-24,,,30-day returns on unused goods. Signature on delivery is accepted proof of receipt.,0.0484,3,0,0,train,101
921092d6a9b6,cust_20187,friendly_fraud_long_tenure,unauthorized,fashion,5406.04,1,0,1,1.0,0.0,1029,2,1,17,1.619,2025-06-22,2025-07-09,TRK901507595,2025-06-24 14:00:00,7-day exchange window. Delivery photo and tracking are retained for 180 days.,-0.0732,5,0,0,train,101
cb3e939c70a2,cust_35318,unauthorized_3ds,unauthorized,ecommerce,5298.79,0,1,1,1.0,1.0,565,0,1,19,1.213,2025-07-24,2025-08-12,,,30-day returns on unused goods. Signature on delivery is accepted proof of receipt.,0.0083,6,0,1,train,101
e54969b9d9b3,cust_10787,high_velocity_attack,unauthorized,travel,1837.72,0,0,0,0.0,0.0,14,0,4,6,1.199,2025-07-03,2025-07-09,,,Cancellations follow fare rules. 3DS-authenticated bookings are treated as cardholder-present.,0.0907,6,0,0,train,101
7c29f4b2fb8e,cust_94840,no_evidence,unauthorized,ecommerce,6796.32,0,0,0,1.0,0.0,0,0,3,33,0.1,2025-08-25,2025-09-27,,,30-day returns on unused goods. Signature on delivery is accepted proof of receipt.,0.0393,7,0,1,train,101
697e31de574b,cust_35997,no_evidence,not_as_described,digital_goods,3366.12,0,0,0,0.0,0.0,257,1,4,27,1.534,2025-06-15,2025-07-12,,,Digital items are non-refundable after delivery to the registered account.,-0.0715,5,0,0,train,101
9ed0c449e769,cust_42836,friendly_fraud_long_tenure,not_as_described,digital_goods,4330.45,1,1,0,1.0,0.0,994,5,1,4,1.428,2025-04-16,2025-04-20,TRK895897869,2025-04-18 15:00:00,Digital items are non-refundable after delivery to the registered account.,0.2365,3,0,0,train,101
81fd3c71de45,cust_54745,unauthorized_3ds,unauthorized,digital_goods,5950.92,0,1,1,1.0,1.0,365,0,1,18,1.033,2025-08-26,2025-09-13,,,Digital items are non-refundable after delivery to the registered account.,0.1539,7,0,1,train,101
4defcd31c7b1,cust_63190,unauthorized_3ds,unauthorized,ecommerce,4107.16,1,1,1,1.0,0.0,211,0,4,14,1.58,2025-06-22,2025-07-06,TRK768187066,2025-06-24 15:00:00,30-day returns on unused goods. Signature on delivery is accepted proof of receipt.,0.029,5,0,1,train,101
5de98447f8c9,cust_49786,friendly_fraud_long_tenure,not_as_described,fashion,15116.3,1,1,0,1.0,1.0,920,3,1,3,,2025-03-14,2025-03-17,TRK767425005,2025-03-15 20:00:00,7-day exchange window. Delivery photo and tracking are retained for 180 days.,0.1536,2,0,0,train,101
4be2d5dfa0a8,cust_74157,friendly_fraud_long_tenure,unauthorized,fashion,5765.21,1,0,1,0.0,1.0,1320,0,1,3,0.539,2025-03-18,2025-03-21,TRK741349835,2025-03-21 16:00:00,7-day exchange window. Delivery photo and tracking are retained for 180 days.,-0.0719,2,0,1,train,101
8b06fbf2ab3a,cust_21016,no_evidence,not_as_described,ecommerce,4567.87,0,0,0,0.0,0.0,193,1,2,12,1.454,2025-09-03,2025-09-15,,,30-day returns on unused goods. Signature on delivery is accepted proof of receipt.,-0.0015,8,0,0,train,101
0dde7bc33950,cust_10393,friendly_fraud_long_tenure,not_as_described,fashion,6648.09,1,1,1,1.0,1.0,1246,0,2,32,1.643,2025-08-07,2025-09-08,TRK887638806,2025-08-08 10:00:00,7-day exchange window. Delivery photo and tracking are retained for 180 days.,0.0874,7,0,0,train,101
537925190bad,cust_60734,inr_delivery_confirmed,item_not_received,grocery,4913.18,1,1,1,0.0,1.0,871,0,3,28,1.269,2025-08-26,2025-09-23,TRK185710916,2025-08-27 05:00:00,Perishable goods are non-returnable after delivery confirmation.,-0.0414,7,0,1,train,101
eb16c58a2a7e,cust_41804,no_evidence,unauthorized,digital_goods,3444.8,0,0,0,,0.0,16,1,1,13,1.054,2025-09-07,2025-09-20,,,Digital items are non-refundable after delivery to the registered account.,-0.0544,8,0,0,train,101
b40749f7a1e8,cust_67478,inr_delivery_confirmed,item_not_received,grocery,2932.19,0,1,1,1.0,0.0,431,0,2,6,0.895,2025-02-04,2025-02-10,,,Perishable goods are non-returnable after delivery confirmation.,-0.031,1,0,1,train,101
e6958242a16a,cust_31632,friendly_fraud_long_tenure,not_as_described,subscriptions,7496.58,1,0,1,1.0,1.0,782,3,1,33,0.748,2025-03-07,2025-04-09,TRK283675334,2025-03-09 16:00:00,First billing cycle may be refunded; subsequent cycles require unused-period evidence.,0.0244,2,0,0,train,101
43b118163f30,cust_10428,friendly_fraud_long_tenure,unauthorized,fashion,6972.29,0,1,1,1.0,0.0,1171,0,1,26,2.438,2025-08-26,2025-09-21,,,7-day exchange window. Delivery photo and tracking are retained for 180 days.,0.089,7,0,0,train,101
4b4d6ea59b1a,cust_35700,unauthorized_3ds,unauthorized,ecommerce,4586.89,0,1,1,0.0,0.0,622,0,1,4,1.404,2025-04-11,2025-04-15,,,30-day returns on unused goods. Signature on delivery is accepted proof of receipt.,-0.151,3,0,0,train,101
cbac6b6715cb,cust_52796,inr_delivery_confirmed,item_not_received,fashion,9558.11,1,0,0,1.0,1.0,488,0,1,21,,2025-09-01,2025-09-22,TRK417451676,2025-09-02 04:00:00,7-day exchange window. Delivery photo and tracking are retained for 180 days.,0.0412,8,0,0,train,101
74cee1791f59,cust_90667,friendly_fraud_long_tenure,item_not_received,digital_goods,8206.12,1,1,1,1.0,0.0,1252,0,2,15,0.372,2025-02-16,2025-03-03,TRK630891698,2025-02-19 06:00:00,Digital items are non-refundable after delivery to the registered account.,0.0078,1,0,0,train,101
2d0b33a79a13,cust_12596,high_velocity_attack,unauthorized,travel,4056.98,0,1,0,0.0,0.0,169,2,8,15,1.357,2025-08-25,2025-09-09,,,Cancellations follow fare rules. 3DS-authenticated bookings are treated as cardholder-present.,0.0575,7,0,0,train,101
2c03808f1380,cust_52217,friendly_fraud_long_tenure,not_as_described,ecommerce,7515.72,1,1,0,1.0,0.0,1159,4,1,4,1.325,2025-05-05,2025-05-09,TRK835102561,2025-05-06 14:00:00,30-day returns on unused goods. Signature on delivery is accepted proof of receipt.,-0.0379,4,0,0,train,101
b9c33e513171,cust_56081,inr_delivery_confirmed,item_not_received,fashion,2939.88,0,0,1,1.0,1.0,1153,1,1,17,0.629,2025-09-10,2025-09-27,,,7-day exchange window. Delivery photo and tracking are retained for 180 days.,0.0506,8,1,0,train,101
ac168b0969fa,cust_17331,friendly_fraud_long_tenure,item_not_received,fashion,9154.3,1,1,0,1.0,1.0,1099,1,2,24,1.143,2025-05-08,2025-06-01,TRK201640041,2025-05-09 14:00:00,7-day exchange window. Delivery photo and tracking are retained for 180 days.,-0.0107,4,0,0,train,101
ab2ca2ca5317,cust_67059,unauthorized_3ds,unauthorized,ecommerce,7429.0,1,1,1,1.0,0.0,735,1,1,15,0.67,2025-04-04,2025-04-19,TRK256226825,2025-04-06 20:00:00,30-day returns on unused goods. Signature on delivery is accepted proof of receipt.,0.0658,3,0,1,train,101
9ee9a035d9f8,cust_82718,friendly_fraud_long_tenure,unauthorized,fashion,1957.54,1,1,1,1.0,0.0,1061,2,1,19,1.927,2025-05-26,2025-06-14,TRK134761251,2025-05-29 15:00:00,7-day exchange window. Delivery photo and tracking are retained for 180 days.,-0.0934,4,0,0,train,101
f8f589df66f1,cust_45856,unauthorized_3ds,unauthorized,ecommerce,3221.22,1,1,1,,0.0,480,0,1,13,0.93,2025-06-09,2025-06-22,TRK709123205,2025-06-12 06:00:00,30-day returns on unused goods. Signature on delivery is accepted proof of receipt.,-0.0941,5,0,1,train,101
c9be91358137,cust_54351,unauthorized_3ds,unauthorized,digital_goods,2885.74,0,1,1,1.0,1.0,277,2,4,1,0.853,2025-03-16,2025-03-17,,,Digital items are non-refundable after delivery to the registered account.,0.2374,2,0,0,train,101
b46d178fca29,cust_33249,unauthorized_3ds,unauthorized,ecommerce,5370.42,0,1,1,0.0,0.0,471,0,1,8,0.987,2025-08-16,2025-08-24,,,30-day returns on unused goods. Signature on delivery is accepted proof of receipt.,-0.0408,7,0,0,train,101
51e83d9ebd0b,cust_81694,inr_delivery_confirmed,item_not_received,fashion,1834.44,1,1,1,1.0,1.0,888,0,2,29,1.006,2025-04-27,2025-05-26,TRK729479745,2025-04-30 18:00:00,7-day exchange window. Delivery photo and tracking are retained for 180 days.,-0.257,3,0,1,train,101
0d28fdb83726,cust_27250,unauthorized_3ds,unauthorized,digital_goods,2917.23,1,1,1,1.0,1.0,31,0,1,24,0.717,2025-06-23,2025-07-17,TRK835669567,2025-06-24 12:00:00,Digital items are non-refundable after delivery to the registered account.,0.0677,5,0,0,train,101
2976ca9e1245,cust_31964,friendly_fraud_long_tenure,unauthorized,digital_goods,13762.22,0,1,0,1.0,0.0,812,0,3,44,0.734,2025-03-02,2025-04-15,,,Digital items are non-refundable after delivery to the registered account.,-0.0099,2,0,1,train,101
ec12af9df658,cust_13610,no_evidence,unauthorized,digital_goods,5391.67,0,0,0,0.0,0.0,80,0,2,10,1.475,2025-02-09,2025-02-19,,,Digital items are non-refundable after delivery to the registered account.,0.0388,1,0,0,train,101
f4f28a80a818,cust_45873,friendly_fraud_long_tenure,item_not_received,subscriptions,6434.15,0,0,1,1.0,1.0,696,1,3,10,1.069,2025-02-17,2025-02-27,,,First billing cycle may be refunded; subsequent cycles require unused-period evidence.,-0.1436,1,0,1,train,101
58ba0b13e5e5,cust_48719,high_velocity_attack,unauthorized,travel,654.83,0,0,0,0.0,0.0,51,0,9,4,1.657,2025-09-07,2025-09-11,,,Cancellations follow fare rules. 3DS-authenticated bookings are treated as cardholder-present.,0.3853,8,0,0,train,101
08811f1b0b95,cust_50457,no_evidence,not_as_described,digital_goods,4071.08,0,0,1,1.0,0.0,0,1,3,5,1.964,2025-08-04,2025-08-09,,,Digital items are non-refundable after delivery to the registered account.,-0.0848,7,0,0,train,101
e3778b6a0f6f,cust_72710,no_evidence,not_as_described,digital_goods,3829.45,0,0,0,0.0,,88,2,1,31,1.712,2025-04-07,2025-05-08,,,Digital items are non-refundable after delivery to the registered account.,-0.0714,3,0,0,train,101
3e07ce983d62,cust_42114,no_evidence,not_as_described,services,2908.85,1,0,0,1.0,0.0,74,0,1,30,2.377,2025-06-22,2025-07-22,TRK638569497,2025-06-24 21:00:00,Service completion notes and customer confirmation emails are retained.,-0.003,5,0,0,train,101
ddc03e45a3ff,cust_96285,unauthorized_3ds,unauthorized,ecommerce,5528.35,0,0,1,1.0,0.0,669,1,1,10,1.722,2025-07-26,2025-08-05,,,30-day returns on unused goods. Signature on delivery is accepted proof of receipt.,-0.0472,6,0,1,train,101
2799384b21dd,cust_21208,friendly_fraud_long_tenure,item_not_received,digital_goods,4513.62,0,0,1,0.0,1.0,1171,3,3,29,1.317,2025-07-10,2025-08-08,,,Digital items are non-refundable after delivery to the registered account.,-0.0463,6,0,0,train,101
953d69b46f4b,cust_11529,no_evidence,unauthorized,services,1837.48,0,0,0,0.0,0.0,147,0,2,18,0.711,2025-04-05,2025-04-23,,,Service completion notes and customer confirmation emails are retained.,-0.051,3,0,0,train,101
edf605fe6718,cust_83966,unauthorized_3ds,unauthorized,ecommerce,3370.51,0,1,0,0.0,0.0,763,1,1,1,0.852,2025-08-24,2025-08-25,,,30-day returns on unused goods. Signature on delivery is accepted proof of receipt.,-0.1448,7,0,1,train,101
df6c0ee70ac6,cust_82218,no_evidence,unauthorized,ecommerce,2821.29,1,0,0,0.0,1.0,439,0,2,23,1.859,2025-06-02,2025-06-25,TRK137034408,2025-06-05 16:00:00,30-day returns on unused goods. Signature on delivery is accepted proof of receipt.,0.146,5,0,0,train,101
eda78cda3712,cust_27565,high_velocity_attack,unauthorized,ecommerce,2719.51,0,1,0,0.0,1.0,61,0,4,5,1.001,2025-03-11,2025-03-16,,,30-day returns on unused goods. Signature on delivery is accepted proof of receipt.,0.2473,2,0,0,train,101
538e7e88e9c0,cust_18079,unauthorized_3ds,unauthorized,digital_goods,3023.03,0,1,1,1.0,0.0,478,0,1,5,1.232,2025-02-23,2025-02-28,,,Digital items are non-refundable after delivery to the registered account.,-0.0237,1,0,0,train,101
c36271102bda,cust_18472,friendly_fraud_long_tenure,item_not_received,fashion,8984.26,1,1,1,0.0,0.0,306,2,1,3,0.904,2025-06-18,2025-06-21,TRK754948529,2025-06-19 09:00:00,7-day exchange window. Delivery photo and tracking are retained for 180 days.,-0.0074,5,0,0,train,101
38f1e93fa9ca,cust_81535,inr_delivery_confirmed,item_not_received,ecommerce,1588.33,1,1,1,1.0,1.0,1303,3,1,24,0.608,2025-05-01,2025-05-25,TRK887575614,2025-05-03 18:00:00,30-day returns on unused goods. Signature on delivery is accepted proof of receipt.,-0.0904,4,0,1,train,101
176d506659b8,cust_74500,unauthorized_3ds,unauthorized,ecommerce,2745.84,1,1,1,0.0,,781,0,1,17,0.17,2025-08-24,2025-09-10,TRK459481617,2025-08-25 07:00:00,30-day returns on unused goods. Signature on delivery is accepted proof of receipt.,-0.1936,7,0,1,train,101
cd806b1409a4,cust_90884,friendly_fraud_long_tenure,not_as_described,subscriptions,4615.81,1,0,1,0.0,1.0,787,2,1,13,,2025-06-12,2025-06-25,TRK107113120,2025-06-13 16:00:00,First billing cycle may be refunded; subsequent cycles require unused-period evidence.,-0.127,5,0,1,train,101
d1bfb63a9eb7,cust_92942,friendly_fraud_long_tenure,unauthorized,fashion,8675.76,1,0,1,1.0,1.0,1312,0,2,3,0.985,2025-02-27,2025-03-02,TRK923299875,2025-02-28 01:00:00,7-day exchange window. Delivery photo and tracking are retained for 180 days.,-0.0438,1,0,0,train,101
7a0a13beedbf,cust_80421,inr_delivery_confirmed,item_not_received,grocery,3823.83,1,1,0,0.0,1.0,261,1,4,17,0.739,2025-08-01,2025-08-18,TRK219217020,2025-08-02 10:00:00,Perishable goods are non-returnable after delivery confirmation.,-0.1643,7,0,0,train,101
44033760e398,cust_84220,high_velocity_attack,unauthorized,digital_goods,2243.49,0,0,0,0.0,0.0,0,0,5,1,5.04,2025-07-10,2025-07-11,,,Digital items are non-refundable after delivery to the registered account.,0.1669,6,0,0,train,101
df70f0e8bcfe,cust_95552,inr_delivery_confirmed,item_not_received,ecommerce,2901.54,0,1,1,1.0,1.0,589,0,1,6,0.781,2025-05-18,2025-05-24,,,30-day returns on unused goods. Signature on delivery is accepted proof of receipt.,0.0681,4,0,1,train,101
7f04796a1d51,cust_90436,unauthorized_3ds,unauthorized,digital_goods,1775.54,0,1,1,0.0,1.0,537,0,1,2,,2025-07-14,2025-07-16,,,Digital items are non-refundable after delivery to the registered account.,-0.0486,6,0,1,train,101
24e7f89638d6,cust_14454,friendly_fraud_long_tenure,not_as_described,subscriptions,4052.25,0,1,0,1.0,1.0,950,0,1,27,1.549,2025-08-16,2025-09-12,,,First billing cycle may be refunded; subsequent cycles require unused-period evidence.,-0.167,7,0,0,train,101
af21fd03cfea,cust_59396,friendly_fraud_long_tenure,not_as_described,fashion,5376.32,0,1,1,1.0,1.0,888,1,1,16,1.285,2025-02-26,2025-03-14,,,7-day exchange window. Delivery photo and tracking are retained for 180 days.,0.07,1,0,1,train,101
7f1e72c39355,cust_16869,inr_delivery_confirmed,item_not_received,ecommerce,4719.75,0,1,0,0.0,1.0,530,0,1,30,0.1,2025-04-19,2025-05-19,,,30-day returns on unused goods. Signature on delivery is accepted proof of receipt.,-0.1184,3,0,1,train,101
79ab9c5c163e,cust_20841,unauthorized_3ds,unauthorized,digital_goods,2519.97,0,1,1,1.0,0.0,665,0,1,26,1.059,2025-05-23,2025-06-18,,,Digital items are non-refundable after delivery to the registered account.,0.0022,4,0,0,train,101
b52fd3309a02,cust_94963,inr_delivery_confirmed,item_not_received,grocery,3636.77,1,0,0,1.0,1.0,461,2,1,23,0.897,2025-07-18,2025-08-10,TRK629304099,2025-07-20 08:00:00,Perishable goods are non-returnable after delivery confirmation.,-0.039,6,0,1,train,101
b1760d37e030,cust_44865,friendly_fraud_long_tenure,item_not_received,fashion,2249.49,0,1,1,1.0,,424,1,1,11,1.085,2025-03-25,2025-04-05,,,7-day exchange window. Delivery photo and tracking are retained for 180 days.,0.2042,2,0,1,train,101
bab994a5b758,cust_11891,no_evidence,not_as_described,digital_goods,1472.19,0,0,0,1.0,0.0,129,0,1,67,1.492,2025-08-10,2025-10-16,,,Digital items are non-refundable after delivery to the registered account.,-0.0692,7,0,0,train,101
07d4286d528c,cust_60095,unauthorized_3ds,unauthorized,ecommerce,2555.61,0,1,1,0.0,0.0,774,0,1,13,1.46,2025-08-12,2025-08-25,,,30-day returns on unused goods. Signature on delivery is accepted proof of receipt.,-0.1056,7,1,0,train,101
ed7be24444a5,cust_88012,friendly_fraud_long_tenure,item_not_received,ecommerce,1212.62,0,0,0,0.0,0.0,1358,1,3,27,0.424,2025-08-31,2025-09-27,,,30-day returns on unused goods. Signature on delivery is accepted proof of receipt.,-0.0801,8,0,1,train,101
5db586b8905a,cust_78165,high_velocity_attack,unauthorized,ecommerce,6216.6,1,0,0,1.0,0.0,118,0,4,4,4.076,2025-08-24,2025-08-28,TRK479472410,2025-08-27 17:00:00,30-day returns on unused goods. Signature on delivery is accepted proof of receipt.,-0.026,7,0,0,train,101
1b68b62c68af,cust_47564,unauthorized_3ds,unauthorized,travel,3427.13,1,1,1,1.0,1.0,638,0,1,7,0.844,2025-09-15,2025-09-22,TRK984375308,2025-09-17 08:00:00,Cancellations follow fare rules. 3DS-authenticated bookings are treated as cardholder-present.,-0.0384,8,0,1,train,101
17f05e09cb59,cust_76079,inr_delivery_confirmed,item_not_received,fashion,6377.13,1,0,0,1.0,1.0,795,1,1,4,0.772,2025-08-13,2025-08-17,TRK986000914,2025-08-16 08:00:00,7-day exchange window. Delivery photo and tracking are retained for 180 days.,-0.1895,7,0,1,train,101
b1e086742b8e,cust_99595,no_evidence,not_as_described,digital_goods,5047.87,0,0,0,0.0,0.0,116,0,1,23,0.1,2025-05-12,2025-06-04,,,Digital items are non-refundable after delivery to the registered account.,-0.0497,4,1,1,train,101
d7d1e21ce7b2,cust_43666,friendly_fraud_long_tenure,unauthorized,digital_goods,1959.9,0,0,1,1.0,0.0,292,0,2,18,0.607,2025-07-05,2025-07-23,,,Digital items are non-refundable after delivery to the registered account.,0.1685,6,0,0,train,101
029cf706d804,cust_39891,inr_delivery_confirmed,item_not_received,ecommerce,1396.88,1,1,1,1.0,1.0,235,0,1,20,1.043,2025-07-14,2025-08-03,TRK496859912,2025-07-15 13:00:00,30-day returns on unused goods. Signature on delivery is accepted proof of receipt.,-0.1567,6,0,0,train,101
1f668bc6bb3c,cust_63553,no_evidence,unauthorized,services,1813.85,0,0,1,0.0,0.0,82,2,1,45,1.415,2025-05-12,2025-06-26,,,Service completion notes and customer confirmation emails are retained.,0.0597,4,0,0,train,101
3fdcf08026b2,cust_80751,friendly_fraud_long_tenure,not_as_described,fashion,2814.95,1,0,1,0.0,0.0,652,0,1,28,,2025-02-14,2025-03-14,TRK646737082,2025-02-17 03:00:00,7-day exchange window. Delivery photo and tracking are retained for 180 days.,0.1784,1,0,0,train,101
b78378220996,cust_76093,no_evidence,not_as_described,ecommerce,7379.43,0,0,0,0.0,,50,1,2,34,1.657,2025-03-14,2025-04-17,,,30-day returns on unused goods. Signature on delivery is accepted proof of receipt.,0.0602,2,0,0,train,101
bb0b0a413921,cust_96189,friendly_fraud_long_tenure,not_as_described,ecommerce,7942.49,0,1,0,0.0,1.0,1192,1,3,38,2.67,2025-08-20,2025-09-27,,,30-day returns on unused goods. Signature on delivery is accepted proof of receipt.,-0.131,7,0,1,train,101
2817c1f73783,cust_20558,inr_delivery_confirmed,item_not_received,grocery,2627.21,1,0,0,1.0,,290,2,1,15,0.848,2025-08-20,2025-09-04,TRK312703132,2025-08-23 21:00:00,Perishable goods are non-returnable after delivery confirmation.,-0.1,7,0,0,train,101
f7bffbfa0f06,cust_73313,friendly_fraud_long_tenure,item_not_received,fashion,5194.47,0,0,0,1.0,1.0,1040,2,1,4,1.336,2025-03-23,2025-03-27,,,7-day exchange window. Delivery photo and tracking are retained for 180 days.,0.0223,2,0,1,train,101
5393926d0899,cust_42072,friendly_fraud_long_tenure,not_as_described,ecommerce,7053.12,1,1,0,0.0,0.0,678,3,3,29,1.686,2025-08-12,2025-09-10,TRK542828252,2025-08-15 05:00:00,30-day returns on unused goods. Signature on delivery is accepted proof of receipt.,-0.0328,7,0,0,train,101
cf0914d86f02,cust_94528,inr_delivery_confirmed,item_not_received,grocery,3584.45,1,0,1,1.0,1.0,178,0,1,18,1.286,2025-07-07,2025-07-25,TRK432708426,2025-07-10 12:00:00,Perishable goods are non-returnable after delivery confirmation.,0.0351,6,0,0,train,101
bdabf4f52c41,cust_18027,unauthorized_3ds,unauthorized,digital_goods,3121.75,0,1,1,0.0,0.0,225,0,1,11,0.794,2025-07-06,2025-07-17,,,Digital items are non-refundable after delivery to the registered account.,-0.041,6,0,1,train,101
94538140cd8a,cust_40599,no_evidence,unauthorized,ecommerce,9897.87,0,0,0,0.0,0.0,206,1,2,27,1.717,2025-02-02,2025-03-01,,,30-day returns on unused goods. Signature on delivery is accepted proof of receipt.,-0.0765,1,0,0,train,101
58c07f80e8a5,cust_79023,high_velocity_attack,unauthorized,digital_goods,851.71,0,0,0,1.0,0.0,0,0,5,8,2.697,2025-05-09,2025-05-17,,,Digital items are non-refundable after delivery to the registered account.,0.0939,4,0,0,train,101
99a7b9cc623d,cust_94300,friendly_fraud_long_tenure,not_as_described,subscriptions,3725.44,1,0,0,1.0,1.0,1170,0,1,3,0.876,2025-07-07,2025-07-10,TRK991347056,2025-07-09 23:00:00,First billing cycle may be refunded; subsequent cycles require unused-period evidence.,0.1035,6,0,0,train,101
e5ecb76f22bd,cust_82569,friendly_fraud_long_tenure,item_not_received,ecommerce,1133.81,1,0,1,1.0,0.0,1356,6,1,7,2.342,2025-04-17,2025-04-24,TRK823429832,2025-04-20 02:00:00,30-day returns on unused goods. Signature on delivery is accepted proof of receipt.,0.1385,3,0,0,train,101
92e3733ac7d3,cust_52104,unauthorized_3ds,unauthorized,travel,2525.33,1,1,1,1.0,0.0,175,0,1,7,2.109,2025-08-29,2025-09-05,TRK328917981,2025-08-30 19:00:00,Cancellations follow fare rules. 3DS-authenticated bookings are treated as cardholder-present.,-0.1504,8,0,1,train,101
0085e141fe51,cust_22467,friendly_fraud_long_tenure,not_as_described,subscriptions,7378.36,1,1,1,1.0,0.0,1047,4,3,35,1.702,2025-03-11,2025-04-15,TRK269370081,2025-03-13 07:00:00,First billing cycle may be refunded; subsequent cycles require unused-period evidence.,0.0778,2,0,1,train,101
b7ef6b73f857,cust_53993,unauthorized_3ds,unauthorized,digital_goods,2143.75,1,1,1,1.0,1.0,484,0,1,1,1.33,2025-03-13,2025-03-14,TRK711849425,2025-03-14 13:00:00,Digital items are non-refundable after delivery to the registered account.,-0.1745,2,0,0,train,101
8fa7f15414fd,cust_17697,unauthorized_3ds,unauthorized,ecommerce,2473.48,1,1,0,1.0,0.0,14,0,1,18,1.705,2025-05-13,2025-05-31,TRK218955940,2025-05-16 23:00:00,30-day returns on unused goods. Signature on delivery is accepted proof of receipt.,-0.1703,4,0,1,train,101
a22ddfa5660e,cust_99560,inr_delivery_confirmed,item_not_received,grocery,2493.76,1,1,0,1.0,1.0,1295,1,3,2,,2025-09-02,2025-09-04,TRK438064037,2025-09-03 02:00:00,Perishable goods are non-returnable after delivery confirmation.,0.084,8,0,0,train,101
170b921f1346,cust_69233,unauthorized_3ds,unauthorized,travel,7070.25,1,1,1,1.0,1.0,535,1,1,13,,2025-08-13,2025-08-26,TRK584698148,2025-08-15 14:00:00,Cancellations follow fare rules. 3DS-authenticated bookings are treated as cardholder-present.,-0.0776,7,0,1,train,101
f8f84b4dc8f1,cust_77014,no_evidence,item_not_received,digital_goods,2987.14,0,0,0,0.0,0.0,231,0,3,5,0.822,2025-02-07,2025-02-12,,,Digital items are non-refundable after delivery to the registered account.,-0.2265,1,0,0,train,101
2888ca9836fa,cust_80522,friendly_fraud_long_tenure,not_as_described,digital_goods,11400.67,0,0,1,0.0,0.0,794,2,1,17,0.1,2025-09-01,2025-09-18,,,Digital items are non-refundable after delivery to the registered account.,-0.0068,8,0,0,train,101
0ef0434853de,cust_10513,friendly_fraud_long_tenure,unauthorized,ecommerce,1211.34,0,0,1,0.0,,1095,2,1,22,2.394,2025-05-18,2025-06-09,,,30-day returns on unused goods. Signature on delivery is accepted proof of receipt.,0.0508,4,0,0,train,101
5b042170b046,cust_22225,inr_delivery_confirmed,item_not_received,grocery,3645.51,1,1,1,1.0,1.0,548,2,1,21,1.144,2025-08-13,2025-09-03,TRK204095015,2025-08-14 01:00:00,Perishable goods are non-returnable after delivery confirmation.,0.0267,7,0,0,train,101
8be507183b55,cust_65412,unauthorized_3ds,unauthorized,travel,1904.53,0,0,1,1.0,0.0,549,1,1,10,0.918,2025-09-08,2025-09-18,,,Cancellations follow fare rules. 3DS-authenticated bookings are treated as cardholder-present.,0.2169,8,0,1,train,101
5aedf157a88a,cust_87931,unauthorized_3ds,unauthorized,ecommerce,6234.12,0,1,1,1.0,1.0,310,0,1,19,1.175,2025-06-05,2025-06-24,,,30-day returns on unused goods. Signature on delivery is accepted proof of receipt.,-0.1066,5,0,0,train,101
e3ee308c1b9d,cust_66163,unauthorized_3ds,unauthorized,digital_goods,6705.61,1,1,1,1.0,0.0,218,0,1,11,2.199,2025-02-12,2025-02-23,TRK301811351,2025-02-14 14:00:00,Digital items are non-refundable after delivery to the registered account.,-0.1037,1,0,1,train,101
14dd015a044a,cust_74412,high_velocity_attack,unauthorized,digital_goods,207.33,0,0,0,0.0,1.0,0,0,6,4,1.585,2025-06-15,2025-06-19,,,Digital items are non-refundable after delivery to the registered account.,0.0899,5,0,0,train,101
1e15879f897c,cust_84590,inr_delivery_confirmed,item_not_received,fashion,2102.87,1,1,1,1.0,0.0,790,0,3,8,0.833,2025-08-06,2025-08-14,TRK564279314,2025-08-07 10:00:00,7-day exchange window. Delivery photo and tracking are retained for 180 days.,0.0019,7,1,0,train,101
a6bfb8996e63,cust_37368,friendly_fraud_long_tenure,item_not_received,ecommerce,5994.67,0,0,0,1.0,0.0,1194,3,1,20,1.128,2025-04-10,2025-04-30,,,30-day returns on unused goods. Signature on delivery is accepted proof of receipt.,0.0269,3,0,1,train,101
fc17a0c432c8,cust_16936,friendly_fraud_long_tenure,not_as_described,ecommerce,4766.0,1,1,0,0.0,0.0,838,2,2,36,0.43,2025-09-18,2025-10-24,TRK925187231,2025-09-20 02:00:00,30-day returns on unused goods. Signature on delivery is accepted proof of receipt.,-0.0527,8,0,0,train,101
9f1e2f40c5f3,cust_18268,friendly_fraud_long_tenure,not_as_described,fashion,5434.02,1,1,0,1.0,1.0,1232,2,1,28,0.316,2025-07-05,2025-08-02,TRK231134905,2025-07-07 12:00:00,7-day exchange window. Delivery photo and tracking are retained for 180 days.,-0.0581,6,0,0,train,101
5455160bf0fc,cust_47505,high_velocity_attack,unauthorized,digital_goods,920.6,0,0,0,0.0,0.0,168,0,7,8,0.522,2025-04-16,2025-04-24,,,Digital items are non-refundable after delivery to the registered account.,0.0143,3,0,0,train,101
4f66ae313c13,cust_50100,high_velocity_attack,unauthorized,travel,2200.17,0,0,0,1.0,0.0,28,0,9,7,4.084,2025-07-26,2025-08-02,,,Cancellations follow fare rules. 3DS-authenticated bookings are treated as cardholder-present.,0.4576,6,0,0,train,101
62ba69282df0,cust_88243,inr_delivery_confirmed,item_not_received,ecommerce,1099.76,1,0,1,0.0,0.0,495,1,1,29,0.806,2025-09-02,2025-10-01,TRK972543476,2025-09-03 19:00:00,30-day returns on unused goods. Signature on delivery is accepted proof of receipt.,-0.1491,8,0,0,train,101
d0cc5e7c80a4,cust_37386,unauthorized_3ds,unauthorized,digital_goods,6548.08,1,1,0,1.0,1.0,217,1,1,24,1.163,2025-02-26,2025-03-22,TRK783169102,2025-02-28 03:00:00,Digital items are non-refundable after delivery to the registered account.,-0.0165,1,0,0,train,101
09f1ff044f60,cust_73024,inr_delivery_confirmed,item_not_received,fashion,3960.16,1,1,0,1.0,1.0,603,0,1,11,1.269,2025-05-19,2025-05-30,TRK621140283,2025-05-22 02:00:00,7-day exchange window. Delivery photo and tracking are retained for 180 days.,0.3056,4,1,0,train,101
c53ce9620a5e,cust_85685,no_evidence,not_as_described,digital_goods,4909.71,1,0,0,0.0,0.0,0,0,3,52,1.613,2025-03-20,2025-05-11,TRK705730604,2025-03-21 14:00:00,Digital items are non-refundable after delivery to the registered account.,-0.1174,2,0,0,train,101
13f9b00753f7,cust_28333,inr_delivery_confirmed,item_not_received,grocery,4542.9,1,1,1,1.0,0.0,240,1,2,18,1.371,2025-05-25,2025-06-12,TRK526240681,2025-05-26 01:00:00,Perishable goods are non-returnable after delivery confirmation.,-0.1156,4,1,1,train,101
4e471bee61b4,cust_48302,unauthorized_3ds,unauthorized,travel,2840.55,1,1,0,,0.0,517,0,3,1,0.86,2025-07-08,2025-07-09,TRK892987648,2025-07-10 21:00:00,Cancellations follow fare rules. 3DS-authenticated bookings are treated as cardholder-present.,0.1166,6,0,1,train,101
1f93a5dd078e,cust_81120,unauthorized_3ds,unauthorized,digital_goods,3584.4,0,0,0,0.0,1.0,510,1,3,17,0.17,2025-07-22,2025-08-08,,,Digital items are non-refundable after delivery to the registered account.,0.1833,6,0,0,train,101
a83ddbfece19,cust_62578,unauthorized_3ds,unauthorized,travel,3545.45,0,1,1,1.0,0.0,351,1,2,12,1.665,2025-09-02,2025-09-14,,,Cancellations follow fare rules. 3DS-authenticated bookings are treated as cardholder-present.,-0.0716,8,0,0,train,101
6f4af3b31a0d,cust_93695,unauthorized_3ds,unauthorized,travel,8694.22,1,1,0,1.0,1.0,156,0,2,18,,2025-02-26,2025-03-16,TRK554249041,2025-03-01 04:00:00,Cancellations follow fare rules. 3DS-authenticated bookings are treated as cardholder-present.,0.1416,1,0,1,train,101
c63d16433524,cust_54830,inr_delivery_confirmed,item_not_received,ecommerce,3300.6,1,0,1,1.0,0.0,488,0,3,3,0.256,2025-07-18,2025-07-21,TRK288158468,2025-07-21 23:00:00,30-day returns on unused goods. Signature on delivery is accepted proof of receipt.,-0.0445,6,0,1,train,101
9ae3d2cbe2e4,cust_16130,high_velocity_attack,unauthorized,travel,2317.77,0,0,0,0.0,1.0,111,0,9,1,2.493,2025-06-14,2025-06-15,,,Cancellations follow fare rules. 3DS-authenticated bookings are treated as cardholder-present.,-0.0133,5,0,0,train,101
84431bb3fd45,cust_82808,unauthorized_3ds,unauthorized,digital_goods,3925.2,0,0,0,1.0,1.0,650,3,1,15,1.874,2025-08-30,2025-09-14,,,Digital items are non-refundable after delivery to the registered account.,-0.0958,8,0,1,train,101
63080bde89a3,cust_54589,friendly_fraud_long_tenure,item_not_received,ecommerce,5433.1,0,0,1,1.0,1.0,1026,2,1,3,0.512,2025-07-24,2025-07-27,,,30-day returns on unused goods. Signature on delivery is accepted proof of receipt.,-0.0484,6,1,0,train,101
f86319871c8d,cust_18876,no_evidence,unauthorized,services,5828.89,0,0,1,0.0,0.0,286,1,1,8,1.51,2025-07-01,2025-07-09,,,Service completion notes and customer confirmation emails are retained.,-0.0912,6,0,0,train,101
104fe7c8f11e,cust_40254,high_velocity_attack,unauthorized,ecommerce,1920.3,0,0,0,0.0,0.0,42,0,9,1,3.956,2025-04-04,2025-04-05,,,30-day returns on unused goods. Signature on delivery is accepted proof of receipt.,-0.1062,3,0,1,train,101
791d1f04675b,cust_57612,unauthorized_3ds,unauthorized,digital_goods,1806.21,0,1,0,1.0,0.0,577,0,2,4,1.633,2025-02-27,2025-03-03,,,Digital items are non-refundable after delivery to the registered account.,0.1042,1,0,1,train,101
ad325589f2d5,cust_10034,inr_delivery_confirmed,item_not_received,grocery,715.78,1,0,0,1.0,1.0,262,0,1,28,0.301,2025-02-05,2025-03-05,TRK110545189,2025-02-06 06:00:00,Perishable goods are non-returnable after delivery confirmation.,-0.0284,1,0,0,train,101
4d0e6a2b3146,cust_79961,inr_delivery_confirmed,item_not_received,fashion,2104.66,1,0,1,1.0,1.0,894,1,1,35,1.102,2025-02-23,2025-03-30,TRK154534358,2025-02-25 09:00:00,7-day exchange window. Delivery photo and tracking are retained for 180 days.,-0.0399,1,1,0,train,101
8a56236f5746,cust_87972,high_velocity_attack,unauthorized,digital_goods,3525.14,0,0,0,1.0,0.0,0,0,6,3,5.434,2025-05-15,2025-05-18,,,Digital items are non-refundable after delivery to the registered account.,0.0585,4,0,1,train,101
d2786238d711,cust_65579,unauthorized_3ds,unauthorized,digital_goods,3777.28,1,1,1,1.0,1.0,14,0,2,18,,2025-05-14,2025-06-01,TRK169442548,2025-05-17 13:00:00,Digital items are non-refundable after delivery to the registered account.,0.1168,4,1,0,train,101
83a6a8e10886,cust_55183,friendly_fraud_long_tenure,not_as_described,fashion,3939.43,0,1,1,1.0,1.0,1464,3,3,16,1.112,2025-09-17,2025-10-03,,,7-day exchange window. Delivery photo and tracking are retained for 180 days.,-0.016,8,0,1,train,101
5099a447372e,cust_52759,inr_delivery_confirmed,item_not_received,grocery,1774.06,1,0,1,0.0,1.0,185,0,1,20,0.957,2025-02-26,2025-03-18,TRK248724514,2025-03-01 06:00:00,Perishable goods are non-returnable after delivery confirmation.,-0.1421,1,0,1,train,101
34981560c88b,cust_63286,no_evidence,unauthorized,services,655.86,0,1,0,0.0,0.0,216,1,2,21,2.274,2025-08-17,2025-09-07,,,Service completion notes and customer confirmation emails are retained.,-0.0148,7,0,0,train,101
c388654436d8,cust_34977,high_velocity_attack,unauthorized,travel,1384.84,0,0,0,0.0,0.0,187,1,7,1,,2025-07-23,2025-07-24,,,Cancellations follow fare rules. 3DS-authenticated bookings are treated as cardholder-present.,0.1809,6,0,0,train,101
d192dc86ad5a,cust_50629,inr_delivery_confirmed,item_not_received,grocery,2732.04,1,1,1,1.0,1.0,7,0,1,31,0.58,2025-07-02,2025-08-02,TRK722597529,2025-07-04 05:00:00,Perishable goods are non-returnable after delivery confirmation.,-0.2243,6,1,0,train,101
59d4a0bbff5c,cust_20327,high_velocity_attack,unauthorized,travel,571.78,0,0,0,0.0,0.0,65,1,4,3,2.272,2025-03-03,2025-03-06,,,Cancellations follow fare rules. 3DS-authenticated bookings are treated as cardholder-present.,-0.0703,2,0,1,train,101
4d23f48c31bb,cust_26243,no_evidence,unauthorized,digital_goods,4359.42,1,0,0,0.0,0.0,195,1,1,21,1.947,2025-07-17,2025-08-07,TRK618886716,2025-07-19 01:00:00,Digital items are non-refundable after delivery to the registered account.,-0.0489,6,0,0,train,101
1f1b321e41d5,cust_11601,no_evidence,item_not_received,ecommerce,3268.08,0,0,0,0.0,0.0,152,0,2,42,1.44,2025-02-21,2025-04-04,,,30-day returns on unused goods. Signature on delivery is accepted proof of receipt.,0.2041,1,0,0,train,101
cd00518c9617,cust_43908,unauthorized_3ds,unauthorized,travel,7516.2,0,1,1,1.0,0.0,1371,0,1,14,1.069,2025-03-08,2025-03-22,,,Cancellations follow fare rules. 3DS-authenticated bookings are treated as cardholder-present.,-0.0479,2,1,1,train,101
1b504f622421,cust_99758,no_evidence,unauthorized,digital_goods,9579.54,0,0,0,1.0,0.0,74,0,1,62,1.064,2025-08-24,2025-10-25,,,Digital items are non-refundable after delivery to the registered account.,-0.0121,7,0,0,train,101
7758b67533fd,cust_20900,high_velocity_attack,unauthorized,digital_goods,2284.28,0,0,0,0.0,0.0,114,0,10,2,1.96,2025-07-22,2025-07-24,,,Digital items are non-refundable after delivery to the registered account.,0.0927,6,0,0,train,101
2a8e09edf5f9,cust_49991,friendly_fraud_long_tenure,not_as_described,subscriptions,2452.78,0,0,0,0.0,1.0,742,2,1,32,1.834,2025-03-18,2025-04-19,,,First billing cycle may be refunded; subsequent cycles require unused-period evidence.,-0.1197,2,0,0,train,101
9150188866c0,cust_67943,unauthorized_3ds,unauthorized,ecommerce,5547.65,1,1,1,1.0,1.0,923,2,1,22,0.271,2025-04-05,2025-04-27,TRK510781199,2025-04-05 19:00:00,30-day returns on unused goods. Signature on delivery is accepted proof of receipt.,0.1128,3,0,1,train,101
1f4ea60f9fd5,cust_39807,no_evidence,not_as_described,digital_goods,1451.42,0,0,0,0.0,0.0,164,0,1,20,2.615,2025-09-03,2025-09-23,,,Digital items are non-refundable after delivery to the registered account.,0.0156,8,0,0,train,101
5dbb310f9499,cust_57766,friendly_fraud_long_tenure,unauthorized,fashion,4942.17,0,0,0,1.0,0.0,822,0,1,24,0.923,2025-09-05,2025-09-29,,,7-day exchange window. Delivery photo and tracking are retained for 180 days.,0.0612,8,0,0,train,101
6a3e63162769,cust_21067,friendly_fraud_long_tenure,item_not_received,digital_goods,2628.49,0,1,1,1.0,1.0,468,2,1,12,1.822,2025-05-24,2025-06-05,,,Digital items are non-refundable after delivery to the registered account.,-0.3526,4,0,1,train,101
489f8902862b,cust_60266,inr_delivery_confirmed,item_not_received,grocery,3753.63,1,0,1,0.0,1.0,484,1,1,24,0.561,2025-08-21,2025-09-14,TRK487704953,2025-08-24 21:00:00,Perishable goods are non-returnable after delivery confirmation.,-0.0528,7,0,1,train,101
b398c6fb35c3,cust_58126,unauthorized_3ds,unauthorized,digital_goods,2594.1,1,1,0,1.0,1.0,486,0,2,11,1.008,2025-04-17,2025-04-28,TRK245635326,2025-04-18 09:00:00,Digital items are non-refundable after delivery to the registered account.,-0.1076,3,0,1,train,101
b56bb9ce06b1,cust_46802,inr_delivery_confirmed,item_not_received,ecommerce,5507.63,1,0,1,0.0,1.0,169,0,1,37,0.421,2025-02-20,2025-03-29,TRK151743222,2025-02-21 18:00:00,30-day returns on unused goods. Signature on delivery is accepted proof of receipt.,-0.0079,1,0,1,train,101
ed6063662f32,cust_72724,unauthorized_3ds,unauthorized,digital_goods,4846.94,0,1,0,1.0,1.0,68,1,1,1,0.912,2025-07-18,2025-07-19,,,Digital items are non-refundable after delivery to the registered account.,-0.0307,6,0,1,train,101
c6a4da1dd2be,cust_22498,friendly_fraud_long_tenure,item_not_received,ecommerce,1990.64,1,0,0,0.0,0.0,1483,0,1,35,2.083,2025-05-10,2025-06-14,TRK536357017,2025-05-11 23:00:00,30-day returns on unused goods. Signature on delivery is accepted proof of receipt.,0.048,4,0,0,train,101
b7375fc35a91,cust_42955,inr_delivery_confirmed,item_not_received,ecommerce,1367.89,1,1,1,1.0,1.0,578,0,1,10,1.056,2025-09-22,2025-10-02,TRK619406988,2025-09-25 06:00:00,30-day returns on unused goods. Signature on delivery is accepted proof of receipt.,0.1421,8,0,0,train,101
b4d1f908c4be,cust_36247,unauthorized_3ds,unauthorized,digital_goods,2882.82,1,1,1,1.0,1.0,491,0,1,12,1.184,2025-07-13,2025-07-25,TRK153257995,2025-07-14 06:00:00,Digital items are non-refundable after delivery to the registered account.,-0.0594,6,1,0,train,101
34160232e8fd,cust_47136,inr_delivery_confirmed,item_not_received,grocery,2478.19,1,0,1,1.0,1.0,669,0,1,20,0.792,2025-04-20,2025-05-10,TRK483734336,2025-04-22 22:00:00,Perishable goods are non-returnable after delivery confirmation.,0.2126,3,0,1,train,101
ec70d4e2c82c,cust_57397,inr_delivery_confirmed,item_not_received,fashion,5478.39,1,1,1,1.0,1.0,453,1,1,24,0.639,2025-06-20,2025-07-14,TRK320114374,2025-06-22 23:00:00,7-day exchange window. Delivery photo and tracking are retained for 180 days.,0.127,5,0,0,train,101
bd50a69709f4,cust_55096,no_evidence,unauthorized,services,1974.17,1,0,0,0.0,0.0,0,1,1,15,0.286,2025-05-31,2025-06-15,TRK470479313,2025-06-02 00:00:00,Service completion notes and customer confirmation emails are retained.,0.0278,5,0,0,train,101
5bca93bbaf1d,cust_38529,no_evidence,unauthorized,digital_goods,3227.51,0,0,0,0.0,0.0,208,0,1,46,2.54,2025-08-30,2025-10-15,,,Digital items are non-refundable after delivery to the registered account.,-0.0255,8,1,1,train,101
2b32a3e11e92,cust_80448,inr_delivery_confirmed,item_not_received,grocery,3552.33,1,1,1,1.0,0.0,167,1,1,17,0.954,2025-05-03,2025-05-20,TRK555977556,2025-05-06 04:00:00,Perishable goods are non-returnable after delivery confirmation.,0.0236,4,0,0,train,101
31f657e64734,cust_18416,high_velocity_attack,unauthorized,ecommerce,1662.54,0,0,0,0.0,0.0,31,0,10,9,2.27,2025-03-10,2025-03-19,,,30-day returns on unused goods. Signature on delivery is accepted proof of receipt.,-0.1396,2,0,0,train,101
7aac00570e9c,cust_48255,high_velocity_attack,unauthorized,digital_goods,1518.41,0,0,0,1.0,0.0,1,0,10,12,1.411,2025-05-09,2025-05-21,,,Digital items are non-refundable after delivery to the registered account.,-0.0086,4,0,1,train,101
9c91a8cd856b,cust_19654,high_velocity_attack,unauthorized,travel,1005.59,0,0,0,0.0,0.0,90,0,6,12,0.332,2025-03-06,2025-03-18,,,Cancellations follow fare rules. 3DS-authenticated bookings are treated as cardholder-present.,-0.0444,2,0,0,train,101
723ddac3afc2,cust_73446,inr_delivery_confirmed,item_not_received,grocery,3996.82,1,0,1,1.0,,482,0,1,3,1.446,2025-04-14,2025-04-17,TRK872037285,2025-04-17 12:00:00,Perishable goods are non-returnable after delivery confirmation.,-0.0014,3,0,1,train,101
6ea62571c514,cust_80225,no_evidence,item_not_received,services,5068.25,0,0,0,1.0,0.0,153,0,3,60,1.151,2025-05-24,2025-07-23,,,Service completion notes and customer confirmation emails are retained.,0.1158,4,0,0,train,101
66c2c85047a5,cust_43983,inr_delivery_confirmed,item_not_received,ecommerce,3993.93,0,0,0,1.0,1.0,1074,0,5,16,0.889,2025-03-03,2025-03-19,,,30-day returns on unused goods. Signature on delivery is accepted proof of receipt.,0.1222,2,0,0,train,101
9bca6a8f2cee,cust_49959,no_evidence,unauthorized,ecommerce,3584.57,0,0,1,0.0,0.0,74,1,1,60,0.1,2025-08-17,2025-10-16,,,30-day returns on unused goods. Signature on delivery is accepted proof of receipt.,-0.133,7,0,0,train,101
a1dd9ca483a6,cust_87680,high_velocity_attack,unauthorized,travel,2350.44,0,0,0,0.0,0.0,27,0,7,1,2.008,2025-04-03,2025-04-04,,,Cancellations follow fare rules. 3DS-authenticated bookings are treated as cardholder-present.,-0.2726,3,0,0,train,101
ca2cf5e7ebde,cust_31605,inr_delivery_confirmed,item_not_received,ecommerce,6755.3,1,1,0,1.0,1.0,516,1,1,32,0.249,2025-03-26,2025-04-27,TRK522048601,2025-03-27 16:00:00,30-day returns on unused goods. Signature on delivery is accepted proof of receipt.,0.0861,2,0,0,train,101
0a2024f5a6b8,cust_71223,no_evidence,unauthorized,ecommerce,5312.09,0,0,0,1.0,0.0,94,3,3,41,1.344,2025-03-05,2025-04-15,,,30-day returns on unused goods. Signature on delivery is accepted proof of receipt.,0.05,2,0,1,train,101
ae4471bd8abe,cust_34445,no_evidence,not_as_described,ecommerce,11381.03,0,1,0,1.0,0.0,120,1,3,15,2.748,2025-02-07,2025-02-22,,,30-day returns on unused goods. Signature on delivery is accepted proof of receipt.,0.1522,1,0,1,train,101
633667130789,cust_29977,high_velocity_attack,unauthorized,digital_goods,1263.8,0,1,0,0.0,0.0,74,0,4,6,,2025-04-28,2025-05-04,,,Digital items are non-refundable after delivery to the registered account.,-0.0317,3,0,0,train,101
d1f34034f6cb,cust_47212,unauthorized_3ds,unauthorized,digital_goods,2261.39,1,0,1,0.0,0.0,162,1,2,19,1.343,2025-02-12,2025-03-03,TRK467057940,2025-02-15 23:00:00,Digital items are non-refundable after delivery to the registered account.,0.1271,1,0,0,train,101
2e0df12975e8,cust_92135,inr_delivery_confirmed,item_not_received,fashion,3169.1,1,1,1,0.0,1.0,378,2,1,15,0.487,2025-05-16,2025-05-31,TRK622514153,2025-05-18 05:00:00,7-day exchange window. Delivery photo and tracking are retained for 180 days.,0.0596,4,1,1,train,101
3734984c6494,cust_87018,high_velocity_attack,unauthorized,travel,1002.36,1,1,0,0.0,0.0,28,0,8,12,3.272,2025-09-03,2025-09-15,TRK754028272,2025-09-05 13:00:00,Cancellations follow fare rules. 3DS-authenticated bookings are treated as cardholder-present.,-0.0199,8,0,1,train,101
55a3e5438623,cust_59016,unauthorized_3ds,unauthorized,ecommerce,2166.08,1,1,1,,1.0,474,1,3,14,0.617,2025-08-23,2025-09-06,TRK447271551,2025-08-24 13:00:00,30-day returns on unused goods. Signature on delivery is accepted proof of receipt.,0.0627,7,0,1,train,101
8ec4c0005d35,cust_66957,unauthorized_3ds,unauthorized,travel,4805.14,1,1,1,1.0,,98,1,1,21,0.709,2025-05-11,2025-06-01,TRK844468124,2025-05-14 22:00:00,Cancellations follow fare rules. 3DS-authenticated bookings are treated as cardholder-present.,-0.0077,4,1,0,train,101
fadf805e91f0,cust_23265,inr_delivery_confirmed,item_not_received,grocery,4363.45,1,1,1,,1.0,779,0,2,12,0.742,2025-03-07,2025-03-19,TRK628318738,2025-03-09 02:00:00,Perishable goods are non-returnable after delivery confirmation.,-0.0503,2,0,1,train,101
fe366e6c2255,cust_13200,unauthorized_3ds,unauthorized,ecommerce,3713.11,0,1,1,1.0,0.0,460,1,1,22,1.136,2025-02-09,2025-03-03,,,30-day returns on unused goods. Signature on delivery is accepted proof of receipt.,0.3162,1,0,1,train,101
6518fe594b1b,cust_10784,friendly_fraud_long_tenure,not_as_described,subscriptions,2031.95,1,0,1,1.0,0.0,891,2,1,21,0.1,2025-07-15,2025-08-05,TRK367653687,2025-07-15 20:00:00,First billing cycle may be refunded; subsequent cycles require unused-period evidence.,-0.1072,6,0,0,train,101
9d68a330d2ca,cust_79337,high_velocity_attack,unauthorized,digital_goods,2892.67,0,0,0,0.0,,95,0,7,13,1.922,2025-05-21,2025-06-03,,,Digital items are non-refundable after delivery to the registered account.,0.2423,4,0,0,train,101
dca061c9a1dc,cust_75723,unauthorized_3ds,unauthorized,digital_goods,5819.65,1,1,1,1.0,1.0,73,0,1,6,0.278,2025-06-03,2025-06-09,TRK413900927,2025-06-06 00:00:00,Digital items are non-refundable after delivery to the registered account.,0.0402,5,0,0,train,101
2a32ec829606,cust_64606,unauthorized_3ds,unauthorized,digital_goods,3824.17,1,1,1,1.0,1.0,104,0,1,15,0.963,2025-07-20,2025-08-04,TRK706797916,2025-07-23 22:00:00,Digital items are non-refundable after delivery to the registered account.,0.1901,6,0,0,train,101
a2b0187d7cf9,cust_39324,unauthorized_3ds,unauthorized,ecommerce,2063.38,0,1,1,0.0,0.0,585,0,1,11,1.939,2025-03-27,2025-04-07,,,30-day returns on unused goods. Signature on delivery is accepted proof of receipt.,0.0037,2,0,1,train,101
9db52d5931a4,cust_81285,unauthorized_3ds,unauthorized,ecommerce,2951.65,0,1,1,1.0,1.0,418,0,1,6,1.447,2025-05-03,2025-05-09,,,30-day returns on unused goods. Signature on delivery is accepted proof of receipt.,0.0637,4,1,0,train,101
7abd9805b5f9,cust_83985,unauthorized_3ds,unauthorized,travel,2756.36,1,1,0,1.0,0.0,14,0,3,20,0.747,2025-07-02,2025-07-22,TRK592332930,2025-07-03 00:00:00,Cancellations follow fare rules. 3DS-authenticated bookings are treated as cardholder-present.,0.0147,6,0,1,train,101
ebc04976236d,cust_83314,friendly_fraud_long_tenure,unauthorized,fashion,7604.1,0,1,1,0.0,0.0,1923,0,2,19,1.718,2025-06-03,2025-06-22,,,7-day exchange window. Delivery photo and tracking are retained for 180 days.,-0.0926,5,0,1,train,101
78f54b365663,cust_48922,friendly_fraud_long_tenure,not_as_described,ecommerce,5194.11,0,1,1,1.0,0.0,690,1,3,3,1.569,2025-05-20,2025-05-23,,,30-day returns on unused goods. Signature on delivery is accepted proof of receipt.,-0.1611,4,0,1,train,101
09d1f17027f4,cust_80160,unauthorized_3ds,unauthorized,ecommerce,8088.39,0,1,1,1.0,1.0,992,0,3,23,,2025-07-27,2025-08-19,,,30-day returns on unused goods. Signature on delivery is accepted proof of receipt.,-0.0309,6,0,1,train,101
fe5171eb264b,cust_32405,no_evidence,item_not_received,ecommerce,4651.54,0,0,0,0.0,0.0,151,0,2,22,2.724,2025-09-18,2025-10-10,,,30-day returns on unused goods. Signature on delivery is accepted proof of receipt.,-0.1525,8,0,0,train,101
9d1adcea4177,cust_11982,inr_delivery_confirmed,item_not_received,grocery,2991.41,1,1,1,0.0,0.0,361,0,1,10,0.59,2025-03-17,2025-03-27,TRK789043896,2025-03-18 14:00:00,Perishable goods are non-returnable after delivery confirmation.,-0.1796,2,0,0,train,101
5e5b6a6cabd9,cust_62861,unauthorized_3ds,unauthorized,travel,3397.12,1,1,1,1.0,0.0,305,0,1,12,1.348,2025-07-30,2025-08-11,TRK795147737,2025-08-01 09:00:00,Cancellations follow fare rules. 3DS-authenticated bookings are treated as cardholder-present.,0.0763,7,0,1,train,101
26910cf0e948,cust_84639,no_evidence,unauthorized,ecommerce,2118.8,0,0,0,0.0,0.0,263,1,2,39,1.716,2025-07-12,2025-08-20,,,30-day returns on unused goods. Signature on delivery is accepted proof of receipt.,-0.1232,6,0,0,train,101
711bfb3db098,cust_45095,friendly_fraud_long_tenure,not_as_described,subscriptions,7052.59,1,0,0,0.0,0.0,1331,1,1,34,1.709,2025-05-28,2025-07-01,TRK908307520,2025-05-30 08:00:00,First billing cycle may be refunded; subsequent cycles require unused-period evidence.,-0.0227,4,0,0,train,101
d57c34d577d6,cust_60886,inr_delivery_confirmed,item_not_received,grocery,3505.38,1,1,1,1.0,0.0,444,0,1,2,1.163,2025-01-31,2025-02-02,TRK911238167,2025-02-03 06:00:00,Perishable goods are non-returnable after delivery confirmation.,-0.1347,1,0,0,train,101
caf3e63000d4,cust_90603,unauthorized_3ds,unauthorized,digital_goods,1423.84,0,0,1,0.0,1.0,653,1,1,1,0.93,2025-07-02,2025-07-03,,,Digital items are non-refundable after delivery to the registered account.,-0.1005,6,0,1,train,101
deb46ea47c63,cust_55042,inr_delivery_confirmed,item_not_received,ecommerce,2517.13,1,1,1,1.0,0.0,576,1,2,26,,2025-04-06,2025-05-02,TRK352614824,2025-04-06 18:00:00,30-day returns on unused goods. Signature on delivery is accepted proof of receipt.,0.1633,3,0,1,train,101
855dcb87bf2e,cust_52300,friendly_fraud_long_tenure,unauthorized,ecommerce,5681.79,1,0,1,1.0,0.0,925,0,1,17,0.796,2025-02-08,2025-02-25,TRK831750599,2025-02-10 16:00:00,30-day returns on unused goods. Signature on delivery is accepted proof of receipt.,-0.1374,1,0,1,train,101
76aaf39bed62,cust_97388,unauthorized_3ds,unauthorized,travel,1855.7,1,1,1,1.0,1.0,529,0,1,7,0.827,2025-08-16,2025-08-23,TRK551057213,2025-08-19 21:00:00,Cancellations follow fare rules. 3DS-authenticated bookings are treated as cardholder-present.,-0.0919,7,0,1,train,101
d896e51a72c9,cust_23033,friendly_fraud_long_tenure,item_not_received,subscriptions,3224.01,1,1,1,0.0,0.0,1227,2,1,35,0.654,2025-02-20,2025-03-27,TRK802143407,2025-02-23 11:00:00,First billing cycle may be refunded; subsequent cycles require unused-period evidence.,0.1495,1,0,0,train,101
377859d0aea3,cust_91315,unauthorized_3ds,unauthorized,ecommerce,3589.51,0,1,1,1.0,0.0,278,1,3,9,1.241,2025-04-10,2025-04-19,,,30-day returns on unused goods. Signature on delivery is accepted proof of receipt.,-0.075,3,0,0,train,101
650c106961b4,cust_80308,friendly_fraud_long_tenure,item_not_received,ecommerce,5401.14,0,1,0,1.0,0.0,452,1,3,42,1.417,2025-09-12,2025-10-24,,,30-day returns on unused goods. Signature on delivery is accepted proof of receipt.,-0.1004,8,0,0,train,101
eb0802f02160,cust_36737,no_evidence,not_as_described,ecommerce,3219.08,0,0,0,0.0,0.0,0,1,1,26,1.418,2025-04-24,2025-05-20,,,30-day returns on unused goods. Signature on delivery is accepted proof of receipt.,-0.0916,3,0,0,train,101
60c375f2c6c0,cust_89228,unauthorized_3ds,unauthorized,travel,1300.04,0,1,1,1.0,1.0,456,0,3,4,1.854,2025-02-02,2025-02-06,,,Cancellations follow fare rules. 3DS-authenticated bookings are treated as cardholder-present.,0.1101,1,0,0,train,101
27b6f11c2281,cust_55274,unauthorized_3ds,unauthorized,digital_goods,3691.15,0,1,1,1.0,1.0,424,0,1,1,0.874,2025-04-14,2025-04-15,,,Digital items are non-refundable after delivery to the registered account.,0.0346,3,0,1,train,101
0c304ea32e52,cust_55749,friendly_fraud_long_tenure,unauthorized,subscriptions,4735.4,1,0,1,1.0,1.0,1316,0,1,7,1.853,2025-08-04,2025-08-11,TRK433344872,2025-08-06 15:00:00,First billing cycle may be refunded; subsequent cycles require unused-period evidence.,-0.0548,7,0,1,train,101
4dd1dc4c10c2,cust_56483,high_velocity_attack,unauthorized,digital_goods,1204.06,0,1,0,1.0,0.0,11,0,12,6,1.724,2025-03-29,2025-04-04,,,Digital items are non-refundable after delivery to the registered account.,-0.0353,2,1,1,train,101
3c2208a310ef,cust_42294,inr_delivery_confirmed,item_not_received,fashion,4709.48,1,1,0,0.0,1.0,1009,0,1,24,1.945,2025-03-15,2025-04-08,TRK317852580,2025-03-18 15:00:00,7-day exchange window. Delivery photo and tracking are retained for 180 days.,0.0782,2,0,0,train,101
70dcf2f5b9a6,cust_47600,high_velocity_attack,unauthorized,ecommerce,3559.1,0,0,1,0.0,0.0,92,0,5,7,1.752,2025-06-19,2025-06-26,,,30-day returns on unused goods. Signature on delivery is accepted proof of receipt.,-0.0335,5,0,0,train,101
0f72c0a0bc82,cust_47793,inr_delivery_confirmed,item_not_received,ecommerce,2910.3,1,1,1,1.0,1.0,255,0,1,21,,2025-07-24,2025-08-14,TRK665897618,2025-07-27 15:00:00,30-day returns on unused goods. Signature on delivery is accepted proof of receipt.,0.0235,6,0,0,train,101
f8fbb38a6ed1,cust_28584,inr_delivery_confirmed,item_not_received,grocery,1532.71,1,0,1,1.0,,166,0,1,10,1.132,2025-05-09,2025-05-19,TRK548788906,2025-05-11 10:00:00,Perishable goods are non-returnable after delivery confirmation.,-0.0122,4,0,1,train,101
0b66381e7660,cust_33376,unauthorized_3ds,unauthorized,ecommerce,2137.88,0,1,1,1.0,0.0,571,0,1,3,0.516,2025-03-29,2025-04-01,,,30-day returns on unused goods. Signature on delivery is accepted proof of receipt.,-0.2506,2,0,1,train,101
332052be6549,cust_55589,friendly_fraud_long_tenure,item_not_received,fashion,10473.73,0,0,1,1.0,0.0,787,0,2,18,1.098,2025-05-06,2025-05-24,,,7-day exchange window. Delivery photo and tracking are retained for 180 days.,0.0932,4,0,1,train,101
6f329bef10dd,cust_76027,inr_delivery_confirmed,item_not_received,grocery,4578.24,1,0,1,0.0,1.0,115,3,1,28,1.063,2025-07-07,2025-08-04,TRK357346272,2025-07-08 18:00:00,Perishable goods are non-returnable after delivery confirmation.,0.1691,6,0,1,train,101
42965917cd89,cust_30440,unauthorized_3ds,unauthorized,travel,3537.96,0,1,1,0.0,1.0,676,0,1,15,1.118,2025-06-14,2025-06-29,,,Cancellations follow fare rules. 3DS-authenticated bookings are treated as cardholder-present.,0.0905,5,0,1,train,101
4eedd579b223,cust_17576,no_evidence,not_as_described,services,6078.86,0,0,0,0.0,0.0,0,1,4,41,2.599,2025-02-12,2025-03-25,,,Service completion notes and customer confirmation emails are retained.,0.2226,1,0,0,train,101
b2e3f4ceabdf,cust_41963,friendly_fraud_long_tenure,unauthorized,digital_goods,2407.92,1,0,0,1.0,,626,4,1,11,2.277,2025-03-23,2025-04-03,TRK427301795,2025-03-24 07:00:00,Digital items are non-refundable after delivery to the registered account.,0.0745,2,0,0,train,101
70913c3636ab,cust_43082,high_velocity_attack,unauthorized,travel,2771.97,0,1,1,0.0,0.0,65,0,10,3,2.227,2025-03-15,2025-03-18,,,Cancellations follow fare rules. 3DS-authenticated bookings are treated as cardholder-present.,0.0258,2,0,0,train,101
f52a8a3585f3,cust_92572,friendly_fraud_long_tenure,item_not_received,subscriptions,9834.2,1,0,0,1.0,1.0,576,1,2,34,0.577,2025-04-05,2025-05-09,TRK464500177,2025-04-08 10:00:00,First billing cycle may be refunded; subsequent cycles require unused-period evidence.,0.1249,3,0,0,train,101
46943e85ed54,cust_92797,no_evidence,unauthorized,digital_goods,5347.29,0,0,0,0.0,0.0,48,1,2,54,2.246,2025-08-20,2025-10-13,,,Digital items are non-refundable after delivery to the registered account.,-0.1277,7,1,1,train,101
e6887a08bbb0,cust_92620,inr_delivery_confirmed,item_not_received,ecommerce,3321.33,0,0,1,1.0,0.0,488,0,1,27,0.544,2025-08-19,2025-09-15,,,30-day returns on unused goods. Signature on delivery is accepted proof of receipt.,-0.0203,7,0,0,train,101
3ef4175d9fb8,cust_51069,friendly_fraud_long_tenure,not_as_described,digital_goods,4767.02,0,1,1,0.0,1.0,959,0,2,37,1.311,2025-08-09,2025-09-15,,,Digital items are non-refundable after delivery to the registered account.,-0.0466,7,1,0,train,101
87a8f14e3986,cust_97045,inr_delivery_confirmed,item_not_received,grocery,6841.44,1,0,1,1.0,,492,1,1,2,1.101,2025-03-19,2025-03-21,TRK422231665,2025-03-22 05:00:00,Perishable goods are non-returnable after delivery confirmation.,-0.1745,2,0,1,train,101
507474f93178,cust_53331,inr_delivery_confirmed,item_not_received,fashion,4903.73,1,1,0,1.0,1.0,606,0,1,8,0.888,2025-08-04,2025-08-12,TRK891399523,2025-08-07 18:00:00,7-day exchange window. Delivery photo and tracking are retained for 180 days.,0.1175,7,0,1,train,101
f9fabbde5b0a,cust_46408,unauthorized_3ds,unauthorized,digital_goods,1281.03,0,1,1,1.0,1.0,588,0,1,15,1.493,2025-09-06,2025-09-21,,,Digital items are non-refundable after delivery to the registered account.,0.019,8,0,1,train,101
c7956ddb026e,cust_73435,friendly_fraud_long_tenure,unauthorized,digital_goods,5814.34,1,0,1,0.0,1.0,829,1,3,21,1.733,2025-03-13,2025-04-03,TRK692496019,2025-03-16 15:00:00,Digital items are non-refundable after delivery to the registered account.,-0.0759,2,0,0,train,101
76e4fe439427,cust_24617,high_velocity_attack,unauthorized,ecommerce,1197.3,0,0,0,0.0,0.0,103,0,7,6,0.1,2025-07-24,2025-07-30,,,30-day returns on unused goods. Signature on delivery is accepted proof of receipt.,0.0917,6,0,1,train,101
affc4b497131,cust_96132,high_velocity_attack,unauthorized,ecommerce,3532.63,0,0,0,0.0,0.0,122,0,9,8,3.833,2025-02-19,2025-02-27,,,30-day returns on unused goods. Signature on delivery is accepted proof of receipt.,0.011,1,0,0,train,101
8d76d3a4e92f,cust_52886,friendly_fraud_long_tenure,not_as_described,fashion,6229.21,1,1,1,0.0,1.0,838,1,3,22,0.982,2025-05-02,2025-05-24,TRK920074961,2025-05-03 19:00:00,7-day exchange window. Delivery photo and tracking are retained for 180 days.,-0.0484,4,0,0,train,101
8e9ee1394acd,cust_57245,unauthorized_3ds,unauthorized,travel,8722.76,1,1,1,1.0,1.0,540,1,1,16,1.114,2025-09-18,2025-10-04,TRK261753328,2025-09-19 18:00:00,Cancellations follow fare rules. 3DS-authenticated bookings are treated as cardholder-present.,-0.0428,8,0,0,train,101
9a543859589e,cust_58853,inr_delivery_confirmed,item_not_received,fashion,4419.83,1,0,1,0.0,0.0,233,2,1,32,0.817,2025-05-26,2025-06-27,TRK981161338,2025-05-29 17:00:00,7-day exchange window. Delivery photo and tracking are retained for 180 days.,-0.1107,4,0,1,train,101
fcd5968fea0b,cust_64543,unauthorized_3ds,unauthorized,digital_goods,8324.56,1,0,0,1.0,1.0,495,0,2,10,1.284,2025-04-01,2025-04-11,TRK349318319,2025-04-02 04:00:00,Digital items are non-refundable after delivery to the registered account.,-0.0663,3,1,0,train,101
5ed54d01cd87,cust_46119,no_evidence,not_as_described,digital_goods,3165.54,1,0,1,0.0,0.0,23,0,1,12,1.95,2025-03-09,2025-03-21,TRK399667958,2025-03-12 16:00:00,Digital items are non-refundable after delivery to the registered account.,0.2503,2,0,0,train,101
1500c3d7e0fd,cust_35139,inr_delivery_confirmed,item_not_received,ecommerce,1861.84,1,1,1,1.0,1.0,774,1,3,25,0.781,2025-04-16,2025-05-11,TRK455008216,2025-04-17 11:00:00,30-day returns on unused goods. Signature on delivery is accepted proof of receipt.,-0.1385,3,0,1,train,101
685369b7b9b0,cust_61732,friendly_fraud_long_tenure,item_not_received,subscriptions,13211.31,1,1,0,0.0,1.0,745,1,4,26,,2025-06-20,2025-07-16,TRK218634605,2025-06-23 20:00:00,First billing cycle may be refunded; subsequent cycles require unused-period evidence.,0.1141,5,0,0,train,101
c075861c2307,cust_97264,inr_delivery_confirmed,item_not_received,grocery,5061.98,1,1,0,1.0,1.0,7,3,1,16,1.423,2025-06-19,2025-07-05,TRK278604353,2025-06-22 22:00:00,Perishable goods are non-returnable after delivery confirmation.,0.0183,5,0,1,train,101
c967aca7f1e7,cust_69267,inr_delivery_confirmed,item_not_received,grocery,1909.25,1,1,1,0.0,0.0,558,0,2,11,0.55,2025-06-12,2025-06-23,TRK264070582,2025-06-14 04:00:00,Perishable goods are non-returnable after delivery confirmation.,-0.0789,5,0,1,train,101
b197d3466278,cust_72188,inr_delivery_confirmed,item_not_received,ecommerce,1225.03,1,0,1,1.0,1.0,443,1,1,8,1.249,2025-05-03,2025-05-11,TRK950046538,2025-05-05 17:00:00,30-day returns on unused goods. Signature on delivery is accepted proof of receipt.,0.0625,4,0,0,train,101
fe9b598369c8,cust_38295,inr_delivery_confirmed,item_not_received,fashion,6033.35,1,1,1,1.0,1.0,824,0,3,13,0.397,2025-08-25,2025-09-07,TRK939719037,2025-08-27 10:00:00,7-day exchange window. Delivery photo and tracking are retained for 180 days.,0.284,7,0,0,train,101
b67480984582,cust_86941,unauthorized_3ds,unauthorized,digital_goods,4291.53,0,1,1,1.0,,946,1,3,11,0.838,2025-07-01,2025-07-12,,,Digital items are non-refundable after delivery to the registered account.,0.1897,6,0,0,train,101
1dac4313683c,cust_59307,friendly_fraud_long_tenure,not_as_described,subscriptions,3592.6,0,1,0,0.0,0.0,734,0,1,9,1.375,2025-04-15,2025-04-24,,,First billing cycle may be refunded; subsequent cycles require unused-period evidence.,0.193,3,0,0,train,101
69eae2c35e02,cust_21445,unauthorized_3ds,unauthorized,digital_goods,1842.91,0,1,1,1.0,1.0,786,0,1,27,1.426,2025-05-31,2025-06-27,,,Digital items are non-refundable after delivery to the registered account.,-0.0292,5,0,1,train,101
559679b97945,cust_68084,no_evidence,item_not_received,ecommerce,2289.36,0,0,0,0.0,0.0,79,2,3,29,2.112,2025-03-18,2025-04-16,,,30-day returns on unused goods. Signature on delivery is accepted proof of receipt.,-0.0014,2,0,0,train,101
f8f07e191a40,cust_94120,inr_delivery_confirmed,item_not_received,ecommerce,2002.13,1,1,0,1.0,1.0,910,1,3,15,0.939,2025-08-30,2025-09-14,TRK549546935,2025-09-02 22:00:00,30-day returns on unused goods. Signature on delivery is accepted proof of receipt.,0.0222,8,0,0,train,101
b10675d4fcd3,cust_64140,inr_delivery_confirmed,item_not_received,ecommerce,3954.58,1,0,1,0.0,1.0,292,0,1,6,0.746,2025-02-05,2025-02-11,TRK303879088,2025-02-08 03:00:00,30-day returns on unused goods. Signature on delivery is accepted proof of receipt.,0.0098,1,0,1,train,101
ba8f4a8d2af0,cust_94158,high_velocity_attack,unauthorized,travel,823.17,0,0,0,0.0,0.0,15,0,5,4,3.664,2025-06-06,2025-06-10,,,Cancellations follow fare rules. 3DS-authenticated bookings are treated as cardholder-present.,0.119,5,0,0,train,101
9aa78f9170ca,cust_64277,friendly_fraud_long_tenure,unauthorized,subscriptions,2643.55,0,0,1,0.0,1.0,954,1,1,21,1.078,2025-05-09,2025-05-30,,,First billing cycle may be refunded; subsequent cycles require unused-period evidence.,0.2237,4,1,1,train,101
248e27d00fba,cust_66028,friendly_fraud_long_tenure,item_not_received,subscriptions,9498.73,1,0,0,1.0,1.0,613,2,1,11,1.571,2025-07-02,2025-07-13,TRK263959538,2025-07-05 19:00:00,First billing cycle may be refunded; subsequent cycles require unused-period evidence.,-0.1172,6,0,0,train,101
978ad4f40476,cust_17224,no_evidence,unauthorized,ecommerce,9521.5,0,0,0,0.0,0.0,107,0,2,19,1.398,2025-08-07,2025-08-26,,,30-day returns on unused goods. Signature on delivery is accepted proof of receipt.,0.1018,7,0,1,train,101
2b4401e77a51,cust_65087,no_evidence,not_as_described,digital_goods,8559.9,0,0,0,0.0,0.0,108,1,2,45,0.155,2025-06-18,2025-08-02,,,Digital items are non-refundable after delivery to the registered account.,0.0965,5,0,1,train,101
cc9190950142,cust_80536,inr_delivery_confirmed,item_not_received,ecommerce,5210.97,0,1,0,0.0,1.0,954,0,1,17,0.402,2025-03-14,2025-03-31,,,30-day returns on unused goods. Signature on delivery is accepted proof of receipt.,-0.0283,2,0,1,train,101
b90271e505c1,cust_48906,friendly_fraud_long_tenure,item_not_received,ecommerce,5762.86,1,1,0,0.0,0.0,879,1,3,11,0.1,2025-05-21,2025-06-01,TRK961470033,2025-05-23 17:00:00,30-day returns on unused goods. Signature on delivery is accepted proof of receipt.,0.0298,4,0,0,train,101
cb3715eefa6d,cust_10689,no_evidence,unauthorized,ecommerce,6286.36,0,0,0,0.0,0.0,179,1,5,35,0.583,2025-05-14,2025-06-18,,,30-day returns on unused goods. Signature on delivery is accepted proof of receipt.,0.2359,4,0,0,train,101
e5555a929d56,cust_56850,inr_delivery_confirmed,item_not_received,fashion,1023.62,1,0,0,0.0,1.0,736,1,1,15,1.126,2025-05-24,2025-06-08,TRK326808875,2025-05-26 17:00:00,7-day exchange window. Delivery photo and tracking are retained for 180 days.,-0.1092,4,0,0,train,101
ddbf5ee1645a,cust_40661,friendly_fraud_long_tenure,unauthorized,digital_goods,6143.57,1,1,1,1.0,1.0,914,2,4,18,1.364,2025-08-23,2025-09-10,TRK504568347,2025-08-26 10:00:00,Digital items are non-refundable after delivery to the registered account.,-0.2699,7,0,0,train,101
86fb377761d4,cust_67881,inr_delivery_confirmed,item_not_received,fashion,1982.78,1,0,1,1.0,1.0,676,1,1,9,1.098,2025-07-15,2025-07-24,TRK394446901,2025-07-18 20:00:00,7-day exchange window. Delivery photo and tracking are retained for 180 days.,0.3003,6,0,0,train,101
e3166b59bba2,cust_27084,high_velocity_attack,unauthorized,digital_goods,3564.71,0,0,0,0.0,0.0,0,0,8,5,1.413,2025-07-05,2025-07-10,,,Digital items are non-refundable after delivery to the registered account.,0.0943,6,1,1,train,101
f6c7df444e17,cust_37622,inr_delivery_confirmed,item_not_received,fashion,3156.14,1,0,1,1.0,,760,3,1,24,,2025-03-14,2025-04-07,TRK887790060,2025-03-17 18:00:00,7-day exchange window. Delivery photo and tracking are retained for 180 days.,-0.1022,2,0,1,train,101
9ec847031f6a,cust_99414,inr_delivery_confirmed,item_not_received,grocery,2593.72,1,1,0,1.0,0.0,594,0,1,25,1.221,2025-02-14,2025-03-11,TRK711008346,2025-02-15 11:00:00,Perishable goods are non-returnable after delivery confirmation.,-0.1863,1,0,0,train,101
0aaf69bb5c79,cust_62629,friendly_fraud_long_tenure,item_not_received,digital_goods,3029.91,0,0,0,1.0,0.0,536,2,3,5,,2025-07-30,2025-08-04,,,Digital items are non-refundable after delivery to the registered account.,0.1186,7,0,0,train,101
4c5a8037ad43,cust_15828,no_evidence,item_not_received,digital_goods,2799.0,0,0,0,0.0,0.0,160,2,6,29,1.517,2025-03-10,2025-04-08,,,Digital items are non-refundable after delivery to the registered account.,0.0981,2,0,0,train,101
9fe1db5794c1,cust_65318,inr_delivery_confirmed,item_not_received,ecommerce,1976.87,1,1,1,1.0,,428,0,1,40,0.681,2025-03-05,2025-04-14,TRK265927553,2025-03-06 15:00:00,30-day returns on unused goods. Signature on delivery is accepted proof of receipt.,0.0124,2,0,1,train,101
086396d6b0e5,cust_27053,unauthorized_3ds,unauthorized,travel,7678.69,0,1,1,1.0,0.0,255,0,1,6,,2025-07-08,2025-07-14,,,Cancellations follow fare rules. 3DS-authenticated bookings are treated as cardholder-present.,-0.2164,6,0,1,train,101
0870bde48cf8,cust_33417,no_evidence,unauthorized,digital_goods,9159.85,0,1,0,0.0,0.0,251,1,1,7,1.02,2025-04-09,2025-04-16,,,Digital items are non-refundable after delivery to the registered account.,-0.1648,3,0,1,train,101
d937201c8c68,cust_15889,friendly_fraud_long_tenure,not_as_described,fashion,9968.72,1,1,1,0.0,0.0,1379,1,2,11,1.762,2025-05-01,2025-05-12,TRK178191370,2025-05-02 03:00:00,7-day exchange window. Delivery photo and tracking are retained for 180 days.,0.097,4,1,1,train,101
4bedbe349d5e,cust_22756,unauthorized_3ds,unauthorized,ecommerce,1526.91,1,0,1,0.0,0.0,579,0,1,15,0.44,2025-06-01,2025-06-16,TRK538948980,2025-06-03 20:00:00,30-day returns on unused goods. Signature on delivery is accepted proof of receipt.,-0.0716,5,0,1,train,101
c98205fa6ecc,cust_61124,friendly_fraud_long_tenure,item_not_received,digital_goods,7217.67,1,0,1,1.0,0.0,856,2,1,21,0.773,2025-02-16,2025-03-09,TRK551338433,2025-02-18 14:00:00,Digital items are non-refundable after delivery to the registered account.,0.0979,1,0,1,train,101
b6deef786db5,cust_27792,no_evidence,not_as_described,services,959.86,0,1,0,1.0,0.0,0,2,2,10,0.55,2025-06-25,2025-07-05,,,Service completion notes and customer confirmation emails are retained.,-0.1536,5,0,0,train,101
6c519d5becdc,cust_20519,friendly_fraud_long_tenure,unauthorized,ecommerce,2619.04,1,0,0,1.0,1.0,1204,2,6,26,0.66,2025-09-23,2025-10-19,TRK126868439,2025-09-26 17:00:00,30-day returns on unused goods. Signature on delivery is accepted proof of receipt.,-0.2144,8,0,0,train,101
0b1fc3729050,cust_98166,inr_delivery_confirmed,item_not_received,grocery,2246.78,1,1,1,1.0,1.0,512,1,1,22,0.986,2025-03-07,2025-03-29,TRK758291055,2025-03-08 12:00:00,Perishable goods are non-returnable after delivery confirmation.,0.038,2,0,1,train,101
5fc3f0704180,cust_22255,unauthorized_3ds,unauthorized,travel,3461.49,0,1,1,1.0,1.0,429,1,1,17,1.701,2025-07-08,2025-07-25,,,Cancellations follow fare rules. 3DS-authenticated bookings are treated as cardholder-present.,0.1741,6,0,1,train,101
428cd84bd6dd,cust_47873,friendly_fraud_long_tenure,unauthorized,fashion,5182.48,1,1,1,1.0,0.0,1495,0,4,29,0.1,2025-09-21,2025-10-20,TRK983594289,2025-09-24 19:00:00,7-day exchange window. Delivery photo and tracking are retained for 180 days.,-0.103,8,0,0,train,101
326d5e83d386,cust_61891,unauthorized_3ds,unauthorized,digital_goods,2731.73,0,1,1,,0.0,260,1,1,5,0.913,2025-07-12,2025-07-17,,,Digital items are non-refundable after delivery to the registered account.,0.07,6,0,1,train,101
ee801d499f64,cust_72863,inr_delivery_confirmed,item_not_received,ecommerce,3272.72,1,1,0,1.0,1.0,717,0,1,23,0.712,2025-07-26,2025-08-18,TRK250811635,2025-07-29 13:00:00,30-day returns on unused goods. Signature on delivery is accepted proof of receipt.,-0.153,6,0,1,train,101
57c6b81aee14,cust_33137,inr_delivery_confirmed,item_not_received,ecommerce,4925.37,1,1,0,0.0,1.0,590,0,1,11,1.035,2025-03-07,2025-03-18,TRK160424027,2025-03-09 11:00:00,30-day returns on unused goods. Signature on delivery is accepted proof of receipt.,0.1194,2,0,0,train,101
cd28ae6044ba,cust_36749,friendly_fraud_long_tenure,not_as_described,subscriptions,3134.73,1,1,1,1.0,1.0,649,2,3,43,0.989,2025-05-01,2025-06-13,TRK314639672,2025-05-03 14:00:00,First billing cycle may be refunded; subsequent cycles require unused-period evidence.,0.1155,4,0,0,train,101
1a67147fad81,cust_85855,unauthorized_3ds,unauthorized,ecommerce,2549.41,0,1,1,1.0,0.0,368,0,2,17,0.31,2025-03-26,2025-04-12,,,30-day returns on unused goods. Signature on delivery is accepted proof of receipt.,0.0816,2,0,1,train,101
fbb354ad22d5,cust_36826,no_evidence,item_not_received,ecommerce,3018.6,0,0,0,1.0,0.0,0,2,3,18,0.1,2025-04-19,2025-05-07,,,30-day returns on unused goods. Signature on delivery is accepted proof of receipt.,-0.1475,3,0,0,train,101
3aa4e87f645a,cust_39720,friendly_fraud_long_tenure,not_as_described,ecommerce,9880.06,1,0,1,1.0,1.0,1091,0,4,40,0.1,2025-03-25,2025-05-04,TRK671246554,2025-03-28 00:00:00,30-day returns on unused goods. Signature on delivery is accepted proof of receipt.,0.0686,2,0,0,train,101
693986cc3319,cust_71658,unauthorized_3ds,unauthorized,digital_goods,4332.11,0,1,0,1.0,0.0,538,0,1,34,1.23,2025-02-03,2025-03-09,,,Digital items are non-refundable after delivery to the registered account.,0.036,1,0,1,train,101
cb992134fedc,cust_29076,high_velocity_attack,unauthorized,travel,3152.22,0,0,0,0.0,0.0,65,0,8,6,1.288,2025-03-02,2025-03-08,,,Cancellations follow fare rules. 3DS-authenticated bookings are treated as cardholder-present.,-0.0709,2,1,0,train,101
49f672d1a8b8,cust_92326,friendly_fraud_long_tenure,unauthorized,subscriptions,7326.99,0,1,1,1.0,1.0,1500,2,4,18,0.874,2025-08-21,2025-09-08,,,First billing cycle may be refunded; subsequent cycles require unused-period evidence.,0.1575,7,0,0,train,101
656e4fca6ffe,cust_34818,inr_delivery_confirmed,item_not_received,fashion,4860.31,1,0,1,1.0,1.0,339,0,1,45,,2025-05-20,2025-07-04,TRK448262080,2025-05-23 00:00:00,7-day exchange window. Delivery photo and tracking are retained for 180 days.,-0.3044,4,0,0,train,101
03c5d5e2a8bb,cust_67594,unauthorized_3ds,unauthorized,digital_goods,1805.92,0,1,1,1.0,1.0,1007,2,1,8,0.848,2025-02-04,2025-02-12,,,Digital items are non-refundable after delivery to the registered account.,-0.3093,1,0,1,train,101
76c91b47716c,cust_96323,friendly_fraud_long_tenure,item_not_received,fashion,1441.37,1,1,1,0.0,0.0,520,0,1,50,1.304,2025-04-23,2025-06-12,TRK190511748,2025-04-24 22:00:00,7-day exchange window. Delivery photo and tracking are retained for 180 days.,0.0033,3,0,0,train,101
d6c3ba2b5ad7,cust_20834,unauthorized_3ds,unauthorized,ecommerce,1879.25,0,1,1,,1.0,160,1,1,3,0.958,2025-04-22,2025-04-25,,,30-day returns on unused goods. Signature on delivery is accepted proof of receipt.,0.0158,3,0,1,train,101
a5b71e1eac79,cust_65499,friendly_fraud_long_tenure,not_as_described,fashion,6155.19,1,1,0,1.0,1.0,908,2,1,22,1.617,2025-02-11,2025-03-05,TRK712062262,2025-02-14 07:00:00,7-day exchange window. Delivery photo and tracking are retained for 180 days.,0.0009,1,0,0,train,101
ce2091efd8cd,cust_99041,inr_delivery_confirmed,item_not_received,ecommerce,2960.32,1,0,0,1.0,0.0,26,0,1,29,0.951,2025-09-21,2025-10-20,TRK834669272,2025-09-24 05:00:00,30-day returns on unused goods. Signature on delivery is accepted proof of receipt.,-0.037,8,0,1,train,101
7acf93263172,cust_59504,unauthorized_3ds,unauthorized,digital_goods,1745.41,0,1,1,1.0,,1166,1,1,16,1.001,2025-04-26,2025-05-12,,,Digital items are non-refundable after delivery to the registered account.,0.0163,3,1,1,train,101
aa8e267d6568,cust_11518,inr_delivery_confirmed,item_not_received,grocery,4128.24,1,0,1,0.0,1.0,235,1,2,38,0.658,2025-04-05,2025-05-13,TRK914677205,2025-04-06 01:00:00,Perishable goods are non-returnable after delivery confirmation.,0.0607,3,1,0,train,101
68b10070fc13,cust_61072,no_evidence,item_not_received,ecommerce,8963.73,0,0,0,0.0,0.0,119,1,2,10,1.073,2025-09-01,2025-09-11,,,30-day returns on unused goods. Signature on delivery is accepted proof of receipt.,-0.1571,8,1,0,train,101
1b162bc3e240,cust_78997,unauthorized_3ds,unauthorized,ecommerce,4506.75,0,1,1,1.0,,530,0,1,15,1.335,2025-03-24,2025-04-08,,,30-day returns on unused goods. Signature on delivery is accepted proof of receipt.,0.1774,2,0,1,train,101
f6b95eefa040,cust_63002,inr_delivery_confirmed,item_not_received,grocery,1712.12,1,0,1,1.0,1.0,463,0,1,28,0.67,2025-08-12,2025-09-09,TRK595558792,2025-08-14 09:00:00,Perishable goods are non-returnable after delivery confirmation.,0.1908,7,0,0,train,101
d723ec8c4ece,cust_33107,no_evidence,not_as_described,ecommerce,6405.23,0,0,0,0.0,0.0,38,0,2,26,2.051,2025-09-09,2025-10-05,,,30-day returns on unused goods. Signature on delivery is accepted proof of receipt.,-0.0794,8,0,1,train,101
750b9fe595fc,cust_60245,inr_delivery_confirmed,item_not_received,grocery,1505.38,1,1,0,1.0,1.0,83,1,1,12,0.832,2025-06-04,2025-06-16,TRK135134720,2025-06-04 22:00:00,Perishable goods are non-returnable after delivery confirmation.,-0.0581,5,0,1,train,101
086c740edb83,cust_95272,unauthorized_3ds,unauthorized,ecommerce,1922.99,1,1,0,1.0,0.0,221,0,1,2,0.288,2025-09-25,2025-09-27,TRK565317864,2025-09-26 06:00:00,30-day returns on unused goods. Signature on delivery is accepted proof of receipt.,-0.0786,8,0,1,train,101
cfcfd21ffc82,cust_10325,unauthorized_3ds,unauthorized,travel,7871.41,0,1,1,1.0,1.0,280,0,1,5,1.945,2025-02-23,2025-02-28,,,Cancellations follow fare rules. 3DS-authenticated bookings are treated as cardholder-present.,-0.0445,1,0,1,train,101
13707977dda2,cust_45650,inr_delivery_confirmed,item_not_received,grocery,1960.51,0,1,1,1.0,1.0,193,1,2,19,0.532,2025-09-01,2025-09-20,,,Perishable goods are non-returnable after delivery confirmation.,-0.1263,8,0,0,train,101
f33399d95d20,cust_46145,unauthorized_3ds,unauthorized,travel,2263.72,0,1,1,1.0,1.0,508,0,2,1,1.463,2025-06-23,2025-06-24,,,Cancellations follow fare rules. 3DS-authenticated bookings are treated as cardholder-present.,-0.1115,5,0,1,train,101
912080f85f16,cust_62039,high_velocity_attack,unauthorized,ecommerce,2716.93,0,0,0,,0.0,0,1,8,5,2.787,2025-07-08,2025-07-13,,,30-day returns on unused goods. Signature on delivery is accepted proof of receipt.,0.0733,6,0,0,train,101
af3acd564475,cust_73082,friendly_fraud_long_tenure,unauthorized,fashion,5523.05,0,1,1,1.0,0.0,706,4,1,13,1.696,2025-08-14,2025-08-27,,,7-day exchange window. Delivery photo and tracking are retained for 180 days.,-0.034,7,0,1,train,101
cef0d5c6e40c,cust_54709,inr_delivery_confirmed,item_not_received,ecommerce,2028.16,1,0,0,1.0,1.0,829,0,1,32,0.697,2025-04-25,2025-05-27,TRK426351448,2025-04-26 08:00:00,30-day returns on unused goods. Signature on delivery is accepted proof of receipt.,-0.0685,3,0,1,train,101
72f6d5950bb5,cust_15960,no_evidence,unauthorized,services,2859.84,0,0,0,0.0,0.0,0,0,3,25,1.992,2025-02-02,2025-02-27,,,Service completion notes and customer confirmation emails are retained.,0.0385,1,0,0,train,101
bd4d55ac574c,cust_54865,high_velocity_attack,unauthorized,digital_goods,5400.61,0,1,0,0.0,0.0,40,0,5,5,0.53,2025-06-05,2025-06-10,,,Digital items are non-refundable after delivery to the registered account.,0.086,5,0,1,train,101
b8ff9797ef49,cust_55481,inr_delivery_confirmed,item_not_received,fashion,3185.09,0,0,1,0.0,1.0,144,0,1,19,1.345,2025-05-26,2025-06-14,,,7-day exchange window. Delivery photo and tracking are retained for 180 days.,0.1258,4,0,0,train,101
f19d07539658,cust_15616,no_evidence,not_as_described,services,2064.64,0,0,0,0.0,0.0,91,0,2,28,0.744,2025-04-08,2025-05-06,,,Service completion notes and customer confirmation emails are retained.,0.1232,3,0,0,train,101
65f17914b04f,cust_48094,inr_delivery_confirmed,item_not_received,grocery,2591.0,0,0,1,1.0,1.0,94,0,1,18,0.377,2025-07-25,2025-08-12,,,Perishable goods are non-returnable after delivery confirmation.,-0.0166,6,0,0,train,101
d6e79eb3f356,cust_63191,unauthorized_3ds,unauthorized,ecommerce,1522.98,0,1,1,1.0,0.0,449,0,1,25,1.258,2025-03-02,2025-03-27,,,30-day returns on unused goods. Signature on delivery is accepted proof of receipt.,-0.1723,2,1,1,train,101
49e4ac914ac2,cust_39150,no_evidence,not_as_described,ecommerce,2570.97,1,0,0,1.0,0.0,184,3,4,15,1.984,2025-04-13,2025-04-28,TRK449507972,2025-04-15 05:00:00,30-day returns on unused goods. Signature on delivery is accepted proof of receipt.,0.133,3,1,1,train,101
74d820166cb2,cust_55276,unauthorized_3ds,unauthorized,digital_goods,8547.98,0,1,1,0.0,0.0,478,0,2,20,0.977,2025-03-08,2025-03-28,,,Digital items are non-refundable after delivery to the registered account.,0.2975,2,0,1,train,101
7106c8a95647,cust_98461,unauthorized_3ds,unauthorized,travel,2017.58,0,1,1,0.0,1.0,259,0,3,6,1.865,2025-08-11,2025-08-17,,,Cancellations follow fare rules. 3DS-authenticated bookings are treated as cardholder-present.,0.1103,7,0,1,train,101
79dc45ece973,cust_39826,friendly_fraud_long_tenure,item_not_received,ecommerce,8108.17,1,0,0,0.0,0.0,1063,2,3,27,,2025-02-13,2025-03-12,TRK786284726,2025-02-16 12:00:00,30-day returns on unused goods. Signature on delivery is accepted proof of receipt.,0.026,1,0,0,train,101
486680f377c0,cust_90610,high_velocity_attack,unauthorized,digital_goods,2045.82,0,0,0,0.0,1.0,0,0,6,6,0.408,2025-07-31,2025-08-06,,,Digital items are non-refundable after delivery to the registered account.,-0.0112,7,0,0,train,101
1c926f3cfeb1,cust_91997,friendly_fraud_long_tenure,item_not_received,subscriptions,6334.02,1,0,1,1.0,0.0,538,1,2,28,1.207,2025-07-16,2025-08-13,TRK859223194,2025-07-17 14:00:00,First billing cycle may be refunded; subsequent cycles require unused-period evidence.,-0.1292,6,0,0,train,101
7c819c60be8d,cust_47772,inr_delivery_confirmed,item_not_received,ecommerce,1739.87,1,1,1,1.0,1.0,336,0,3,21,0.641,2025-04-26,2025-05-17,TRK741706600,2025-04-29 11:00:00,30-day returns on unused goods. Signature on delivery is accepted proof of receipt.,0.1115,3,0,1,train,101
45a6c9495258,cust_53846,friendly_fraud_long_tenure,not_as_described,subscriptions,10359.08,1,0,0,1.0,1.0,568,1,1,29,0.1,2025-03-20,2025-04-18,TRK675287214,2025-03-22 09:00:00,First billing cycle may be refunded; subsequent cycles require unused-period evidence.,-0.0063,2,0,0,train,101
07077e759e94,cust_64722,friendly_fraud_long_tenure,unauthorized,ecommerce,5301.2,0,0,0,1.0,1.0,704,2,3,6,0.1,2025-06-10,2025-06-16,,,30-day returns on unused goods. Signature on delivery is accepted proof of receipt.,0.0336,5,0,0,train,101
860b3bc49a32,cust_88319,inr_delivery_confirmed,item_not_received,ecommerce,6324.02,1,0,0,1.0,1.0,575,0,1,29,0.636,2025-08-25,2025-09-23,TRK923078418,2025-08-26 11:00:00,30-day returns on unused goods. Signature on delivery is accepted proof of receipt.,-0.026,7,0,1,train,101
90f207511b77,cust_36713,friendly_fraud_long_tenure,unauthorized,ecommerce,4790.23,1,1,1,,1.0,1463,2,1,24,0.982,2025-07-12,2025-08-05,TRK183964184,2025-07-13 04:00:00,30-day returns on unused goods. Signature on delivery is accepted proof of receipt.,-0.1464,6,0,0,train,101
d6122ae81395,cust_42847,high_velocity_attack,unauthorized,ecommerce,2646.9,1,0,0,0.0,0.0,0,0,9,9,2.724,2025-06-04,2025-06-13,TRK397314817,2025-06-05 03:00:00,30-day returns on unused goods. Signature on delivery is accepted proof of receipt.,0.059,5,0,1,train,101
91975a6b83ad,cust_31005,inr_delivery_confirmed,item_not_received,fashion,2433.94,1,0,0,0.0,1.0,156,0,1,13,0.948,2025-07-30,2025-08-12,TRK619483579,2025-08-01 17:00:00,7-day exchange window. Delivery photo and tracking are retained for 180 days.,0.0463,7,0,1,train,101
5f3bebe95ea2,cust_47956,unauthorized_3ds,unauthorized,digital_goods,3052.86,1,1,1,1.0,1.0,364,0,1,20,1.121,2025-06-09,2025-06-29,TRK166159436,2025-06-12 08:00:00,Digital items are non-refundable after delivery to the registered account.,-0.013,5,0,1,train,101
7b5c02545275,cust_24733,friendly_fraud_long_tenure,item_not_received,subscriptions,3121.64,0,0,1,0.0,0.0,1700,1,2,40,0.746,2025-08-21,2025-09-30,,,First billing cycle may be refunded; subsequent cycles require unused-period evidence.,0.0125,7,0,1,train,101
4f1925b5d574,cust_58871,unauthorized_3ds,unauthorized,travel,7649.08,1,1,1,0.0,1.0,649,1,1,12,1.413,2025-04-15,2025-04-27,TRK817292844,2025-04-18 20:00:00,Cancellations follow fare rules. 3DS-authenticated bookings are treated as cardholder-present.,0.0858,3,0,0,train,101
315b47eea4a2,cust_39392,friendly_fraud_long_tenure,not_as_described,digital_goods,3634.44,0,0,0,0.0,0.0,793,3,3,29,1.439,2025-02-02,2025-03-03,,,Digital items are non-refundable after delivery to the registered account.,-0.1784,1,0,0,train,101
84d84f604086,cust_78907,inr_delivery_confirmed,item_not_received,ecommerce,858.43,1,1,1,0.0,1.0,1110,1,1,21,0.594,2025-09-22,2025-10-13,TRK796426070,2025-09-25 01:00:00,30-day returns on unused goods. Signature on delivery is accepted proof of receipt.,0.2742,8,1,1,train,101
454a035f0802,cust_47924,no_evidence,item_not_received,digital_goods,3004.44,0,0,0,0.0,0.0,0,1,2,38,1.632,2025-06-10,2025-07-18,,,Digital items are non-refundable after delivery to the registered account.,0.0127,5,0,0,train,101
c11b92bf26b9,cust_23743,friendly_fraud_long_tenure,unauthorized,digital_goods,13441.18,1,1,1,1.0,1.0,342,1,1,18,1.996,2025-03-18,2025-04-05,TRK111876011,2025-03-20 05:00:00,Digital items are non-refundable after delivery to the registered account.,-0.0504,2,0,1,train,101
2f9c9ce46e5d,cust_80620,high_velocity_attack,unauthorized,travel,1654.68,1,0,0,0.0,0.0,29,0,8,12,2.035,2025-07-06,2025-07-18,TRK228934989,2025-07-06 23:00:00,Cancellations follow fare rules. 3DS-authenticated bookings are treated as cardholder-present.,0.1438,6,0,0,train,101
c05dbde24f0b,cust_52364,unauthorized_3ds,unauthorized,ecommerce,3860.0,1,1,1,0.0,1.0,609,0,1,15,1.524,2025-07-11,2025-07-26,TRK755301176,2025-07-12 09:00:00,30-day returns on unused goods. Signature on delivery is accepted proof of receipt.,-0.0765,6,0,1,train,101
3f323cea2c4c,cust_37160,unauthorized_3ds,unauthorized,ecommerce,2968.68,1,1,1,1.0,0.0,299,0,2,11,0.637,2025-05-03,2025-05-14,TRK338256627,2025-05-04 18:00:00,30-day returns on unused goods. Signature on delivery is accepted proof of receipt.,0.006,4,1,0,train,101
f5c59293a8af,cust_94045,unauthorized_3ds,unauthorized,ecommerce,3708.49,1,1,1,1.0,,422,0,1,10,1.353,2025-02-25,2025-03-07,TRK990795263,2025-02-27 08:00:00,30-day returns on unused goods. Signature on delivery is accepted proof of receipt.,0.1441,1,0,0,train,101
168ba58f7daa,cust_80040,inr_delivery_confirmed,item_not_received,grocery,2983.47,1,0,0,0.0,0.0,414,1,1,10,1.201,2025-07-05,2025-07-15,TRK772586689,2025-07-07 19:00:00,Perishable goods are non-returnable after delivery confirmation.,0.1529,6,0,0,train,101
9dc59dd37548,cust_65182,inr_delivery_confirmed,item_not_received,grocery,1322.64,1,1,1,1.0,1.0,507,0,1,30,1.096,2025-05-06,2025-06-05,TRK113734714,2025-05-09 09:00:00,Perishable goods are non-returnable after delivery confirmation.,-0.005,4,0,0,train,101
4bd66b39433b,cust_39457,unauthorized_3ds,unauthorized,ecommerce,2125.07,0,1,1,1.0,1.0,357,0,3,13,1.438,2025-05-27,2025-06-09,,,30-day returns on unused goods. Signature on delivery is accepted proof of receipt.,0.023,4,0,1,train,101
000cd8089251,cust_90663,no_evidence,item_not_received,ecommerce,4018.61,1,0,0,0.0,0.0,61,1,2,17,1.2,2025-06-02,2025-06-19,TRK988965883,2025-06-03 13:00:00,30-day returns on unused goods. Signature on delivery is accepted proof of receipt.,-0.1526,5,0,0,train,101
ca711cd3f6c6,cust_19558,no_evidence,item_not_received,digital_goods,3569.79,0,0,0,0.0,0.0,0,1,1,54,0.433,2025-06-21,2025-08-14,,,Digital items are non-refundable after delivery to the registered account.,-0.0188,5,0,0,train,101
4fce6a6aef0c,cust_56446,no_evidence,unauthorized,ecommerce,3559.67,0,0,1,0.0,0.0,167,3,4,16,0.996,2025-06-09,2025-06-25,,,30-day returns on unused goods. Signature on delivery is accepted proof of receipt.,0.0967,5,0,0,train,101
29f67c811fec,cust_95269,unauthorized_3ds,unauthorized,ecommerce,2059.01,1,1,0,0.0,0.0,716,1,1,4,1.176,2025-04-27,2025-05-01,TRK632304409,2025-04-29 18:00:00,30-day returns on unused goods. Signature on delivery is accepted proof of receipt.,0.0087,3,0,1,train,101
0a1178e5c129,cust_93572,unauthorized_3ds,unauthorized,digital_goods,2788.6,1,1,1,0.0,1.0,641,0,2,19,1.379,2025-06-08,2025-06-27,TRK763557563,2025-06-09 17:00:00,Digital items are non-refundable after delivery to the registered account.,-0.0839,5,0,1,train,101
036dfcab733c,cust_86974,unauthorized_3ds,unauthorized,digital_goods,5845.41,0,1,1,0.0,0.0,195,2,1,5,1.103,2025-05-09,2025-05-14,,,Digital items are non-refundable after delivery to the registered account.,-0.0035,4,0,1,train,101
98770722b2a7,cust_74030,high_velocity_attack,unauthorized,travel,1915.53,1,0,0,0.0,0.0,0,1,7,12,1.972,2025-09-15,2025-09-27,TRK645815822,2025-09-15 21:00:00,Cancellations follow fare rules. 3DS-authenticated bookings are treated as cardholder-present.,0.0526,8,0,1,train,101
ca684db17c35,cust_86722,inr_delivery_confirmed,item_not_received,ecommerce,2737.17,1,0,1,0.0,0.0,906,0,1,15,1.423,2025-05-05,2025-05-20,TRK248262441,2025-05-08 03:00:00,30-day returns on unused goods. Signature on delivery is accepted proof of receipt.,0.0167,4,0,1,train,101
63073bac8085,cust_31859,unauthorized_3ds,unauthorized,travel,1590.14,1,0,0,1.0,1.0,327,0,1,13,1.001,2025-05-02,2025-05-15,TRK819027053,2025-05-05 18:00:00,Cancellations follow fare rules. 3DS-authenticated bookings are treated as cardholder-present.,0.2034,4,0,1,train,101
f0928943c7dc,cust_34334,friendly_fraud_long_tenure,item_not_received,fashion,2034.53,0,0,0,1.0,1.0,1038,0,2,23,0.769,2025-09-25,2025-10-18,,,7-day exchange window. Delivery photo and tracking are retained for 180 days.,0.0569,8,0,1,train,101
ad061cab8c18,cust_89635,friendly_fraud_long_tenure,unauthorized,digital_goods,2976.91,1,0,0,0.0,0.0,1508,2,3,17,,2025-09-15,2025-10-02,TRK528099635,2025-09-16 10:00:00,Digital items are non-refundable after delivery to the registered account.,0.2001,8,0,0,train,101
4461529b426b,cust_38867,inr_delivery_confirmed,item_not_received,grocery,2516.89,1,1,1,0.0,1.0,945,2,1,5,0.402,2025-09-13,2025-09-18,TRK348565959,2025-09-14 11:00:00,Perishable goods are non-returnable after delivery confirmation.,-0.0505,8,0,0,train,101
ed21e8847753,cust_85795,inr_delivery_confirmed,item_not_received,fashion,1370.84,1,1,1,0.0,1.0,521,0,1,21,0.623,2025-08-05,2025-08-26,TRK854157387,2025-08-06 02:00:00,7-day exchange window. Delivery photo and tracking are retained for 180 days.,-0.1287,7,0,0,train,101
2a4748561407,cust_31293,no_evidence,unauthorized,digital_goods,5892.51,0,0,0,,0.0,0,1,1,42,2.213,2025-03-19,2025-04-30,,,Digital items are non-refundable after delivery to the registered account.,-0.1495,2,0,0,train,101
e47749f23182,cust_60000,inr_delivery_confirmed,item_not_received,ecommerce,912.87,1,1,1,1.0,0.0,460,0,1,26,0.643,2025-04-12,2025-05-08,TRK767878707,2025-04-15 05:00:00,30-day returns on unused goods. Signature on delivery is accepted proof of receipt.,0.0639,3,1,0,train,101
e799829bf8ca,cust_72468,unauthorized_3ds,unauthorized,digital_goods,3739.66,0,1,0,0.0,1.0,758,0,1,13,0.815,2025-07-12,2025-07-25,,,Digital items are non-refundable after delivery to the registered account.,-0.1076,6,1,0,train,101
29736f2b49ec,cust_16299,inr_delivery_confirmed,item_not_received,grocery,4243.68,1,0,1,0.0,0.0,615,1,1,9,1.414,2025-02-06,2025-02-15,TRK922987344,2025-02-09 14:00:00,Perishable goods are non-returnable after delivery confirmation.,0.0259,1,0,1,train,101
fe701a9590f5,cust_60283,inr_delivery_confirmed,item_not_received,grocery,4782.28,1,0,1,0.0,1.0,625,1,1,7,1.147,2025-08-08,2025-08-15,TRK712032837,2025-08-08 21:00:00,Perishable goods are non-returnable after delivery confirmation.,-0.1377,7,0,0,train,101
b8a9132035d1,cust_53564,friendly_fraud_long_tenure,unauthorized,subscriptions,5487.0,1,1,1,1.0,1.0,1106,1,4,10,0.895,2025-07-03,2025-07-13,TRK508531854,2025-07-06 06:00:00,First billing cycle may be refunded; subsequent cycles require unused-period evidence.,-0.066,6,0,0,train,101
1b53da2dbf95,cust_28852,inr_delivery_confirmed,item_not_received,grocery,3521.42,1,1,0,0.0,0.0,406,0,1,15,0.975,2025-05-10,2025-05-25,TRK584504438,2025-05-13 19:00:00,Perishable goods are non-returnable after delivery confirmation.,0.2822,4,0,0,train,101
19d770053ebb,cust_49681,unauthorized_3ds,unauthorized,ecommerce,2812.8,0,1,0,1.0,1.0,421,0,1,1,1.906,2025-04-27,2025-04-28,,,30-day returns on unused goods. Signature on delivery is accepted proof of receipt.,0.0235,3,0,1,train,101
7488b6471bc0,cust_50603,friendly_fraud_long_tenure,unauthorized,digital_goods,4924.56,0,0,1,1.0,1.0,667,4,3,12,1.109,2025-04-07,2025-04-19,,,Digital items are non-refundable after delivery to the registered account.,0.0026,3,0,1,train,101
23d87fca3219,cust_67691,inr_delivery_confirmed,item_not_received,grocery,1347.89,1,1,1,1.0,1.0,398,2,1,21,1.614,2025-02-02,2025-02-23,TRK284145315,2025-02-02 22:00:00,Perishable goods are non-returnable after delivery confirmation.,-0.1626,1,0,1,train,101
4b78787d51fa,cust_37316,high_velocity_attack,unauthorized,digital_goods,1273.87,0,0,1,0.0,0.0,15,0,5,4,1.444,2025-03-05,2025-03-09,,,Digital items are non-refundable after delivery to the registered account.,-0.1173,2,0,1,train,101
7e7cf12264f6,cust_76884,inr_delivery_confirmed,item_not_received,fashion,1621.82,1,0,1,1.0,0.0,187,0,1,10,1.48,2025-09-05,2025-09-15,TRK859982033,2025-09-08 09:00:00,7-day exchange window. Delivery photo and tracking are retained for 180 days.,-0.0634,8,0,0,train,101
1c0fd9fbba5d,cust_51851,no_evidence,unauthorized,digital_goods,5023.77,0,0,0,0.0,0.0,139,2,1,77,0.775,2025-04-25,2025-07-11,,,Digital items are non-refundable after delivery to the registered account.,0.0542,3,0,0,train,101
3295a6701cea,cust_83445,friendly_fraud_long_tenure,unauthorized,subscriptions,10300.83,0,1,1,1.0,0.0,217,2,1,21,1.408,2025-02-27,2025-03-20,,,First billing cycle may be refunded; subsequent cycles require unused-period evidence.,-0.0634,1,0,1,train,101
c449edd6bb8c,cust_81071,unauthorized_3ds,unauthorized,digital_goods,4025.71,1,1,1,1.0,1.0,131,0,1,20,0.32,2025-02-16,2025-03-08,TRK681371971,2025-02-17 02:00:00,Digital items are non-refundable after delivery to the registered account.,-0.0641,1,0,1,train,101
2066a8d8d2b3,cust_47947,high_velocity_attack,unauthorized,ecommerce,2061.99,0,0,0,1.0,0.0,85,0,3,7,1.797,2025-09-10,2025-09-17,,,30-day returns on unused goods. Signature on delivery is accepted proof of receipt.,0.13,8,0,0,train,101
a6ed3e4bfe78,cust_50412,high_velocity_attack,unauthorized,travel,11548.88,0,0,0,1.0,0.0,112,0,7,10,3.659,2025-02-03,2025-02-13,,,Cancellations follow fare rules. 3DS-authenticated bookings are treated as cardholder-present.,0.0168,1,0,0,train,101
16248ee7196d,cust_35326,high_velocity_attack,unauthorized,travel,1898.16,1,0,0,0.0,0.0,47,0,9,1,2.788,2025-08-26,2025-08-27,TRK753611378,2025-08-28 00:00:00,Cancellations follow fare rules. 3DS-authenticated bookings are treated as cardholder-present.,0.0302,7,0,0,train,101
00015d0cf743,cust_50723,friendly_fraud_long_tenure,unauthorized,subscriptions,2131.08,1,0,1,1.0,0.0,494,2,1,46,0.937,2025-05-05,2025-06-20,TRK483059413,2025-05-08 14:00:00,First billing cycle may be refunded; subsequent cycles require unused-period evidence.,-0.1742,4,1,0,train,101
a56aaa2b339b,cust_31361,high_velocity_attack,unauthorized,digital_goods,7680.1,1,0,0,0.0,1.0,60,0,4,5,2.846,2025-04-01,2025-04-06,TRK280520467,2025-04-04 10:00:00,Digital items are non-refundable after delivery to the registered account.,0.0723,3,0,0,train,101
585e334209dc,cust_42174,friendly_fraud_long_tenure,item_not_received,ecommerce,12892.78,1,1,1,1.0,1.0,815,0,1,34,1.608,2025-07-15,2025-08-18,TRK157482837,2025-07-17 08:00:00,30-day returns on unused goods. Signature on delivery is accepted proof of receipt.,0.0032,6,0,1,train,101
fede331b071e,cust_73381,unauthorized_3ds,unauthorized,digital_goods,5483.85,0,1,0,1.0,1.0,389,0,1,28,0.812,2025-08-16,2025-09-13,,,Digital items are non-refundable after delivery to the registered account.,0.0996,7,0,1,train,101
380bc8df5171,cust_88854,unauthorized_3ds,unauthorized,ecommerce,3659.02,1,1,1,1.0,1.0,196,0,1,22,1.681,2025-09-06,2025-09-28,TRK359388664,2025-09-09 11:00:00,30-day returns on unused goods. Signature on delivery is accepted proof of receipt.,0.0039,8,0,1,train,101
a139effe5dc2,cust_31671,unauthorized_3ds,unauthorized,travel,5657.29,0,1,1,1.0,1.0,343,0,1,1,1.378,2025-08-01,2025-08-02,,,Cancellations follow fare rules. 3DS-authenticated bookings are treated as cardholder-present.,0.22,7,1,0,train,101
f655f1dfdc94,cust_70223,high_velocity_attack,unauthorized,travel,1833.69,1,0,0,,1.0,0,0,7,9,5.067,2025-02-22,2025-03-03,TRK168139034,2025-02-22 22:00:00,Cancellations follow fare rules. 3DS-authenticated bookings are treated as cardholder-present.,-0.0857,1,0,1,train,101
34f7c65c2ab4,cust_48725,high_velocity_attack,unauthorized,ecommerce,379.65,0,0,0,1.0,0.0,151,0,10,9,3.418,2025-09-23,2025-10-02,,,30-day returns on unused goods. Signature on delivery is accepted proof of receipt.,-0.0044,8,0,0,train,101
54566ff8204c,cust_70869,inr_delivery_confirmed,item_not_received,fashion,1779.49,1,0,0,1.0,0.0,605,1,1,16,1.235,2025-02-10,2025-02-26,TRK790169449,2025-02-12 11:00:00,7-day exchange window. Delivery photo and tracking are retained for 180 days.,0.194,1,0,0,train,101
3a55d2d73396,cust_43504,friendly_fraud_long_tenure,unauthorized,ecommerce,4366.87,1,0,0,0.0,0.0,586,2,1,37,1.722,2025-05-26,2025-07-02,TRK564829512,2025-05-29 08:00:00,30-day returns on unused goods. Signature on delivery is accepted proof of receipt.,0.0277,4,1,1,train,101
54146831c262,cust_44413,inr_delivery_confirmed,item_not_received,ecommerce,2840.69,1,1,1,0.0,1.0,541,0,1,2,0.933,2025-08-29,2025-08-31,TRK633285556,2025-09-01 23:00:00,30-day returns on unused goods. Signature on delivery is accepted proof of receipt.,-0.036,8,1,1,train,101
961f95ad17a9,cust_51433,unauthorized_3ds,unauthorized,ecommerce,5288.9,1,1,0,1.0,0.0,162,0,2,8,1.337,2025-08-13,2025-08-21,TRK292087533,2025-08-16 10:00:00,30-day returns on unused goods. Signature on delivery is accepted proof of receipt.,-0.1114,7,0,1,train,101
f48b10fbfda5,cust_42973,unauthorized_3ds,unauthorized,travel,2489.04,1,1,1,1.0,0.0,655,0,1,28,0.829,2025-06-27,2025-07-25,TRK986708825,2025-06-28 20:00:00,Cancellations follow fare rules. 3DS-authenticated bookings are treated as cardholder-present.,0.0867,5,0,1,train,101
437a1737049b,cust_39529,friendly_fraud_long_tenure,not_as_described,ecommerce,7588.74,0,0,1,1.0,0.0,773,2,1,20,0.85,2025-04-13,2025-05-03,,,30-day returns on unused goods. Signature on delivery is accepted proof of receipt.,-0.1053,3,0,0,train,101
9a9e2f3157a0,cust_23853,unauthorized_3ds,unauthorized,digital_goods,1815.21,1,1,1,0.0,1.0,369,0,2,30,0.941,2025-05-23,2025-06-22,TRK571257229,2025-05-25 14:00:00,Digital items are non-refundable after delivery to the registered account.,0.0473,4,0,0,train,101
d94dff56de13,cust_29680,no_evidence,unauthorized,ecommerce,1303.81,1,0,0,0.0,0.0,0,1,2,31,0.1,2025-01-31,2025-03-03,TRK698666268,2025-02-02 20:00:00,30-day returns on unused goods. Signature on delivery is accepted proof of receipt.,0.1686,1,0,0,train,101
15d4ccb170b9,cust_45195,no_evidence,item_not_received,ecommerce,2982.97,0,0,0,0.0,1.0,0,0,5,14,1.329,2025-06-06,2025-06-20,,,30-day returns on unused goods. Signature on delivery is accepted proof of receipt.,0.0177,5,0,0,train,101
a73dccecb355,cust_51816,inr_delivery_confirmed,item_not_received,fashion,2062.23,1,1,1,1.0,1.0,827,0,1,21,0.744,2025-07-17,2025-08-07,TRK838017194,2025-07-18 09:00:00,7-day exchange window. Delivery photo and tracking are retained for 180 days.,-0.1394,6,0,0,train,101
94dcfec61b88,cust_98874,no_evidence,item_not_received,ecommerce,2056.64,0,0,0,0.0,0.0,0,0,3,21,2.428,2025-08-14,2025-09-04,,,30-day returns on unused goods. Signature on delivery is accepted proof of receipt.,-0.127,7,0,0,train,101
ff496bc51bee,cust_84670,unauthorized_3ds,unauthorized,travel,7850.5,0,1,1,1.0,,319,0,2,19,1.237,2025-03-26,2025-04-14,,,Cancellations follow fare rules. 3DS-authenticated bookings are treated as cardholder-present.,0.0961,2,0,0,train,101
187eead731ac,cust_14388,high_velocity_attack,unauthorized,ecommerce,3472.03,0,0,0,0.0,1.0,44,0,7,7,1.526,2025-04-11,2025-04-18,,,30-day returns on unused goods. Signature on delivery is accepted proof of receipt.,0.0509,3,0,0,train,101
49523f48b213,cust_28921,friendly_fraud_long_tenure,item_not_received,fashion,5258.07,0,1,1,0.0,0.0,1496,1,2,26,0.928,2025-05-07,2025-06-02,,,7-day exchange window. Delivery photo and tracking are retained for 180 days.,0.0057,4,0,0,train,101
9006fc699414,cust_61216,unauthorized_3ds,unauthorized,travel,5098.57,1,1,1,1.0,0.0,669,1,3,20,0.966,2025-09-23,2025-10-13,TRK417498895,2025-09-24 22:00:00,Cancellations follow fare rules. 3DS-authenticated bookings are treated as cardholder-present.,0.0281,8,1,1,train,101
175ed469e73f,cust_99144,unauthorized_3ds,unauthorized,travel,1223.31,0,1,1,0.0,1.0,448,1,2,12,1.012,2025-03-12,2025-03-24,,,Cancellations follow fare rules. 3DS-authenticated bookings are treated as cardholder-present.,0.2076,2,1,0,train,101
d024d047e375,cust_80700,inr_delivery_confirmed,item_not_received,grocery,967.01,1,0,0,1.0,0.0,304,0,3,22,0.697,2025-05-07,2025-05-29,TRK350578316,2025-05-09 01:00:00,Perishable goods are non-returnable after delivery confirmation.,-0.0691,4,0,0,train,101
9b350b2a32b0,cust_77956,inr_delivery_confirmed,item_not_received,ecommerce,3313.26,1,1,1,0.0,1.0,563,0,1,13,1.308,2025-08-06,2025-08-19,TRK257097408,2025-08-08 05:00:00,30-day returns on unused goods. Signature on delivery is accepted proof of receipt.,0.0267,7,1,1,train,101
6409d667298f,cust_17838,inr_delivery_confirmed,item_not_received,ecommerce,6617.99,0,1,0,1.0,0.0,622,1,1,31,0.806,2025-06-23,2025-07-24,,,30-day returns on unused goods. Signature on delivery is accepted proof of receipt.,0.2093,5,0,1,train,101
ad7e28f36962,cust_85191,unauthorized_3ds,unauthorized,ecommerce,2881.47,1,1,1,1.0,0.0,764,0,2,21,1.387,2025-05-02,2025-05-23,TRK600865475,2025-05-04 16:00:00,30-day returns on unused goods. Signature on delivery is accepted proof of receipt.,-0.0966,4,1,0,train,101
66ddbdd2ec5f,cust_15839,high_velocity_attack,unauthorized,digital_goods,2450.64,0,0,1,0.0,0.0,1,0,12,11,1.13,2025-05-03,2025-05-14,,,Digital items are non-refundable after delivery to the registered account.,-0.2022,4,0,0,train,101
974a9d26103a,cust_98798,no_evidence,not_as_described,digital_goods,3033.81,0,0,0,0.0,0.0,74,2,2,47,1.874,2025-02-16,2025-04-04,,,Digital items are non-refundable after delivery to the registered account.,-0.0016,1,1,1,train,101
d4a5f8a51836,cust_67551,unauthorized_3ds,unauthorized,ecommerce,2817.65,0,1,1,0.0,0.0,434,1,1,10,1.103,2025-05-11,2025-05-21,,,30-day returns on unused goods. Signature on delivery is accepted proof of receipt.,0.1012,4,0,1,train,101
b49f4a85cebb,cust_80576,no_evidence,unauthorized,ecommerce,1927.98,0,0,0,1.0,0.0,74,1,1,14,2.017,2025-09-07,2025-09-21,,,30-day returns on unused goods. Signature on delivery is accepted proof of receipt.,0.103,8,0,0,train,101
79c2f83e745a,cust_92066,inr_delivery_confirmed,item_not_received,ecommerce,1868.99,1,1,1,1.0,1.0,37,0,2,19,0.907,2025-09-08,2025-09-27,TRK798837937,2025-09-10 07:00:00,30-day returns on unused goods. Signature on delivery is accepted proof of receipt.,-0.1003,8,0,0,train,101
ab31b3ccb584,cust_25372,no_evidence,unauthorized,digital_goods,4735.33,0,0,0,0.0,0.0,163,1,1,9,3.753,2025-05-27,2025-06-05,,,Digital items are non-refundable after delivery to the registered account.,-0.2017,4,0,0,train,101
7f00d94a2292,cust_33504,high_velocity_attack,unauthorized,ecommerce,3938.87,0,0,0,0.0,0.0,33,0,8,10,2.765,2025-02-24,2025-03-06,,,30-day returns on unused goods. Signature on delivery is accepted proof of receipt.,0.0668,1,0,0,train,101
ea9a282001ba,cust_69468,inr_delivery_confirmed,item_not_received,grocery,3603.71,0,0,1,1.0,1.0,520,3,1,30,0.924,2025-06-23,2025-07-23,,,Perishable goods are non-returnable after delivery confirmation.,0.1215,5,0,1,train,101
3a27b63fdde5,cust_50801,inr_delivery_confirmed,item_not_received,ecommerce,9708.31,1,1,0,1.0,1.0,927,0,2,19,1.039,2025-02-12,2025-03-03,TRK380810730,2025-02-15 15:00:00,30-day returns on unused goods. Signature on delivery is accepted proof of receipt.,-0.0833,1,0,0,train,101
a417aefc2c6d,cust_39383,friendly_fraud_long_tenure,item_not_received,digital_goods,4312.91,1,1,1,0.0,1.0,180,0,1,21,3.154,2025-03-29,2025-04-19,TRK971973560,2025-03-30 06:00:00,Digital items are non-refundable after delivery to the registered account.,0.0384,2,0,1,train,101
57ad3e01edea,cust_93779,friendly_fraud_long_tenure,item_not_received,subscriptions,6701.18,1,0,0,1.0,1.0,944,1,5,20,1.284,2025-03-10,2025-03-30,TRK505295784,2025-03-12 12:00:00,First billing cycle may be refunded; subsequent cycles require unused-period evidence.,0.0096,2,0,1,train,101
d88b02855418,cust_89326,unauthorized_3ds,unauthorized,ecommerce,3050.8,0,0,1,1.0,0.0,679,0,1,12,1.75,2025-06-16,2025-06-28,,,30-day returns on unused goods. Signature on delivery is accepted proof of receipt.,0.1448,5,0,0,train,101
5a50c66b3a6a,cust_54415,high_velocity_attack,unauthorized,travel,2177.51,1,1,1,1.0,0.0,53,0,10,6,2.998,2025-02-13,2025-02-19,TRK523040250,2025-02-16 11:00:00,Cancellations follow fare rules. 3DS-authenticated bookings are treated as cardholder-present.,-0.057,1,0,0,train,101
87270336d7d9,cust_97593,unauthorized_3ds,unauthorized,travel,4878.08,1,0,1,0.0,1.0,178,0,2,8,0.64,2025-02-13,2025-02-21,TRK650664407,2025-02-16 13:00:00,Cancellations follow fare rules. 3DS-authenticated bookings are treated as cardholder-present.,-0.0629,1,0,1,train,101
d0e3cb2e9871,cust_18171,inr_delivery_confirmed,item_not_received,grocery,2977.65,1,1,0,1.0,1.0,827,0,1,4,0.543,2025-06-01,2025-06-05,TRK776735249,2025-06-01 19:00:00,Perishable goods are non-returnable after delivery confirmation.,0.0342,5,0,1,train,101
9f56e73ed285,cust_52397,inr_delivery_confirmed,item_not_received,fashion,4937.39,1,0,1,1.0,1.0,305,0,1,11,0.628,2025-05-18,2025-05-29,TRK526910840,2025-05-18 23:00:00,7-day exchange window. Delivery photo and tracking are retained for 180 days.,-0.1314,4,0,1,train,101
dd3aaaeecbc3,cust_48637,friendly_fraud_long_tenure,item_not_received,ecommerce,4718.25,0,1,1,0.0,0.0,1189,1,1,35,0.975,2025-04-03,2025-05-08,,,30-day returns on unused goods. Signature on delivery is accepted proof of receipt.,-0.0725,3,1,1,train,101
1394b8f433a7,cust_57646,inr_delivery_confirmed,item_not_received,grocery,4094.42,1,0,0,0.0,1.0,130,0,1,7,1.041,2025-08-01,2025-08-08,TRK917459566,2025-08-02 19:00:00,Perishable goods are non-returnable after delivery confirmation.,-0.1997,7,0,1,train,101
7272a00890ba,cust_84024,no_evidence,not_as_described,services,3513.51,0,0,0,0.0,0.0,187,1,3,5,1.247,2025-07-11,2025-07-16,,,Service completion notes and customer confirmation emails are retained.,-0.0902,6,0,1,train,101
85b5488adb99,cust_74738,high_velocity_attack,unauthorized,travel,5297.6,0,0,0,0.0,0.0,84,0,8,4,1.35,2025-03-22,2025-03-26,,,Cancellations follow fare rules. 3DS-authenticated bookings are treated as cardholder-present.,0.145,2,1,1,train,101
d22712c649df,cust_87897,inr_delivery_confirmed,item_not_received,fashion,5586.68,1,1,0,1.0,1.0,446,2,1,19,,2025-05-15,2025-06-03,TRK841643749,2025-05-16 07:00:00,7-day exchange window. Delivery photo and tracking are retained for 180 days.,-0.0954,4,0,1,train,101
595d6ff7cf3e,cust_84180,inr_delivery_confirmed,item_not_received,grocery,802.11,1,1,1,1.0,1.0,795,2,1,19,1.13,2025-05-27,2025-06-15,TRK678637566,2025-05-27 22:00:00,Perishable goods are non-returnable after delivery confirmation.,-0.2261,4,0,1,train,101
fdd7828260bc,cust_76390,no_evidence,not_as_described,services,3937.48,0,0,1,1.0,1.0,80,1,1,17,1.63,2025-04-26,2025-05-13,,,Service completion notes and customer confirmation emails are retained.,0.0201,3,0,0,train,101
36a044f9bb6f,cust_47412,inr_delivery_confirmed,item_not_received,fashion,4855.0,1,0,1,1.0,1.0,497,0,2,14,0.674,2025-03-18,2025-04-01,TRK379569086,2025-03-20 12:00:00,7-day exchange window. Delivery photo and tracking are retained for 180 days.,0.029,2,0,0,train,101
65dde04fbb6a,cust_30669,unauthorized_3ds,unauthorized,travel,2180.98,0,1,0,1.0,0.0,541,0,3,1,1.446,2025-08-26,2025-08-27,,,Cancellations follow fare rules. 3DS-authenticated bookings are treated as cardholder-present.,-0.1616,7,0,1,train,101
41b00e565a19,cust_43811,no_evidence,not_as_described,digital_goods,4322.78,0,0,0,1.0,0.0,67,1,2,20,2.229,2025-07-23,2025-08-12,,,Digital items are non-refundable after delivery to the registered account.,0.0261,6,1,1,train,101
3207eb79af84,cust_37868,unauthorized_3ds,unauthorized,ecommerce,1788.08,1,1,1,1.0,0.0,423,0,1,16,0.811,2025-07-05,2025-07-21,TRK906714528,2025-07-08 10:00:00,30-day returns on unused goods. Signature on delivery is accepted proof of receipt.,-0.1761,6,0,1,train,101
84712df4127e,cust_50906,no_evidence,unauthorized,ecommerce,4138.44,0,0,0,0.0,1.0,110,0,1,33,0.288,2025-04-25,2025-05-28,,,30-day returns on unused goods. Signature on delivery is accepted proof of receipt.,0.1062,3,0,1,train,101
02cfb5a2da88,cust_58361,friendly_fraud_long_tenure,item_not_received,digital_goods,6801.61,1,1,0,,1.0,1056,1,2,13,1.651,2025-03-20,2025-04-02,TRK140063244,2025-03-23 08:00:00,Digital items are non-refundable after delivery to the registered account.,0.1586,2,0,0,train,101
16e19636b938,cust_23636,friendly_fraud_long_tenure,unauthorized,ecommerce,2116.39,0,1,1,1.0,,846,0,2,29,0.575,2025-02-09,2025-03-10,,,30-day returns on unused goods. Signature on delivery is accepted proof of receipt.,-0.0035,1,0,1,train,101
6fc397c8d704,cust_35181,no_evidence,not_as_described,digital_goods,3827.19,0,0,0,,1.0,138,0,3,7,1.785,2025-03-28,2025-04-04,,,Digital items are non-refundable after delivery to the registered account.,0.0599,2,0,0,train,101
bed17be7674f,cust_49958,inr_delivery_confirmed,item_not_received,grocery,2242.28,1,1,1,1.0,1.0,819,0,1,22,0.489,2025-05-05,2025-05-27,TRK839032815,2025-05-06 18:00:00,Perishable goods are non-returnable after delivery confirmation.,-0.0579,4,0,1,train,101
45479213bcd5,cust_24820,unauthorized_3ds,unauthorized,digital_goods,6210.04,1,1,0,1.0,1.0,118,0,1,7,0.852,2025-09-12,2025-09-19,TRK755472041,2025-09-13 20:00:00,Digital items are non-refundable after delivery to the registered account.,-0.1487,8,1,1,train,101
a3f99eb12dcc,cust_20772,high_velocity_attack,unauthorized,digital_goods,2489.39,1,0,0,0.0,,5,0,11,11,,2025-06-02,2025-06-13,TRK333694868,2025-06-03 14:00:00,Digital items are non-refundable after delivery to the registered account.,-0.1471,5,0,0,train,101
952ee9a821bb,cust_72475,friendly_fraud_long_tenure,unauthorized,ecommerce,7776.88,1,0,0,0.0,0.0,724,5,1,3,0.744,2025-03-03,2025-03-06,TRK515611496,2025-03-06 07:00:00,30-day returns on unused goods. Signature on delivery is accepted proof of receipt.,0.0826,2,0,0,train,101
f7963498e719,cust_66661,friendly_fraud_long_tenure,item_not_received,subscriptions,10505.65,1,1,1,1.0,1.0,625,1,1,13,1.373,2025-04-08,2025-04-21,TRK588096751,2025-04-08 20:00:00,First billing cycle may be refunded; subsequent cycles require unused-period evidence.,0.1174,3,0,0,train,101
b7d3961dc9e3,cust_96819,friendly_fraud_long_tenure,unauthorized,fashion,9981.95,1,1,0,0.0,0.0,653,2,1,5,1.362,2025-09-07,2025-09-12,TRK915551307,2025-09-10 10:00:00,7-day exchange window. Delivery photo and tracking are retained for 180 days.,-0.039,8,0,0,train,101
bcd856abd05b,cust_69176,friendly_fraud_long_tenure,item_not_received,subscriptions,2224.77,1,0,0,1.0,0.0,457,1,2,39,1.524,2025-02-10,2025-03-21,TRK909143552,2025-02-12 15:00:00,First billing cycle may be refunded; subsequent cycles require unused-period evidence.,0.0135,1,0,0,train,101
865ba746ae56,cust_38776,friendly_fraud_long_tenure,item_not_received,digital_goods,5772.31,0,0,0,1.0,0.0,1376,0,1,22,0.76,2025-09-23,2025-10-15,,,Digital items are non-refundable after delivery to the registered account.,0.1088,8,0,1,train,101
475bd0b2c056,cust_11351,inr_delivery_confirmed,item_not_received,ecommerce,4123.04,1,0,1,1.0,1.0,732,0,1,30,0.536,2025-08-25,2025-09-24,TRK925563500,2025-08-27 16:00:00,30-day returns on unused goods. Signature on delivery is accepted proof of receipt.,0.1462,7,0,0,train,101
87ad55a97bd7,cust_17962,high_velocity_attack,unauthorized,travel,2673.69,0,0,0,0.0,0.0,62,0,6,1,2.451,2025-09-04,2025-09-05,,,Cancellations follow fare rules. 3DS-authenticated bookings are treated as cardholder-present.,-0.0295,8,0,0,train,101
1ce7bde294ad,cust_15157,no_evidence,not_as_described,digital_goods,2211.96,0,0,0,1.0,0.0,258,0,5,27,1.313,2025-08-23,2025-09-19,,,Digital items are non-refundable after delivery to the registered account.,-0.0082,7,0,0,train,101
c20d5b4074d7,cust_73251,high_velocity_attack,unauthorized,ecommerce,1980.31,0,0,0,0.0,0.0,13,0,6,7,2.479,2025-09-23,2025-09-30,,,30-day returns on unused goods. Signature on delivery is accepted proof of receipt.,0.1189,8,1,1,train,101
c905c2eaf210,cust_95623,friendly_fraud_long_tenure,not_as_described,subscriptions,6259.66,1,1,1,0.0,1.0,1424,2,2,48,0.664,2025-04-26,2025-06-13,TRK431816524,2025-04-28 10:00:00,First billing cycle may be refunded; subsequent cycles require unused-period evidence.,-0.1673,3,0,0,train,101
8decd11357d3,cust_23173,inr_delivery_confirmed,item_not_received,grocery,3391.13,1,0,1,1.0,,207,0,1,27,0.826,2025-07-19,2025-08-15,TRK953346750,2025-07-20 23:00:00,Perishable goods are non-returnable after delivery confirmation.,0.0321,6,0,0,train,101
b9f34fe70e63,cust_74846,friendly_fraud_long_tenure,unauthorized,ecommerce,15880.09,1,1,0,1.0,0.0,1002,0,1,17,1.772,2025-05-10,2025-05-27,TRK349241965,2025-05-13 23:00:00,30-day returns on unused goods. Signature on delivery is accepted proof of receipt.,0.0529,4,0,0,train,101
9ad8c31d6a12,cust_58814,no_evidence,unauthorized,ecommerce,1824.19,0,0,0,0.0,0.0,90,0,1,47,1.503,2025-07-01,2025-08-17,,,30-day returns on unused goods. Signature on delivery is accepted proof of receipt.,-0.0586,6,0,0,train,101
3958fd4197b8,cust_87675,high_velocity_attack,unauthorized,travel,2502.37,1,0,1,0.0,0.0,49,1,6,5,1.446,2025-09-25,2025-09-30,TRK643150259,2025-09-26 12:00:00,Cancellations follow fare rules. 3DS-authenticated bookings are treated as cardholder-present.,0.0876,8,0,0,train,101
1e3fc062526d,cust_94612,no_evidence,unauthorized,digital_goods,3630.75,0,0,0,0.0,0.0,90,1,2,52,0.596,2025-07-22,2025-09-12,,,Digital items are non-refundable after delivery to the registered account.,0.2062,6,0,0,train,101
3f6321718b25,cust_25644,friendly_fraud_long_tenure,not_as_described,fashion,1430.26,0,1,0,0.0,0.0,551,2,1,31,1.95,2025-03-12,2025-04-12,,,7-day exchange window. Delivery photo and tracking are retained for 180 days.,0.0914,2,1,0,train,101
c4b2d440e667,cust_62716,no_evidence,item_not_received,digital_goods,1634.16,0,0,0,1.0,0.0,346,5,2,41,3.192,2025-03-16,2025-04-26,,,Digital items are non-refundable after delivery to the registered account.,0.0084,2,0,0,train,101
a55de8ac76b1,cust_40961,no_evidence,unauthorized,services,12163.63,0,0,1,0.0,0.0,39,0,1,20,0.629,2025-04-03,2025-04-23,,,Service completion notes and customer confirmation emails are retained.,-0.2333,3,0,0,train,101
d51b64324588,cust_81439,unauthorized_3ds,unauthorized,ecommerce,2996.21,1,1,1,1.0,0.0,899,0,1,1,0.762,2025-07-14,2025-07-15,TRK753371864,2025-07-15 02:00:00,30-day returns on unused goods. Signature on delivery is accepted proof of receipt.,0.1081,6,0,0,train,101
d61827ec1cb5,cust_36426,inr_delivery_confirmed,item_not_received,ecommerce,1581.74,1,1,1,0.0,0.0,147,0,1,18,1.223,2025-08-12,2025-08-30,TRK105397161,2025-08-14 00:00:00,30-day returns on unused goods. Signature on delivery is accepted proof of receipt.,0.0096,7,0,1,train,101
0bf9740fe5dc,cust_59337,friendly_fraud_long_tenure,unauthorized,fashion,9478.25,0,1,1,1.0,1.0,1255,1,1,12,1.908,2025-09-22,2025-10-04,,,7-day exchange window. Delivery photo and tracking are retained for 180 days.,0.2213,8,0,1,train,101
20855065aebf,cust_20244,unauthorized_3ds,unauthorized,ecommerce,2345.27,0,1,1,1.0,,807,1,3,6,0.652,2025-08-02,2025-08-08,,,30-day returns on unused goods. Signature on delivery is accepted proof of receipt.,-0.4151,7,0,1,train,101
1e2ffee3be6d,cust_25607,no_evidence,not_as_described,services,3815.98,0,0,0,0.0,0.0,16,0,3,27,0.194,2025-08-20,2025-09-16,,,Service completion notes and customer confirmation emails are retained.,-0.0389,7,0,0,train,101
6f26a8349a10,cust_90526,inr_delivery_confirmed,item_not_received,ecommerce,1402.76,1,1,1,0.0,1.0,400,0,2,22,0.885,2025-09-19,2025-10-11,TRK764346754,2025-09-20 17:00:00,30-day returns on unused goods. Signature on delivery is accepted proof of receipt.,-0.0967,8,0,0,train,101
a5251c7f7567,cust_94378,friendly_fraud_long_tenure,item_not_received,ecommerce,1907.51,0,1,1,1.0,0.0,522,2,2,16,1.682,2025-09-07,2025-09-23,,,30-day returns on unused goods. Signature on delivery is accepted proof of receipt.,-0.1792,8,0,1,train,101
4c6aeb498cb5,cust_55189,unauthorized_3ds,unauthorized,ecommerce,3958.63,1,1,0,1.0,1.0,302,0,1,30,1.736,2025-06-25,2025-07-25,TRK519187338,2025-06-28 18:00:00,30-day returns on unused goods. Signature on delivery is accepted proof of receipt.,-0.0317,5,0,1,train,101
7a6f73938eb8,cust_90391,high_velocity_attack,unauthorized,digital_goods,1610.78,0,1,1,0.0,0.0,75,1,7,4,0.856,2025-03-25,2025-03-29,,,Digital items are non-refundable after delivery to the registered account.,-0.0629,2,0,0,train,101
f0882ef31fa1,cust_34999,no_evidence,item_not_received,services,2094.5,0,0,0,0.0,0.0,21,0,1,31,1.684,2025-02-27,2025-03-30,,,Service completion notes and customer confirmation emails are retained.,-0.019,1,0,0,train,101
52501809b4ff,cust_56439,inr_delivery_confirmed,item_not_received,grocery,1490.2,1,0,1,0.0,0.0,17,1,1,23,0.55,2025-09-18,2025-10-11,TRK606096560,2025-09-21 15:00:00,Perishable goods are non-returnable after delivery confirmation.,0.0501,8,0,0,train,101
77c8c4dab3e4,cust_76228,unauthorized_3ds,unauthorized,ecommerce,2668.67,1,1,1,1.0,0.0,179,0,1,19,,2025-05-13,2025-06-01,TRK920922707,2025-05-15 09:00:00,30-day returns on unused goods. Signature on delivery is accepted proof of receipt.,0.0912,4,0,0,train,101
2d3eebc504ef,cust_41214,inr_delivery_confirmed,item_not_received,grocery,5965.97,1,1,1,1.0,0.0,7,0,1,10,1.862,2025-02-27,2025-03-09,TRK268805800,2025-02-27 22:00:00,Perishable goods are non-returnable after delivery confirmation.,0.1336,1,0,0,train,101
60f173a68607,cust_52216,inr_delivery_confirmed,item_not_received,ecommerce,3924.5,1,0,0,1.0,0.0,417,1,1,7,1.522,2025-06-14,2025-06-21,TRK861068752,2025-06-17 22:00:00,30-day returns on unused goods. Signature on delivery is accepted proof of receipt.,0.0636,5,0,1,train,101
8315d2b890cf,cust_43918,unauthorized_3ds,unauthorized,travel,1916.44,0,1,1,1.0,,833,1,1,12,1.073,2025-07-02,2025-07-14,,,Cancellations follow fare rules. 3DS-authenticated bookings are treated as cardholder-present.,0.1318,6,0,0,train,101
ebc33ca353a7,cust_24450,unauthorized_3ds,unauthorized,ecommerce,1993.56,1,1,0,1.0,1.0,225,0,1,1,0.614,2025-08-25,2025-08-26,TRK908584635,2025-08-28 01:00:00,30-day returns on unused goods. Signature on delivery is accepted proof of receipt.,0.08,7,0,1,train,101
34d05451d264,cust_83848,unauthorized_3ds,unauthorized,ecommerce,2693.77,1,1,1,1.0,1.0,452,1,2,16,1.173,2025-03-03,2025-03-19,TRK135154363,2025-03-04 19:00:00,30-day returns on unused goods. Signature on delivery is accepted proof of receipt.,-0.0128,2,0,1,train,101
fe65f5c5e27b,cust_27569,inr_delivery_confirmed,item_not_received,grocery,2253.0,1,1,1,1.0,1.0,802,1,1,22,0.393,2025-07-05,2025-07-27,TRK254258428,2025-07-06 06:00:00,Perishable goods are non-returnable after delivery confirmation.,0.151,6,0,1,train,101
6da7d9acc478,cust_48608,high_velocity_attack,unauthorized,digital_goods,3456.5,0,0,0,0.0,1.0,56,0,6,4,0.401,2025-01-31,2025-02-04,,,Digital items are non-refundable after delivery to the registered account.,-0.274,1,0,1,train,101
b3da1ba1b776,cust_46019,no_evidence,item_not_received,services,2880.95,0,0,1,,0.0,140,2,2,29,1.423,2025-06-02,2025-07-01,,,Service completion notes and customer confirmation emails are retained.,0.0514,5,0,0,train,101
53e29e67c122,cust_62721,unauthorized_3ds,unauthorized,travel,2281.34,0,1,1,1.0,,514,1,1,9,1.375,2025-04-15,2025-04-24,,,Cancellations follow fare rules. 3DS-authenticated bookings are treated as cardholder-present.,-0.0466,3,1,0,train,101
baa550ede6bc,cust_69687,inr_delivery_confirmed,item_not_received,fashion,2296.21,1,1,1,,0.0,510,0,4,31,0.752,2025-08-17,2025-09-17,TRK342732766,2025-08-19 17:00:00,7-day exchange window. Delivery photo and tracking are retained for 180 days.,-0.0506,7,0,0,train,101
da0f86c00151,cust_21680,no_evidence,not_as_described,services,6837.63,0,0,0,0.0,0.0,61,0,3,53,2.667,2025-02-15,2025-04-09,,,Service completion notes and customer confirmation emails are retained.,0.0284,1,0,0,train,101
c6b224fbe507,cust_76379,no_evidence,item_not_received,ecommerce,5610.8,0,0,0,0.0,0.0,67,1,1,33,1.17,2025-07-06,2025-08-08,,,30-day returns on unused goods. Signature on delivery is accepted proof of receipt.,0.0033,6,1,1,train,101
75da03622528,cust_76705,high_velocity_attack,unauthorized,ecommerce,942.11,0,1,0,0.0,0.0,47,0,13,6,1.081,2025-08-06,2025-08-12,,,30-day returns on unused goods. Signature on delivery is accepted proof of receipt.,0.1572,7,0,0,train,101
d556702b2b65,cust_41764,unauthorized_3ds,unauthorized,digital_goods,1407.7,1,1,1,1.0,1.0,14,1,1,10,1.598,2025-02-21,2025-03-03,TRK299979957,2025-02-24 02:00:00,Digital items are non-refundable after delivery to the registered account.,0.1232,1,0,1,train,101
cd8d7eb14b10,cust_24018,high_velocity_attack,unauthorized,ecommerce,4312.03,0,1,0,1.0,0.0,106,1,3,4,3.047,2025-06-26,2025-06-30,,,30-day returns on unused goods. Signature on delivery is accepted proof of receipt.,-0.1314,5,0,0,train,101
375324e95163,cust_17601,high_velocity_attack,unauthorized,travel,1784.26,0,0,1,0.0,0.0,0,0,9,6,1.501,2025-07-02,2025-07-08,,,Cancellations follow fare rules. 3DS-authenticated bookings are treated as cardholder-present.,-0.0519,6,0,0,train,101
f467a4c1513c,cust_60216,inr_delivery_confirmed,item_not_received,fashion,3053.59,1,0,1,1.0,1.0,887,2,1,28,1.953,2025-08-22,2025-09-19,TRK467848088,2025-08-25 14:00:00,7-day exchange window. Delivery photo and tracking are retained for 180 days.,0.0178,7,0,0,train,101
b4e5cbb47d8d,cust_36346,friendly_fraud_long_tenure,item_not_received,ecommerce,4356.58,0,1,1,0.0,1.0,438,0,1,12,1.263,2025-09-10,2025-09-22,,,30-day returns on unused goods. Signature on delivery is accepted proof of receipt.,-0.0696,8,0,0,train,101
2a1433d2b56e,cust_21628,inr_delivery_confirmed,item_not_received,grocery,2694.22,1,1,1,0.0,1.0,611,0,1,23,0.798,2025-03-24,2025-04-16,TRK662658015,2025-03-25 19:00:00,Perishable goods are non-returnable after delivery confirmation.,0.106,2,0,1,train,101
c9a82f0ea952,cust_32693,high_velocity_attack,unauthorized,digital_goods,3092.51,1,0,1,0.0,0.0,49,0,7,8,3.323,2025-03-23,2025-03-31,TRK663225450,2025-03-24 15:00:00,Digital items are non-refundable after delivery to the registered account.,0.1671,2,0,0,train,101
6c2e7e3c03cc,cust_23443,inr_delivery_confirmed,item_not_received,ecommerce,3985.94,1,0,1,0.0,1.0,183,0,1,18,,2025-05-20,2025-06-07,TRK654884078,2025-05-22 19:00:00,30-day returns on unused goods. Signature on delivery is accepted proof of receipt.,0.1684,4,0,1,train,101
9c24ef966f02,cust_95014,no_evidence,not_as_described,digital_goods,2064.71,0,0,0,0.0,0.0,93,3,2,16,1.394,2025-03-20,2025-04-05,,,Digital items are non-refundable after delivery to the registered account.,-0.1313,2,0,1,train,101
245b37ab3252,cust_68014,inr_delivery_confirmed,item_not_received,grocery,3339.66,1,1,1,1.0,1.0,1161,1,1,23,1.576,2025-04-28,2025-05-21,TRK539276859,2025-04-30 05:00:00,Perishable goods are non-returnable after delivery confirmation.,0.0851,3,0,1,train,101
81fb969406f6,cust_99071,inr_delivery_confirmed,item_not_received,fashion,3393.04,1,1,1,1.0,,166,0,1,25,0.776,2025-05-14,2025-06-08,TRK679805542,2025-05-14 21:00:00,7-day exchange window. Delivery photo and tracking are retained for 180 days.,-0.1986,4,0,1,train,101
c3e21d3f7c79,cust_58611,friendly_fraud_long_tenure,not_as_described,ecommerce,9413.68,1,1,1,1.0,0.0,642,0,1,24,0.486,2025-08-16,2025-09-09,TRK852848219,2025-08-17 23:00:00,30-day returns on unused goods. Signature on delivery is accepted proof of receipt.,-0.0542,7,0,1,train,101
7bd70e608c4f,cust_98561,no_evidence,item_not_received,services,3107.09,0,0,0,0.0,0.0,71,1,3,14,1.778,2025-03-22,2025-04-05,,,Service completion notes and customer confirmation emails are retained.,0.191,2,1,1,train,101
4af938a15fec,cust_98726,unauthorized_3ds,unauthorized,ecommerce,2316.3,1,1,1,1.0,0.0,481,0,1,23,0.713,2025-04-09,2025-05-02,TRK829526192,2025-04-12 21:00:00,30-day returns on unused goods. Signature on delivery is accepted proof of receipt.,-0.0141,3,0,1,train,101
b0730267e211,cust_37345,high_velocity_attack,unauthorized,digital_goods,5859.78,0,0,0,1.0,0.0,0,0,9,6,1.506,2025-06-30,2025-07-06,,,Digital items are non-refundable after delivery to the registered account.,-0.2681,6,0,0,train,101
296f309d2639,cust_86405,inr_delivery_confirmed,item_not_received,grocery,1645.25,1,0,1,0.0,0.0,507,1,1,28,1.425,2025-08-01,2025-08-29,TRK849862587,2025-08-04 10:00:00,Perishable goods are non-returnable after delivery confirmation.,0.1603,7,0,0,train,101
30997c640382,cust_86920,no_evidence,item_not_received,services,12019.41,1,0,0,1.0,0.0,0,1,1,28,1.713,2025-08-20,2025-09-17,TRK939030312,2025-08-23 23:00:00,Service completion notes and customer confirmation emails are retained.,-0.0698,7,0,0,train,101
d17af74c0c4f,cust_70808,unauthorized_3ds,unauthorized,digital_goods,4908.41,1,1,0,1.0,0.0,497,0,1,17,1.152,2025-03-19,2025-04-05,TRK682471084,2025-03-22 17:00:00,Digital items are non-refundable after delivery to the registered account.,0.1506,2,0,0,train,101
73b9f51c37de,cust_65296,high_velocity_attack,unauthorized,ecommerce,1002.68,0,1,1,0.0,0.0,91,0,5,7,2.014,2025-09-11,2025-09-18,,,30-day returns on unused goods. Signature on delivery is accepted proof of receipt.,-0.1087,8,0,0,train,101
a86ab18b0441,cust_32905,unauthorized_3ds,unauthorized,travel,3782.34,1,1,1,0.0,1.0,390,1,2,22,0.603,2025-08-19,2025-09-10,TRK999630216,2025-08-22 21:00:00,Cancellations follow fare rules. 3DS-authenticated bookings are treated as cardholder-present.,-0.1536,7,0,1,train,101
76ff12e0688b,cust_80154,high_velocity_attack,unauthorized,travel,2161.21,0,0,0,0.0,0.0,0,1,8,3,3.463,2025-06-18,2025-06-21,,,Cancellations follow fare rules. 3DS-authenticated bookings are treated as cardholder-present.,0.0263,5,0,1,train,101
412a69b83c62,cust_38324,friendly_fraud_long_tenure,unauthorized,fashion,6982.41,1,0,0,1.0,0.0,474,2,1,13,0.626,2025-04-13,2025-04-26,TRK757761798,2025-04-16 09:00:00,7-day exchange window. Delivery photo and tracking are retained for 180 days.,0.0011,3,0,1,train,101
8173a1703463,cust_67562,unauthorized_3ds,unauthorized,travel,3212.59,0,1,0,1.0,0.0,256,0,1,11,1.114,2025-09-04,2025-09-15,,,Cancellations follow fare rules. 3DS-authenticated bookings are treated as cardholder-present.,0.1858,8,0,1,train,101
f8c95001aac7,cust_67513,no_evidence,not_as_described,digital_goods,7482.53,0,0,0,0.0,0.0,48,2,1,31,1.345,2025-07-15,2025-08-15,,,Digital items are non-refundable after delivery to the registered account.,0.0949,6,0,0,train,101
8cabc7abeed8,cust_50015,friendly_fraud_long_tenure,not_as_described,fashion,5508.82,1,0,0,1.0,0.0,818,2,1,16,0.616,2025-08-22,2025-09-07,TRK727551128,2025-08-25 01:00:00,7-day exchange window. Delivery photo and tracking are retained for 180 days.,0.0097,7,1,1,train,101
4b7f0762da83,cust_28927,no_evidence,unauthorized,ecommerce,3041.8,1,0,0,0.0,0.0,29,2,2,31,1.768,2025-06-21,2025-07-22,TRK798971380,2025-06-23 02:00:00,30-day returns on unused goods. Signature on delivery is accepted proof of receipt.,0.0606,5,1,1,train,101
a6e7c032bc01,cust_43712,no_evidence,unauthorized,ecommerce,613.71,0,0,0,0.0,1.0,104,0,3,15,0.75,2025-04-11,2025-04-26,,,30-day returns on unused goods. Signature on delivery is accepted proof of receipt.,-0.1099,3,0,0,train,101
fe35f3990fc4,cust_28560,friendly_fraud_long_tenure,unauthorized,digital_goods,3370.43,0,0,1,0.0,0.0,935,2,1,16,1.271,2025-03-16,2025-04-01,,,Digital items are non-refundable after delivery to the registered account.,0.0756,2,0,0,train,101
0fdaf9610d40,cust_58507,high_velocity_attack,unauthorized,ecommerce,663.23,0,0,0,0.0,0.0,76,0,5,1,3.583,2025-09-12,2025-09-13,,,30-day returns on unused goods. Signature on delivery is accepted proof of receipt.,-0.2253,8,0,0,train,101
930367b9c6b5,cust_82623,inr_delivery_confirmed,item_not_received,grocery,2080.43,1,1,0,0.0,1.0,1462,0,1,25,1.256,2025-05-25,2025-06-19,TRK242116025,2025-05-27 13:00:00,Perishable goods are non-returnable after delivery confirmation.,0.0364,4,0,0,train,101
965f441a3a60,cust_64573,no_evidence,not_as_described,ecommerce,1646.89,0,0,1,0.0,0.0,0,1,3,53,0.669,2025-04-07,2025-05-30,,,30-day returns on unused goods. Signature on delivery is accepted proof of receipt.,-0.142,3,1,1,train,101
4d80257a1978,cust_73744,friendly_fraud_long_tenure,unauthorized,subscriptions,8269.99,1,0,1,1.0,1.0,618,1,1,24,,2025-09-24,2025-10-18,TRK836795855,2025-09-27 12:00:00,First billing cycle may be refunded; subsequent cycles require unused-period evidence.,-0.2057,8,0,0,train,101
a8668253a14d,cust_60982,no_evidence,unauthorized,digital_goods,1517.82,0,0,0,0.0,0.0,0,3,1,30,0.821,2025-07-01,2025-07-31,,,Digital items are non-refundable after delivery to the registered account.,-0.2281,6,0,0,train,101
22a2fad58446,cust_12966,friendly_fraud_long_tenure,not_as_described,ecommerce,897.82,0,0,1,1.0,,1398,2,2,15,1.402,2025-02-07,2025-02-22,,,30-day returns on unused goods. Signature on delivery is accepted proof of receipt.,-0.1454,1,0,1,train,101
79c85fbbef7d,cust_67417,high_velocity_attack,unauthorized,ecommerce,1895.54,1,0,0,0.0,0.0,98,0,10,1,0.865,2025-07-19,2025-07-20,TRK162975950,2025-07-22 08:00:00,30-day returns on unused goods. Signature on delivery is accepted proof of receipt.,0.0134,6,0,0,train,101
b6fffc4e8df8,cust_70883,unauthorized_3ds,unauthorized,ecommerce,2211.42,0,1,0,1.0,0.0,677,0,1,1,0.41,2025-08-14,2025-08-15,,,30-day returns on unused goods. Signature on delivery is accepted proof of receipt.,0.0797,7,0,1,train,101
9676224bdd41,cust_64969,unauthorized_3ds,unauthorized,travel,8758.59,0,1,1,0.0,0.0,14,0,1,24,1.264,2025-04-27,2025-05-21,,,Cancellations follow fare rules. 3DS-authenticated bookings are treated as cardholder-present.,-0.0474,3,0,0,train,101
54af2d81dd1e,cust_73183,high_velocity_attack,unauthorized,ecommerce,1103.6,0,0,0,0.0,0.0,7,1,6,10,2.316,2025-06-24,2025-07-04,,,30-day returns on unused goods. Signature on delivery is accepted proof of receipt.,-0.049,5,0,0,train,101
49fc2433a13b,cust_87862,unauthorized_3ds,unauthorized,travel,2661.94,1,1,1,1.0,,760,2,1,4,0.1,2025-03-25,2025-03-29,TRK195978941,2025-03-27 10:00:00,Cancellations follow fare rules. 3DS-authenticated bookings are treated as cardholder-present.,-0.1672,2,0,1,train,101
2535131e64f1,cust_47049,friendly_fraud_long_tenure,not_as_described,ecommerce,1703.99,0,0,1,0.0,,514,0,2,11,1.335,2025-07-27,2025-08-07,,,30-day returns on unused goods. Signature on delivery is accepted proof of receipt.,0.0311,6,0,1,train,101
739538ba41cd,cust_56362,friendly_fraud_long_tenure,unauthorized,ecommerce,2883.84,0,0,1,1.0,0.0,873,0,5,23,,2025-04-04,2025-04-27,,,30-day returns on unused goods. Signature on delivery is accepted proof of receipt.,0.0157,3,0,1,train,101
08c73d4d79db,cust_88883,unauthorized_3ds,unauthorized,travel,4006.94,1,1,0,1.0,1.0,24,0,2,25,1.65,2025-07-30,2025-08-24,TRK505889645,2025-08-02 21:00:00,Cancellations follow fare rules. 3DS-authenticated bookings are treated as cardholder-present.,0.0115,7,0,0,train,101
38a66182a6a9,cust_19244,friendly_fraud_long_tenure,not_as_described,fashion,8906.98,1,1,0,1.0,1.0,591,0,2,15,1.712,2025-06-09,2025-06-24,TRK281305261,2025-06-12 20:00:00,7-day exchange window. Delivery photo and tracking are retained for 180 days.,0.0137,5,0,0,train,101
eb58d3f3f5d5,cust_47807,friendly_fraud_long_tenure,unauthorized,subscriptions,3814.51,0,1,1,1.0,1.0,454,0,1,12,0.1,2025-07-13,2025-07-25,,,First billing cycle may be refunded; subsequent cycles require unused-period evidence.,-0.0916,6,0,0,train,101
d45af910a25b,cust_80758,no_evidence,not_as_described,digital_goods,4857.84,0,0,0,0.0,0.0,112,0,2,28,1.295,2025-09-12,2025-10-10,,,Digital items are non-refundable after delivery to the registered account.,-0.0373,8,0,0,train,101
e3eb439850f5,cust_27527,inr_delivery_confirmed,item_not_received,ecommerce,3219.87,1,1,1,1.0,1.0,717,1,2,11,1.047,2025-08-08,2025-08-19,TRK475134705,2025-08-11 11:00:00,30-day returns on unused goods. Signature on delivery is accepted proof of receipt.,-0.1002,7,0,1,train,101
b127e79cd238,cust_63014,high_velocity_attack,unauthorized,ecommerce,5343.94,0,0,0,1.0,0.0,0,1,5,1,2.989,2025-04-21,2025-04-22,,,30-day returns on unused goods. Signature on delivery is accepted proof of receipt.,-0.0494,3,0,1,train,101
9e091deef246,cust_13253,friendly_fraud_long_tenure,item_not_received,subscriptions,6665.77,1,0,1,0.0,1.0,684,2,3,5,0.66,2025-02-27,2025-03-04,TRK723736854,2025-02-28 15:00:00,First billing cycle may be refunded; subsequent cycles require unused-period evidence.,-0.0535,1,0,0,train,101
c3b5999759fb,cust_57592,unauthorized_3ds,unauthorized,ecommerce,2408.15,1,1,1,0.0,0.0,14,1,1,4,0.1,2025-06-10,2025-06-14,TRK810175753,2025-06-11 21:00:00,30-day returns on unused goods. Signature on delivery is accepted proof of receipt.,0.0509,5,0,0,train,101
4f4c210ecc3f,cust_52401,unauthorized_3ds,unauthorized,ecommerce,1980.31,1,1,1,1.0,1.0,569,0,2,5,1.045,2025-07-13,2025-07-18,TRK308597759,2025-07-16 21:00:00,30-day returns on unused goods. Signature on delivery is accepted proof of receipt.,-0.1725,6,0,0,train,101
71aec10a386a,cust_87438,inr_delivery_confirmed,item_not_received,fashion,2741.37,1,0,1,1.0,,7,1,2,23,0.716,2025-05-01,2025-05-24,TRK740773303,2025-05-03 15:00:00,7-day exchange window. Delivery photo and tracking are retained for 180 days.,-0.1275,4,0,1,train,101
231034377386,cust_27620,no_evidence,not_as_described,ecommerce,3154.09,0,0,0,0.0,0.0,165,1,5,30,1.605,2025-04-28,2025-05-28,,,30-day returns on unused goods. Signature on delivery is accepted proof of receipt.,0.046,3,0,0,train,101
2927c506db0a,cust_47408,friendly_fraud_long_tenure,unauthorized,subscriptions,4063.04,1,0,0,0.0,0.0,948,2,1,20,0.242,2025-04-14,2025-05-04,TRK665532350,2025-04-15 23:00:00,First billing cycle may be refunded; subsequent cycles require unused-period evidence.,-0.1487,3,0,0,train,101
f68ed4bb5133,cust_54589,high_velocity_attack,unauthorized,travel,5313.45,0,1,0,0.0,0.0,3,3,9,6,1.586,2025-06-06,2025-06-12,,,Cancellations follow fare rules. 3DS-authenticated bookings are treated as cardholder-present.,0.0458,5,0,0,train,101
70a6373c7d58,cust_40761,inr_delivery_confirmed,item_not_received,grocery,2338.5,0,0,1,1.0,0.0,464,0,1,22,1.16,2025-04-07,2025-04-29,,,Perishable goods are non-returnable after delivery confirmation.,-0.1072,3,0,1,train,101
81930e2d4535,cust_65655,friendly_fraud_long_tenure,unauthorized,fashion,3404.16,1,0,1,1.0,0.0,816,2,3,29,,2025-05-26,2025-06-24,TRK174782306,2025-05-29 23:00:00,7-day exchange window. Delivery photo and tracking are retained for 180 days.,-0.0166,4,0,0,train,101
09aceba3f3c1,cust_17016,no_evidence,item_not_received,digital_goods,1708.48,0,0,0,0.0,0.0,117,1,3,25,1.084,2025-07-27,2025-08-21,,,Digital items are non-refundable after delivery to the registered account.,0.0627,6,0,0,train,101
ed2f593fbe82,cust_51276,high_velocity_attack,unauthorized,digital_goods,3016.38,0,0,1,0.0,1.0,51,0,8,13,1.25,2025-04-04,2025-04-17,,,Digital items are non-refundable after delivery to the registered account.,0.2652,3,0,0,train,101
63006be034e6,cust_36741,no_evidence,not_as_described,ecommerce,6082.95,0,0,1,1.0,0.0,76,0,1,29,1.639,2025-05-01,2025-05-30,,,30-day returns on unused goods. Signature on delivery is accepted proof of receipt.,-0.0951,4,0,1,train,101
fe93df40a18b,cust_45497,no_evidence,not_as_described,ecommerce,14868.56,0,0,0,0.0,0.0,291,0,1,37,0.723,2025-09-13,2025-10-20,,,30-day returns on unused goods. Signature on delivery is accepted proof of receipt.,-0.0588,8,0,1,train,101
1ce79f7ddfe6,cust_85556,unauthorized_3ds,unauthorized,ecommerce,3624.47,1,1,1,1.0,1.0,14,0,1,4,1.369,2025-06-12,2025-06-16,TRK375533203,2025-06-12 19:00:00,30-day returns on unused goods. Signature on delivery is accepted proof of receipt.,0.0907,5,0,1,train,101
85dddfd02361,cust_27213,unauthorized_3ds,unauthorized,digital_goods,3015.92,0,1,1,1.0,0.0,383,0,2,20,1.077,2025-05-23,2025-06-12,,,Digital items are non-refundable after delivery to the registered account.,0.0135,4,0,0,train,101
bb0a32d8d033,cust_34974,unauthorized_3ds,unauthorized,digital_goods,2131.69,1,1,1,1.0,0.0,981,0,1,12,1.003,2025-02-19,2025-03-03,TRK113305178,2025-02-20 15:00:00,Digital items are non-refundable after delivery to the registered account.,0.0778,1,0,0,train,101
5fbac3260f0a,cust_57729,inr_delivery_confirmed,item_not_received,grocery,3297.63,1,1,1,1.0,1.0,389,2,1,29,1.227,2025-05-31,2025-06-29,TRK964148242,2025-06-02 04:00:00,Perishable goods are non-returnable after delivery confirmation.,-0.0053,5,0,0,train,101
ad4830c7fe98,cust_74846,high_velocity_attack,unauthorized,digital_goods,1074.54,0,0,1,1.0,0.0,75,1,11,2,1.547,2025-07-12,2025-07-14,,,Digital items are non-refundable after delivery to the registered account.,-0.0763,6,0,1,train,101
5bee6336851d,cust_92167,high_velocity_attack,unauthorized,digital_goods,3673.83,0,0,0,0.0,0.0,65,0,7,4,2.134,2025-02-22,2025-02-26,,,Digital items are non-refundable after delivery to the registered account.,0.1074,1,0,1,train,101
1de7acadfba8,cust_78071,high_velocity_attack,unauthorized,ecommerce,1510.14,0,0,0,1.0,0.0,56,0,5,1,3.285,2025-02-18,2025-02-19,,,30-day returns on unused goods. Signature on delivery is accepted proof of receipt.,0.0087,1,0,1,train,101
0e3ab4abd42b,cust_86843,friendly_fraud_long_tenure,unauthorized,ecommerce,1253.81,1,0,1,1.0,1.0,775,2,1,37,0.562,2025-07-02,2025-08-08,TRK578496227,2025-07-05 09:00:00,30-day returns on unused goods. Signature on delivery is accepted proof of receipt.,-0.0313,6,0,0,train,101
50dcca2e50cb,cust_34885,unauthorized_3ds,unauthorized,travel,29407.07,1,1,1,0.0,1.0,1110,1,1,11,0.979,2025-07-24,2025-08-04,TRK432528848,2025-07-25 02:00:00,Cancellations follow fare rules. 3DS-authenticated bookings are treated as cardholder-present.,-0.1117,6,0,1,train,101
a8355344d9f7,cust_76914,high_velocity_attack,unauthorized,ecommerce,4215.97,1,1,0,0.0,0.0,0,0,7,5,3.97,2025-04-01,2025-04-06,TRK672078571,2025-04-03 15:00:00,30-day returns on unused goods. Signature on delivery is accepted proof of receipt.,0.0126,3,0,0,train,101
8b0dfe31c646,cust_43302,no_evidence,item_not_received,digital_goods,5156.97,0,0,0,0.0,0.0,218,1,2,33,1.719,2025-03-02,2025-04-04,,,Digital items are non-refundable after delivery to the registered account.,0.0095,2,0,0,train,101
8bc794ea244c,cust_89664,unauthorized_3ds,unauthorized,digital_goods,12597.76,1,1,1,0.0,0.0,541,0,1,15,0.981,2025-08-05,2025-08-20,TRK872556518,2025-08-08 19:00:00,Digital items are non-refundable after delivery to the registered account.,-0.1923,7,0,1,train,101
cec278763a98,cust_77594,unauthorized_3ds,unauthorized,ecommerce,3668.58,1,1,1,1.0,0.0,386,0,1,9,0.776,2025-07-02,2025-07-11,TRK638391551,2025-07-03 15:00:00,30-day returns on unused goods. Signature on delivery is accepted proof of receipt.,0.2008,6,0,1,train,101
06f2d22afe0a,cust_25844,inr_delivery_confirmed,item_not_received,grocery,4557.5,1,1,1,1.0,0.0,655,1,1,20,0.623,2025-09-23,2025-10-13,TRK471934808,2025-09-25 16:00:00,Perishable goods are non-returnable after delivery confirmation.,-0.1276,8,0,1,train,101
d428559f7d3c,cust_20567,unauthorized_3ds,unauthorized,ecommerce,2304.77,1,1,1,1.0,0.0,14,0,1,8,1.359,2025-02-19,2025-02-27,TRK198033023,2025-02-20 18:00:00,30-day returns on unused goods. Signature on delivery is accepted proof of receipt.,-0.0771,1,0,1,train,101
01b9bf687f06,cust_44526,friendly_fraud_long_tenure,item_not_received,fashion,11487.59,0,0,1,1.0,0.0,887,0,1,28,1.594,2025-06-30,2025-07-28,,,7-day exchange window. Delivery photo and tracking are retained for 180 days.,-0.2622,6,0,0,train,101
8315d44c612c,cust_15420,no_evidence,not_as_described,services,1672.93,0,0,0,0.0,0.0,0,2,1,28,0.1,2025-02-18,2025-03-18,,,Service completion notes and customer confirmation emails are retained.,-0.096,1,1,0,train,101
96d5e1e4c203,cust_36946,high_velocity_attack,unauthorized,ecommerce,2345.98,0,0,0,0.0,0.0,133,0,8,6,3.73,2025-07-25,2025-07-31,,,30-day returns on unused goods. Signature on delivery is accepted proof of receipt.,0.0765,6,0,0,train,101
9b04c95732d7,cust_27582,inr_delivery_confirmed,item_not_received,fashion,3300.37,1,0,1,1.0,1.0,241,0,2,5,1.078,2025-07-22,2025-07-27,TRK315832541,2025-07-24 00:00:00,7-day exchange window. Delivery photo and tracking are retained for 180 days.,-0.0965,6,0,1,train,101
c98828eb8b1e,cust_60805,no_evidence,unauthorized,ecommerce,3420.83,0,0,0,0.0,0.0,27,0,2,23,0.998,2025-03-17,2025-04-09,,,30-day returns on unused goods. Signature on delivery is accepted proof of receipt.,0.061,2,1,1,train,101
f977fddcca73,cust_55764,friendly_fraud_long_tenure,not_as_described,subscriptions,3848.58,1,0,1,0.0,1.0,180,1,1,23,1.174,2025-03-06,2025-03-29,TRK130784784,2025-03-09 04:00:00,First billing cycle may be refunded; subsequent cycles require unused-period evidence.,-0.0554,2,0,0,train,101
90d8fd034fe1,cust_12255,inr_delivery_confirmed,item_not_received,fashion,3855.71,1,0,1,1.0,1.0,561,1,1,2,0.766,2025-07-18,2025-07-20,TRK118749815,2025-07-21 00:00:00,7-day exchange window. Delivery photo and tracking are retained for 180 days.,0.018,6,0,1,train,101
2fb0ec753607,cust_97925,high_velocity_attack,unauthorized,digital_goods,2504.57,0,0,1,1.0,1.0,94,0,7,5,3.015,2025-04-14,2025-04-19,,,Digital items are non-refundable after delivery to the registered account.,0.1257,3,0,0,train,101
b314e3d96e91,cust_76494,friendly_fraud_long_tenure,unauthorized,digital_goods,2150.15,0,0,1,0.0,0.0,945,1,1,42,1.663,2025-03-27,2025-05-08,,,Digital items are non-refundable after delivery to the registered account.,-0.0878,2,0,1,train,101
0848571bfbff,cust_92986,friendly_fraud_long_tenure,unauthorized,ecommerce,4392.54,0,0,0,0.0,1.0,413,1,3,36,1.91,2025-03-17,2025-04-22,,,30-day returns on unused goods. Signature on delivery is accepted proof of receipt.,-0.1166,2,1,1,train,101
71d94276682b,cust_75177,friendly_fraud_long_tenure,item_not_received,subscriptions,2937.3,0,1,0,0.0,1.0,979,1,4,9,1.695,2025-05-18,2025-05-27,,,First billing cycle may be refunded; subsequent cycles require unused-period evidence.,-0.2022,4,0,0,train,101
0dbcb034855f,cust_22071,friendly_fraud_long_tenure,item_not_received,fashion,8926.76,1,0,1,0.0,0.0,963,2,1,14,0.707,2025-06-30,2025-07-14,TRK321549959,2025-07-01 21:00:00,7-day exchange window. Delivery photo and tracking are retained for 180 days.,0.0461,6,0,0,train,101
fbca4f41f25a,cust_61105,friendly_fraud_long_tenure,item_not_received,subscriptions,5945.46,0,0,1,0.0,0.0,685,3,5,36,,2025-03-16,2025-04-21,,,First billing cycle may be refunded; subsequent cycles require unused-period evidence.,-0.1119,2,0,1,train,101
5dd59d78b0ae,cust_43504,no_evidence,item_not_received,digital_goods,4580.28,0,0,0,0.0,0.0,176,0,1,34,0.874,2025-05-16,2025-06-19,,,Digital items are non-refundable after delivery to the registered account.,0.0662,4,0,1,train,101
9d7e4aa9f45c,cust_92780,inr_delivery_confirmed,item_not_received,grocery,4870.05,1,1,0,0.0,1.0,51,0,1,2,1.089,2025-07-02,2025-07-04,TRK422167637,2025-07-05 20:00:00,Perishable goods are non-returnable after delivery confirmation.,0.0596,6,0,1,train,101
266482e046ce,cust_89998,friendly_fraud_long_tenure,unauthorized,subscriptions,4795.69,0,1,1,0.0,0.0,1528,1,1,15,1.111,2025-06-21,2025-07-06,,,First billing cycle may be refunded; subsequent cycles require unused-period evidence.,0.2642,5,0,0,train,101
bf4403f3d693,cust_11412,friendly_fraud_long_tenure,not_as_described,fashion,3125.57,0,1,0,0.0,,950,3,3,6,1.173,2025-02-14,2025-02-20,,,7-day exchange window. Delivery photo and tracking are retained for 180 days.,-0.1307,1,0,1,train,101
760c64c66767,cust_31468,unauthorized_3ds,unauthorized,travel,3723.28,1,1,1,1.0,0.0,131,0,1,15,1.47,2025-07-10,2025-07-25,TRK218153628,2025-07-12 14:00:00,Cancellations follow fare rules. 3DS-authenticated bookings are treated as cardholder-present.,-0.185,6,1,0,train,101
aa2c47d8b2a5,cust_23929,inr_delivery_confirmed,item_not_received,fashion,2793.17,1,0,0,1.0,1.0,864,1,1,3,0.687,2025-05-04,2025-05-07,TRK720805985,2025-05-07 08:00:00,7-day exchange window. Delivery photo and tracking are retained for 180 days.,-0.0434,4,0,1,train,101
3dde53c1b4d4,cust_31029,no_evidence,not_as_described,services,3022.5,0,0,1,0.0,0.0,111,0,1,5,0.123,2025-04-06,2025-04-11,,,Service completion notes and customer confirmation emails are retained.,-0.064,3,0,0,train,101
c1af1ed04f85,cust_79593,inr_delivery_confirmed,item_not_received,ecommerce,2517.97,1,1,1,1.0,1.0,603,2,1,8,0.705,2025-02-15,2025-02-23,TRK845891218,2025-02-15 22:00:00,30-day returns on unused goods. Signature on delivery is accepted proof of receipt.,-0.0257,1,0,1,train,101
bbd36ef0354c,cust_73180,high_velocity_attack,unauthorized,ecommerce,2793.31,0,1,0,0.0,0.0,0,0,8,1,0.363,2025-06-26,2025-06-27,,,30-day returns on unused goods. Signature on delivery is accepted proof of receipt.,-0.0481,5,1,1,train,101
8b976196e20f,cust_49190,friendly_fraud_long_tenure,item_not_received,digital_goods,4731.72,0,0,0,0.0,1.0,1005,5,2,3,2.318,2025-08-12,2025-08-15,,,Digital items are non-refundable after delivery to the registered account.,0.0288,7,0,0,train,101
06af712c27c4,cust_62676,no_evidence,not_as_described,digital_goods,11728.42,1,0,0,,0.0,37,0,1,7,,2025-09-12,2025-09-19,TRK447113145,2025-09-13 03:00:00,Digital items are non-refundable after delivery to the registered account.,-0.0128,8,0,0,train,101
5ca4dfe8e51a,cust_95577,friendly_fraud_long_tenure,item_not_received,digital_goods,2584.01,1,1,0,1.0,0.0,1328,0,2,14,0.925,2025-07-18,2025-08-01,TRK137004870,2025-07-19 20:00:00,Digital items are non-refundable after delivery to the registered account.,0.1169,6,0,0,train,101
e66dd4f1d6cd,cust_22881,high_velocity_attack,unauthorized,travel,357.46,0,0,0,0.0,0.0,49,1,5,10,1.209,2025-02-09,2025-02-19,,,Cancellations follow fare rules. 3DS-authenticated bookings are treated as cardholder-present.,-0.03,1,0,0,train,101
a219e990969f,cust_23352,unauthorized_3ds,unauthorized,travel,4281.2,0,1,1,,0.0,905,0,1,20,1.054,2025-04-11,2025-05-01,,,Cancellations follow fare rules. 3DS-authenticated bookings are treated as cardholder-present.,0.1948,3,0,1,train,101
14c85f202876,cust_29679,unauthorized_3ds,unauthorized,digital_goods,14562.44,1,1,1,1.0,1.0,412,0,1,7,1.828,2025-04-21,2025-04-28,TRK332799244,2025-04-23 20:00:00,Digital items are non-refundable after delivery to the registered account.,-0.0391,3,1,0,train,101
dc878b8e81cc,cust_10778,inr_delivery_confirmed,item_not_received,grocery,3488.79,1,0,0,1.0,1.0,210,0,1,20,1.271,2025-07-11,2025-07-31,TRK845426159,2025-07-14 09:00:00,Perishable goods are non-returnable after delivery confirmation.,0.2969,6,0,0,train,101
e79040c38c14,cust_39394,no_evidence,item_not_received,ecommerce,3010.25,0,0,0,0.0,0.0,99,0,3,24,1.222,2025-08-25,2025-09-18,,,30-day returns on unused goods. Signature on delivery is accepted proof of receipt.,-0.0017,7,0,0,train,101
852f26a7f427,cust_62424,unauthorized_3ds,unauthorized,travel,2644.06,1,1,1,1.0,1.0,556,1,2,14,0.133,2025-05-18,2025-06-01,TRK373347713,2025-05-18 21:00:00,Cancellations follow fare rules. 3DS-authenticated bookings are treated as cardholder-present.,0.1211,4,0,1,train,101
2ff2074b70f9,cust_49510,no_evidence,item_not_received,services,2889.27,0,0,0,0.0,,148,0,2,26,1.899,2025-03-09,2025-04-04,,,Service completion notes and customer confirmation emails are retained.,0.0445,2,0,1,train,101
2cf53871d33c,cust_25218,inr_delivery_confirmed,item_not_received,grocery,1977.3,1,0,1,0.0,1.0,447,1,1,23,1.277,2025-07-22,2025-08-14,TRK866146069,2025-07-25 20:00:00,Perishable goods are non-returnable after delivery confirmation.,0.0375,6,0,1,train,101
f7cc7f7243f2,cust_22968,friendly_fraud_long_tenure,unauthorized,subscriptions,4386.12,1,1,1,1.0,0.0,680,1,1,34,,2025-08-14,2025-09-17,TRK430028487,2025-08-15 21:00:00,First billing cycle may be refunded; subsequent cycles require unused-period evidence.,0.0514,7,0,0,train,101
5a96d592261b,cust_15947,no_evidence,not_as_described,digital_goods,4513.17,1,0,0,1.0,0.0,28,0,3,11,0.712,2025-03-07,2025-03-18,TRK462481160,2025-03-10 00:00:00,Digital items are non-refundable after delivery to the registered account.,0.088,2,0,0,train,101
1c50530481b0,cust_97202,friendly_fraud_long_tenure,unauthorized,fashion,4193.33,1,1,1,0.0,1.0,479,3,1,33,0.909,2025-05-06,2025-06-08,TRK270696606,2025-05-06 22:00:00,7-day exchange window. Delivery photo and tracking are retained for 180 days.,-0.0464,4,0,0,train,101
49dd215ef0f0,cust_88336,no_evidence,item_not_received,digital_goods,7424.22,0,0,0,0.0,0.0,0,2,1,14,1.195,2025-07-05,2025-07-19,,,Digital items are non-refundable after delivery to the registered account.,-0.0489,6,0,1,train,101
01aa4b8fa37e,cust_19856,unauthorized_3ds,unauthorized,ecommerce,3432.49,0,1,1,1.0,1.0,883,0,1,4,0.846,2025-09-02,2025-09-06,,,30-day returns on unused goods. Signature on delivery is accepted proof of receipt.,-0.2172,8,0,1,train,101
8eba1b423453,cust_72512,inr_delivery_confirmed,item_not_received,ecommerce,6420.98,0,1,1,1.0,1.0,130,0,3,32,,2025-03-20,2025-04-21,,,30-day returns on unused goods. Signature on delivery is accepted proof of receipt.,-0.1832,2,1,0,train,101
e5aacae53b03,cust_92597,friendly_fraud_long_tenure,unauthorized,fashion,10691.07,0,1,1,1.0,0.0,1088,1,1,13,1.247,2025-03-29,2025-04-11,,,7-day exchange window. Delivery photo and tracking are retained for 180 days.,-0.039,2,0,0,train,101
4c3913f4397d,cust_48676,inr_delivery_confirmed,item_not_received,ecommerce,3739.8,1,0,1,0.0,1.0,481,0,1,19,1.207,2025-08-16,2025-09-04,TRK192275858,2025-08-19 18:00:00,30-day returns on unused goods. Signature on delivery is accepted proof of receipt.,-0.1179,7,0,0,train,101
a5e855744655,cust_79045,inr_delivery_confirmed,item_not_received,fashion,7716.21,1,1,1,,1.0,633,0,3,15,1.201,2025-07-24,2025-08-08,TRK451988580,2025-07-27 18:00:00,7-day exchange window. Delivery photo and tracking are retained for 180 days.,0.01,6,0,0,train,101
32f4d412ed91,cust_84076,inr_delivery_confirmed,item_not_received,fashion,3447.84,1,1,0,0.0,0.0,809,0,1,17,0.371,2025-09-04,2025-09-21,TRK503723086,2025-09-06 16:00:00,7-day exchange window. Delivery photo and tracking are retained for 180 days.,0.0414,8,0,1,train,101
920785e9d958,cust_46086,unauthorized_3ds,unauthorized,ecommerce,5491.33,1,1,1,0.0,1.0,850,0,1,13,0.815,2025-02-19,2025-03-04,TRK223232440,2025-02-21 05:00:00,30-day returns on unused goods. Signature on delivery is accepted proof of receipt.,0.1455,1,0,1,train,101
6fcaa382e3c1,cust_46799,unauthorized_3ds,unauthorized,digital_goods,8003.61,1,1,1,1.0,0.0,219,1,1,16,1.684,2025-07-05,2025-07-21,TRK137999499,2025-07-07 11:00:00,Digital items are non-refundable after delivery to the registered account.,0.1097,6,0,1,train,101
e76ce8e4dc09,cust_30822,high_velocity_attack,unauthorized,digital_goods,11934.29,0,0,1,0.0,0.0,67,0,7,2,4.002,2025-02-15,2025-02-17,,,Digital items are non-refundable after delivery to the registered account.,0.135,1,0,1,train,101
eb5ceeb027df,cust_70751,friendly_fraud_long_tenure,not_as_described,fashion,4085.59,1,0,1,1.0,1.0,426,4,1,50,1.671,2025-05-05,2025-06-24,TRK528153929,2025-05-07 22:00:00,7-day exchange window. Delivery photo and tracking are retained for 180 days.,-0.2217,4,0,0,train,101
eed1846c9fff,cust_50445,high_velocity_attack,unauthorized,travel,1999.43,0,0,0,1.0,0.0,0,1,12,3,4.726,2025-06-09,2025-06-12,,,Cancellations follow fare rules. 3DS-authenticated bookings are treated as cardholder-present.,0.0391,5,0,0,train,101
2f36f8c85d72,cust_15169,no_evidence,item_not_received,digital_goods,3304.21,0,0,0,0.0,0.0,27,0,2,32,1.145,2025-02-04,2025-03-08,,,Digital items are non-refundable after delivery to the registered account.,0.012,1,0,0,train,101
c2e49297c0f0,cust_50671,unauthorized_3ds,unauthorized,digital_goods,2981.18,0,1,1,1.0,0.0,551,0,3,15,1.026,2025-04-17,2025-05-02,,,Digital items are non-refundable after delivery to the registered account.,-0.0737,3,0,1,train,101
c46f86a0070d,cust_83348,unauthorized_3ds,unauthorized,digital_goods,9305.59,0,1,1,1.0,0.0,344,1,3,16,,2025-04-05,2025-04-21,,,Digital items are non-refundable after delivery to the registered account.,0.1028,3,0,1,train,101
be4e2c0d53aa,cust_90581,friendly_fraud_long_tenure,not_as_described,subscriptions,4356.57,1,1,0,0.0,0.0,1346,0,1,37,1.823,2025-05-04,2025-06-10,TRK291898407,2025-05-07 01:00:00,First billing cycle may be refunded; subsequent cycles require unused-period evidence.,0.0185,4,0,0,train,101
6d250cb88aff,cust_39624,unauthorized_3ds,unauthorized,ecommerce,4188.81,1,0,0,1.0,0.0,162,0,2,12,0.99,2025-03-08,2025-03-20,TRK997206733,2025-03-11 01:00:00,30-day returns on unused goods. Signature on delivery is accepted proof of receipt.,-0.0958,2,0,1,train,101
e0693b7bb14e,cust_39775,friendly_fraud_long_tenure,item_not_received,digital_goods,1061.73,0,1,1,0.0,1.0,1513,1,3,17,2.15,2025-08-01,2025-08-18,,,Digital items are non-refundable after delivery to the registered account.,-0.0232,7,0,1,train,101
6783397c2fd0,cust_99565,friendly_fraud_long_tenure,item_not_received,subscriptions,9505.29,0,1,1,0.0,1.0,891,2,2,31,2.854,2025-04-19,2025-05-20,,,First billing cycle may be refunded; subsequent cycles require unused-period evidence.,-0.0202,3,0,0,train,101
a81dee84d2df,cust_59324,high_velocity_attack,unauthorized,digital_goods,4196.51,0,0,0,0.0,0.0,194,1,11,9,2.428,2025-05-21,2025-05-30,,,Digital items are non-refundable after delivery to the registered account.,-0.1603,4,0,0,train,101
11b69247cc84,cust_64277,no_evidence,not_as_described,digital_goods,4538.68,0,0,0,0.0,0.0,65,0,2,33,2.526,2025-04-11,2025-05-14,,,Digital items are non-refundable after delivery to the registered account.,0.0459,3,0,0,train,101
0c9b19744f92,cust_26194,no_evidence,unauthorized,services,1182.58,0,0,0,1.0,0.0,176,1,5,42,1.829,2025-03-23,2025-05-04,,,Service completion notes and customer confirmation emails are retained.,-0.0287,2,1,1,train,101
73a2efaf255f,cust_75851,inr_delivery_confirmed,item_not_received,ecommerce,2922.4,1,0,0,0.0,1.0,932,1,1,38,0.823,2025-09-17,2025-10-25,TRK598748268,2025-09-18 21:00:00,30-day returns on unused goods. Signature on delivery is accepted proof of receipt.,-0.0745,8,0,1,train,101
b401996b79fe,cust_17718,high_velocity_attack,unauthorized,digital_goods,1620.79,0,1,1,1.0,0.0,87,0,10,1,1.571,2025-07-17,2025-07-18,,,Digital items are non-refundable after delivery to the registered account.,-0.214,6,0,0,train,101
a65f227f9699,cust_86711,no_evidence,item_not_received,services,4389.81,0,0,0,0.0,0.0,104,1,4,34,,2025-07-20,2025-08-23,,,Service completion notes and customer confirmation emails are retained.,-0.1966,6,0,0,train,101
585b00b91aae,cust_94664,unauthorized_3ds,unauthorized,digital_goods,3740.88,1,1,1,1.0,,166,0,2,24,1.148,2025-04-14,2025-05-08,TRK983882448,2025-04-15 03:00:00,Digital items are non-refundable after delivery to the registered account.,-0.0863,3,0,1,train,101
344439f06295,cust_47067,inr_delivery_confirmed,item_not_received,ecommerce,3273.56,1,0,1,1.0,,356,0,2,40,1.322,2025-06-24,2025-08-03,TRK570810265,2025-06-27 09:00:00,30-day returns on unused goods. Signature on delivery is accepted proof of receipt.,-0.0738,5,0,1,train,101
dabd64a9cf83,cust_63618,inr_delivery_confirmed,item_not_received,fashion,2351.52,1,0,1,1.0,1.0,400,0,1,14,1.417,2025-03-20,2025-04-03,TRK743294694,2025-03-23 06:00:00,7-day exchange window. Delivery photo and tracking are retained for 180 days.,0.336,2,0,1,train,101
e8ae9a6d29fd,cust_33513,inr_delivery_confirmed,item_not_received,ecommerce,3177.58,1,1,0,0.0,0.0,355,0,1,2,0.857,2025-03-23,2025-03-25,TRK589164726,2025-03-25 10:00:00,30-day returns on unused goods. Signature on delivery is accepted proof of receipt.,-0.0581,2,0,1,train,101
2f19bbff2682,cust_65932,no_evidence,not_as_described,digital_goods,5011.92,0,0,0,1.0,0.0,292,1,4,29,3.086,2025-03-18,2025-04-16,,,Digital items are non-refundable after delivery to the registered account.,-0.1441,2,0,0,train,101
902b8ac60e0d,cust_66998,friendly_fraud_long_tenure,item_not_received,subscriptions,2696.1,0,0,0,1.0,1.0,805,1,3,36,0.723,2025-02-10,2025-03-18,,,First billing cycle may be refunded; subsequent cycles require unused-period evidence.,0.0402,1,0,1,train,101
aeafcc3baff3,cust_67245,inr_delivery_confirmed,item_not_received,grocery,2638.17,1,0,0,1.0,,727,1,3,10,0.949,2025-08-24,2025-09-03,TRK746785942,2025-08-26 16:00:00,Perishable goods are non-returnable after delivery confirmation.,-0.0675,7,1,0,train,101
ebb6bdc29dfb,cust_63045,no_evidence,unauthorized,services,2491.57,0,0,1,0.0,0.0,152,1,1,42,0.442,2025-02-26,2025-04-09,,,Service completion notes and customer confirmation emails are retained.,-0.1343,1,0,0,train,101
9badd20806ea,cust_16548,unauthorized_3ds,unauthorized,digital_goods,10840.4,1,1,1,0.0,1.0,562,1,1,11,1.144,2025-04-21,2025-05-02,TRK704903806,2025-04-24 05:00:00,Digital items are non-refundable after delivery to the registered account.,0.0181,3,0,1,train,101
3993851ca60b,cust_61152,high_velocity_attack,unauthorized,ecommerce,2784.82,0,0,0,1.0,0.0,34,0,6,1,1.615,2025-07-22,2025-07-23,,,30-day returns on unused goods. Signature on delivery is accepted proof of receipt.,0.1815,6,0,0,train,101
b5c6e8b963bc,cust_34969,friendly_fraud_long_tenure,item_not_received,subscriptions,3104.52,1,0,1,1.0,0.0,790,0,3,21,1.323,2025-09-16,2025-10-07,TRK753193857,2025-09-16 23:00:00,First billing cycle may be refunded; subsequent cycles require unused-period evidence.,0.1021,8,0,0,train,101
09880e0f1684,cust_79552,unauthorized_3ds,unauthorized,travel,2978.96,0,0,0,1.0,0.0,632,0,1,15,1.093,2025-08-25,2025-09-09,,,Cancellations follow fare rules. 3DS-authenticated bookings are treated as cardholder-present.,0.0337,7,0,1,train,101
530ec8a16006,cust_68321,no_evidence,unauthorized,ecommerce,4362.96,1,1,0,0.0,0.0,302,0,1,14,1.288,2025-05-13,2025-05-27,TRK453305218,2025-05-14 10:00:00,30-day returns on unused goods. Signature on delivery is accepted proof of receipt.,-0.0613,4,0,0,train,101
789ac045dc76,cust_29219,no_evidence,not_as_described,ecommerce,2548.44,0,0,0,0.0,,182,1,1,26,2.357,2025-04-27,2025-05-23,,,30-day returns on unused goods. Signature on delivery is accepted proof of receipt.,0.2003,3,0,0,train,101
13ef2802fda9,cust_83437,inr_delivery_confirmed,item_not_received,fashion,1602.82,1,1,1,1.0,1.0,990,1,1,6,0.871,2025-09-02,2025-09-08,TRK225884894,2025-09-04 04:00:00,7-day exchange window. Delivery photo and tracking are retained for 180 days.,-0.0682,8,0,0,train,101
37161faee396,cust_86975,friendly_fraud_long_tenure,item_not_received,fashion,3194.91,1,0,1,1.0,0.0,1670,1,1,20,1.261,2025-08-09,2025-08-29,TRK706600256,2025-08-11 13:00:00,7-day exchange window. Delivery photo and tracking are retained for 180 days.,-0.0224,7,0,0,train,101
e30867fae4ee,cust_82282,friendly_fraud_long_tenure,unauthorized,digital_goods,7766.49,1,1,0,1.0,1.0,180,3,2,17,2.22,2025-08-23,2025-09-09,TRK291361960,2025-08-26 06:00:00,Digital items are non-refundable after delivery to the registered account.,-0.1645,7,0,0,train,101
38bfa91ecda7,cust_62572,unauthorized_3ds,unauthorized,travel,3262.51,0,1,0,,1.0,598,0,1,20,1.21,2025-06-03,2025-06-23,,,Cancellations follow fare rules. 3DS-authenticated bookings are treated as cardholder-present.,-0.2301,5,0,1,train,101
cceb4cb11ed9,cust_54497,high_velocity_attack,unauthorized,travel,788.81,0,1,0,0.0,0.0,0,0,5,4,3.156,2025-06-19,2025-06-23,,,Cancellations follow fare rules. 3DS-authenticated bookings are treated as cardholder-present.,-0.026,5,0,1,train,101
6c1b625bb790,cust_80743,unauthorized_3ds,unauthorized,digital_goods,2563.85,1,1,1,1.0,0.0,761,0,1,22,1.651,2025-04-13,2025-05-05,TRK968156096,2025-04-13 18:00:00,Digital items are non-refundable after delivery to the registered account.,0.0889,3,1,1,train,101
537e8549dae9,cust_71807,friendly_fraud_long_tenure,not_as_described,ecommerce,2311.18,0,1,1,1.0,0.0,940,0,1,44,2.138,2025-05-04,2025-06-17,,,30-day returns on unused goods. Signature on delivery is accepted proof of receipt.,0.0461,4,0,0,train,101
f4b845e99cba,cust_95814,unauthorized_3ds,unauthorized,travel,1783.08,1,0,1,1.0,0.0,701,0,3,18,0.407,2025-09-23,2025-10-11,TRK834628160,2025-09-26 01:00:00,Cancellations follow fare rules. 3DS-authenticated bookings are treated as cardholder-present.,0.0016,8,0,1,train,101
c9c14549ed0e,cust_88209,friendly_fraud_long_tenure,item_not_received,ecommerce,3287.54,0,0,0,1.0,0.0,1294,3,1,29,1.39,2025-07-30,2025-08-28,,,30-day returns on unused goods. Signature on delivery is accepted proof of receipt.,-0.0246,7,0,1,train,101
f4d8fb527483,cust_51247,high_velocity_attack,unauthorized,digital_goods,2169.73,1,0,0,0.0,0.0,42,0,6,3,3.656,2025-02-26,2025-03-01,TRK941155715,2025-03-01 18:00:00,Digital items are non-refundable after delivery to the registered account.,0.046,1,0,0,train,101
329e9470a2dd,cust_74374,high_velocity_attack,unauthorized,ecommerce,2055.32,1,0,0,0.0,0.0,58,0,11,16,2.726,2025-06-07,2025-06-23,TRK825548023,2025-06-07 21:00:00,30-day returns on unused goods. Signature on delivery is accepted proof of receipt.,-0.0249,5,0,0,train,101
284171fd7a4c,cust_55111,inr_delivery_confirmed,item_not_received,fashion,4832.49,0,0,1,0.0,1.0,370,1,1,29,1.378,2025-08-03,2025-09-01,,,7-day exchange window. Delivery photo and tracking are retained for 180 days.,0.0597,7,0,1,train,101
9c8b734fc5a1,cust_64044,friendly_fraud_long_tenure,unauthorized,fashion,5091.69,0,0,1,0.0,0.0,768,4,1,13,1.243,2025-04-27,2025-05-10,,,7-day exchange window. Delivery photo and tracking are retained for 180 days.,-0.027,3,0,1,train,101
d5d30a8d6190,cust_18609,no_evidence,unauthorized,ecommerce,1524.81,0,0,1,0.0,0.0,0,1,3,31,,2025-04-02,2025-05-03,,,30-day returns on unused goods. Signature on delivery is accepted proof of receipt.,0.0013,3,0,0,train,101
c93696dab6e4,cust_34142,friendly_fraud_long_tenure,not_as_described,subscriptions,7689.47,1,1,1,1.0,0.0,1163,3,3,28,2.943,2025-05-23,2025-06-20,TRK639863914,2025-05-25 16:00:00,First billing cycle may be refunded; subsequent cycles require unused-period evidence.,0.309,4,0,0,train,101
050754dfbab9,cust_88842,no_evidence,not_as_described,services,2544.08,0,0,0,0.0,0.0,331,0,2,21,3.045,2025-07-03,2025-07-24,,,Service completion notes and customer confirmation emails are retained.,0.1209,6,0,0,train,101
6799125623cb,cust_62932,no_evidence,item_not_received,services,4248.17,0,0,1,0.0,0.0,149,2,3,34,,2025-06-19,2025-07-23,,,Service completion notes and customer confirmation emails are retained.,0.0856,5,0,0,train,101
5352e69fc548,cust_24032,friendly_fraud_long_tenure,unauthorized,ecommerce,3227.84,0,1,0,1.0,1.0,740,2,1,15,0.941,2025-08-12,2025-08-27,,,30-day returns on unused goods. Signature on delivery is accepted proof of receipt.,0.0664,7,0,1,train,101
96b1e4b9ce47,cust_80885,inr_delivery_confirmed,item_not_received,fashion,1859.49,0,1,1,0.0,1.0,218,3,2,20,1.476,2025-08-02,2025-08-22,,,7-day exchange window. Delivery photo and tracking are retained for 180 days.,-0.0745,7,0,1,train,101
723de6ec872b,cust_48291,no_evidence,unauthorized,ecommerce,1784.97,0,0,0,0.0,0.0,97,0,2,16,1.552,2025-06-12,2025-06-28,,,30-day returns on unused goods. Signature on delivery is accepted proof of receipt.,-0.1737,5,0,0,train,101
e637230da841,cust_97570,high_velocity_attack,unauthorized,travel,2987.18,1,0,0,1.0,1.0,29,0,9,4,2.44,2025-08-29,2025-09-02,TRK364173290,2025-08-30 12:00:00,Cancellations follow fare rules. 3DS-authenticated bookings are treated as cardholder-present.,-0.3756,8,0,1,train,101
e0bb95579304,cust_32079,inr_delivery_confirmed,item_not_received,grocery,3876.37,1,1,1,0.0,1.0,7,0,1,19,0.355,2025-08-10,2025-08-29,TRK767948716,2025-08-11 17:00:00,Perishable goods are non-returnable after delivery confirmation.,-0.151,7,1,1,train,101
9adc5655ff42,cust_95426,unauthorized_3ds,unauthorized,digital_goods,2922.41,1,1,1,0.0,1.0,630,1,1,25,1.414,2025-04-10,2025-05-05,TRK423248067,2025-04-12 16:00:00,Digital items are non-refundable after delivery to the registered account.,-0.0873,3,0,1,train,101
96b09cb66ea7,cust_13353,friendly_fraud_long_tenure,not_as_described,ecommerce,4922.87,0,0,0,0.0,1.0,593,2,1,22,1.953,2025-09-20,2025-10-12,,,30-day returns on unused goods. Signature on delivery is accepted proof of receipt.,-0.0283,8,0,0,train,101
baf6fbf60321,cust_56303,inr_delivery_confirmed,item_not_received,grocery,3005.05,1,0,1,1.0,1.0,180,1,1,34,1.014,2025-05-18,2025-06-21,TRK441944963,2025-05-20 19:00:00,Perishable goods are non-returnable after delivery confirmation.,-0.1659,4,1,0,train,101
97e8713a0b48,cust_48794,no_evidence,not_as_described,services,9790.27,0,0,0,0.0,0.0,0,0,1,22,1.985,2025-03-15,2025-04-06,,,Service completion notes and customer confirmation emails are retained.,-0.1797,2,1,1,train,101
7cfb7a9d7969,cust_54711,unauthorized_3ds,unauthorized,ecommerce,3043.63,1,1,1,1.0,0.0,831,0,5,17,1.787,2025-03-14,2025-03-31,TRK807221326,2025-03-15 12:00:00,30-day returns on unused goods. Signature on delivery is accepted proof of receipt.,-0.0565,2,0,1,train,101
e6a1cf875010,cust_88893,friendly_fraud_long_tenure,not_as_described,digital_goods,3490.28,1,0,1,0.0,0.0,313,1,1,18,0.858,2025-08-03,2025-08-21,TRK777070963,2025-08-05 00:00:00,Digital items are non-refundable after delivery to the registered account.,0.0865,7,0,0,train,101
32d8cbfbe4fc,cust_14743,inr_delivery_confirmed,item_not_received,grocery,2062.95,1,1,0,,1.0,414,0,1,23,1.33,2025-04-16,2025-05-09,TRK773680865,2025-04-19 02:00:00,Perishable goods are non-returnable after delivery confirmation.,-0.0304,3,0,1,train,101
03de4e1788cc,cust_52416,no_evidence,item_not_received,digital_goods,2967.82,1,0,0,0.0,0.0,104,0,1,29,,2025-03-18,2025-04-16,TRK330831786,2025-03-18 23:00:00,Digital items are non-refundable after delivery to the registered account.,-0.0268,2,0,0,train,101
15b4c81d79f9,cust_34440,inr_delivery_confirmed,item_not_received,fashion,4266.0,1,1,1,1.0,1.0,211,1,1,17,1.05,2025-04-02,2025-04-19,TRK286641578,2025-04-04 12:00:00,7-day exchange window. Delivery photo and tracking are retained for 180 days.,-0.1487,3,0,1,train,101
b10afaacbc71,cust_49610,inr_delivery_confirmed,item_not_received,grocery,1863.7,1,1,1,1.0,,43,0,1,14,0.929,2025-07-20,2025-08-03,TRK405410572,2025-07-21 09:00:00,Perishable goods are non-returnable after delivery confirmation.,0.1211,6,0,0,train,101
2a6500d2e846,cust_76866,no_evidence,not_as_described,digital_goods,5410.68,0,0,0,0.0,0.0,195,0,1,23,2.014,2025-04-07,2025-04-30,,,Digital items are non-refundable after delivery to the registered account.,-0.2198,3,0,0,train,101
07ac129f1885,cust_36827,unauthorized_3ds,unauthorized,digital_goods,6543.54,0,1,1,1.0,0.0,515,0,2,2,1.721,2025-03-07,2025-03-09,,,Digital items are non-refundable after delivery to the registered account.,-0.0443,2,0,0,train,101
4596082a0734,cust_23462,inr_delivery_confirmed,item_not_received,ecommerce,5031.23,1,1,1,1.0,1.0,886,1,1,14,1.334,2025-05-31,2025-06-14,TRK411757420,2025-06-01 20:00:00,30-day returns on unused goods. Signature on delivery is accepted proof of receipt.,0.1599,5,0,1,train,101
5cd651291649,cust_48267,unauthorized_3ds,unauthorized,digital_goods,6636.25,1,1,1,1.0,1.0,541,0,1,17,1.648,2025-09-22,2025-10-09,TRK324189058,2025-09-23 00:00:00,Digital items are non-refundable after delivery to the registered account.,-0.0503,8,0,0,train,101
ba634f349b5d,cust_34672,friendly_fraud_long_tenure,unauthorized,subscriptions,7744.06,1,1,1,1.0,1.0,670,0,1,31,0.643,2025-09-13,2025-10-14,TRK902959375,2025-09-15 15:00:00,First billing cycle may be refunded; subsequent cycles require unused-period evidence.,-0.1291,8,0,1,train,101
96fd1f2a0502,cust_21207,inr_delivery_confirmed,item_not_received,fashion,2797.85,1,1,1,1.0,1.0,681,0,2,2,0.791,2025-08-07,2025-08-09,TRK558151864,2025-08-08 14:00:00,7-day exchange window. Delivery photo and tracking are retained for 180 days.,0.0987,7,0,0,train,101
32edb605de08,cust_46416,no_evidence,item_not_received,ecommerce,1322.3,0,1,1,0.0,0.0,0,0,2,8,0.268,2025-08-11,2025-08-19,,,30-day returns on unused goods. Signature on delivery is accepted proof of receipt.,-0.1368,7,0,0,train,101
bd592db221bc,cust_75602,friendly_fraud_long_tenure,not_as_described,digital_goods,17230.85,1,0,0,0.0,0.0,915,3,1,28,1.875,2025-05-09,2025-06-06,TRK665066876,2025-05-11 17:00:00,Digital items are non-refundable after delivery to the registered account.,0.0062,4,0,0,train,101
b03efbbfb483,cust_32686,high_velocity_attack,unauthorized,travel,4785.18,1,0,0,0.0,0.0,70,0,7,8,2.57,2025-09-14,2025-09-22,TRK476232201,2025-09-15 04:00:00,Cancellations follow fare rules. 3DS-authenticated bookings are treated as cardholder-present.,0.0188,8,0,0,train,101
b0b3f7b6eb9e,cust_13186,unauthorized_3ds,unauthorized,travel,9287.99,0,1,1,1.0,1.0,384,0,1,3,1.271,2025-07-23,2025-07-26,,,Cancellations follow fare rules. 3DS-authenticated bookings are treated as cardholder-present.,0.0858,6,0,1,train,101
2358d2184262,cust_87797,no_evidence,unauthorized,digital_goods,3474.67,0,1,0,0.0,1.0,0,2,2,25,1.381,2025-03-23,2025-04-17,,,Digital items are non-refundable after delivery to the registered account.,-0.1206,2,0,0,train,101
1ae0b62a7088,cust_85599,unauthorized_3ds,unauthorized,ecommerce,2210.11,1,1,1,1.0,0.0,120,0,1,5,1.055,2025-07-14,2025-07-19,TRK162817124,2025-07-17 03:00:00,30-day returns on unused goods. Signature on delivery is accepted proof of receipt.,0.1188,6,0,0,train,101
68c9c5e60630,cust_16243,inr_delivery_confirmed,item_not_received,grocery,1726.35,1,0,1,1.0,1.0,760,0,1,36,0.796,2025-03-10,2025-04-15,TRK522391065,2025-03-12 07:00:00,Perishable goods are non-returnable after delivery confirmation.,0.0725,2,0,0,train,101
ebbc3fda689c,cust_33260,high_velocity_attack,unauthorized,digital_goods,676.35,0,0,0,0.0,0.0,50,0,10,9,1.75,2025-02-10,2025-02-19,,,Digital items are non-refundable after delivery to the registered account.,0.0578,1,0,0,train,101
e172c278e6d6,cust_53688,inr_delivery_confirmed,item_not_received,grocery,3077.63,1,0,1,1.0,0.0,588,0,1,2,0.964,2025-03-04,2025-03-06,TRK121080299,2025-03-06 08:00:00,Perishable goods are non-returnable after delivery confirmation.,0.0813,2,0,1,train,101
51c5445526f1,cust_74749,high_velocity_attack,unauthorized,travel,2330.04,0,0,0,0.0,0.0,87,0,10,5,2.137,2025-07-06,2025-07-11,,,Cancellations follow fare rules. 3DS-authenticated bookings are treated as cardholder-present.,0.03,6,0,1,train,101
3ab2cf68fb16,cust_52529,high_velocity_attack,unauthorized,ecommerce,2963.15,0,0,0,0.0,0.0,0,0,10,3,0.747,2025-04-05,2025-04-08,,,30-day returns on unused goods. Signature on delivery is accepted proof of receipt.,0.2632,3,0,1,train,101
fad7ff56ec85,cust_88804,high_velocity_attack,unauthorized,ecommerce,1833.49,0,1,0,0.0,0.0,91,0,11,4,0.1,2025-03-07,2025-03-11,,,30-day returns on unused goods. Signature on delivery is accepted proof of receipt.,-0.1577,2,0,0,train,101
3c27e6556046,cust_52622,friendly_fraud_long_tenure,unauthorized,subscriptions,2936.16,0,1,1,0.0,1.0,886,5,1,39,0.656,2025-08-17,2025-09-25,,,First billing cycle may be refunded; subsequent cycles require unused-period evidence.,0.1184,7,0,0,train,101
9a2f63f8a008,cust_37712,high_velocity_attack,unauthorized,ecommerce,1878.37,0,0,0,1.0,0.0,75,1,5,5,2.821,2025-05-21,2025-05-26,,,30-day returns on unused goods. Signature on delivery is accepted proof of receipt.,0.0043,4,0,0,train,101
cc742ae1f390,cust_51043,friendly_fraud_long_tenure,item_not_received,subscriptions,2892.41,0,1,1,0.0,0.0,1133,1,3,29,0.318,2025-09-22,2025-10-21,,,First billing cycle may be refunded; subsequent cycles require unused-period evidence.,-0.0496,8,0,0,train,101
da21e64e7000,cust_84855,high_velocity_attack,unauthorized,ecommerce,1821.75,0,1,0,0.0,0.0,94,0,8,6,0.204,2025-07-23,2025-07-29,,,30-day returns on unused goods. Signature on delivery is accepted proof of receipt.,0.2135,6,0,0,train,101
8f23d10bac4b,cust_10607,inr_delivery_confirmed,item_not_received,grocery,2559.46,0,0,1,,,590,1,2,19,0.865,2025-03-08,2025-03-27,,,Perishable goods are non-returnable after delivery confirmation.,-0.1143,2,0,1,train,101
2fc7a424a365,cust_87417,high_velocity_attack,unauthorized,travel,4323.65,0,0,0,0.0,0.0,0,0,7,7,0.832,2025-07-18,2025-07-25,,,Cancellations follow fare rules. 3DS-authenticated bookings are treated as cardholder-present.,0.1028,6,0,0,train,101
e78e7fce7545,cust_35240,inr_delivery_confirmed,item_not_received,ecommerce,1093.67,1,1,1,,0.0,705,0,1,2,1.017,2025-02-06,2025-02-08,TRK812065192,2025-02-08 04:00:00,30-day returns on unused goods. Signature on delivery is accepted proof of receipt.,0.1282,1,0,0,train,101
65a9ee5d97f9,cust_57740,high_velocity_attack,unauthorized,travel,2779.46,1,0,0,0.0,,0,1,12,13,2.899,2025-02-17,2025-03-02,TRK623555182,2025-02-20 09:00:00,Cancellations follow fare rules. 3DS-authenticated bookings are treated as cardholder-present.,0.0952,1,0,0,train,101
5c4c839e27e3,cust_74116,no_evidence,not_as_described,ecommerce,1040.15,0,1,0,0.0,0.0,13,1,2,10,1.382,2025-09-15,2025-09-25,,,30-day returns on unused goods. Signature on delivery is accepted proof of receipt.,0.0888,8,0,1,train,101
759d5d30eb18,cust_35597,unauthorized_3ds,unauthorized,digital_goods,3349.7,1,1,1,1.0,0.0,14,0,2,11,1.393,2025-09-09,2025-09-20,TRK946960433,2025-09-12 02:00:00,Digital items are non-refundable after delivery to the registered account.,0.1452,8,0,1,train,101
b54ce94f27df,cust_39828,high_velocity_attack,unauthorized,ecommerce,2290.02,0,0,0,0.0,0.0,0,0,11,5,,2025-04-12,2025-04-17,,,30-day returns on unused goods. Signature on delivery is accepted proof of receipt.,-0.0759,3,0,0,train,101
b03ee773ff67,cust_24329,no_evidence,not_as_described,ecommerce,5315.68,0,0,0,0.0,0.0,109,0,3,9,2.2,2025-03-23,2025-04-01,,,30-day returns on unused goods. Signature on delivery is accepted proof of receipt.,-0.1186,2,0,0,train,101
b207e2e36ca2,cust_99763,high_velocity_attack,unauthorized,ecommerce,2052.51,1,0,1,0.0,0.0,8,1,6,7,0.609,2025-03-02,2025-03-09,TRK273978781,2025-03-05 22:00:00,30-day returns on unused goods. Signature on delivery is accepted proof of receipt.,0.2195,2,0,0,train,101
d4f80e0a3c29,cust_71131,unauthorized_3ds,unauthorized,ecommerce,3733.95,1,1,1,,0.0,260,0,1,14,1.466,2025-07-25,2025-08-08,TRK894224005,2025-07-28 06:00:00,30-day returns on unused goods. Signature on delivery is accepted proof of receipt.,-0.1862,6,0,1,train,101
b58389c2eb3d,cust_76508,inr_delivery_confirmed,item_not_received,grocery,2760.3,0,1,0,1.0,1.0,59,1,2,22,1.267,2025-05-26,2025-06-17,,,Perishable goods are non-returnable after delivery confirmation.,0.1868,4,0,0,train,101
3f09a9c58501,cust_59918,inr_delivery_confirmed,item_not_received,ecommerce,3088.92,1,0,1,0.0,1.0,462,0,2,9,1.334,2025-09-19,2025-09-28,TRK313104208,2025-09-21 04:00:00,30-day returns on unused goods. Signature on delivery is accepted proof of receipt.,0.0116,8,0,1,train,101
a37b648622a5,cust_34574,no_evidence,not_as_described,digital_goods,2656.62,0,0,0,1.0,0.0,336,1,3,5,2.37,2025-09-06,2025-09-11,,,Digital items are non-refundable after delivery to the registered account.,-0.0101,8,0,0,train,101
1278d28482d9,cust_98158,inr_delivery_confirmed,item_not_received,fashion,1954.34,1,0,1,1.0,1.0,353,1,2,28,1.205,2025-08-14,2025-09-11,TRK988303117,2025-08-16 03:00:00,7-day exchange window. Delivery photo and tracking are retained for 180 days.,-0.1753,7,0,1,train,101
edb1811d8a22,cust_94998,no_evidence,not_as_described,services,1266.91,0,0,1,0.0,0.0,53,3,3,25,,2025-05-08,2025-06-02,,,Service completion notes and customer confirmation emails are retained.,0.0802,4,0,0,train,101
5aa79ceb15ce,cust_20624,no_evidence,item_not_received,digital_goods,2154.56,0,0,1,0.0,1.0,216,1,3,23,0.28,2025-04-18,2025-05-11,,,Digital items are non-refundable after delivery to the registered account.,-0.0139,3,0,0,train,101
9f85f5a70ccd,cust_62020,inr_delivery_confirmed,item_not_received,ecommerce,3870.41,1,0,1,1.0,1.0,543,0,2,10,0.978,2025-02-04,2025-02-14,TRK753597154,2025-02-05 23:00:00,30-day returns on unused goods. Signature on delivery is accepted proof of receipt.,0.2732,1,0,1,train,101
bf68d59f7b52,cust_90000,unauthorized_3ds,unauthorized,digital_goods,5361.5,1,1,1,0.0,1.0,343,1,2,15,0.704,2025-02-25,2025-03-12,TRK960951078,2025-02-28 19:00:00,Digital items are non-refundable after delivery to the registered account.,0.0901,1,0,1,train,101
54170f5d282b,cust_21507,no_evidence,unauthorized,services,2036.12,1,0,0,0.0,0.0,183,1,2,44,1.646,2025-08-07,2025-09-20,TRK860300893,2025-08-09 17:00:00,Service completion notes and customer confirmation emails are retained.,0.0605,7,0,0,train,101
4342148f61c9,cust_39167,friendly_fraud_long_tenure,not_as_described,ecommerce,2278.15,0,0,1,,1.0,1061,1,2,17,0.601,2025-06-18,2025-07-05,,,30-day returns on unused goods. Signature on delivery is accepted proof of receipt.,0.1926,5,0,0,train,101
6f0573a1b639,cust_30126,inr_delivery_confirmed,item_not_received,grocery,3581.34,1,1,1,1.0,1.0,872,0,2,26,0.302,2025-04-26,2025-05-22,TRK850856683,2025-04-27 15:00:00,Perishable goods are non-returnable after delivery confirmation.,0.1331,3,0,1,train,101
352105e6d3a3,cust_68825,inr_delivery_confirmed,item_not_received,ecommerce,2155.63,1,1,1,1.0,,260,1,1,23,0.767,2025-06-17,2025-07-10,TRK935576922,2025-06-19 09:00:00,30-day returns on unused goods. Signature on delivery is accepted proof of receipt.,-0.1263,5,1,0,train,101
19913c41b61f,cust_58320,no_evidence,item_not_received,services,2212.67,0,0,0,1.0,0.0,0,1,2,17,1.577,2025-05-14,2025-05-31,,,Service completion notes and customer confirmation emails are retained.,-0.2092,4,1,1,train,101
6366f87a267c,cust_74407,unauthorized_3ds,unauthorized,ecommerce,7901.31,1,1,1,1.0,1.0,145,0,1,4,0.521,2025-04-17,2025-04-21,TRK978345609,2025-04-18 00:00:00,30-day returns on unused goods. Signature on delivery is accepted proof of receipt.,-0.1463,3,0,0,train,101
7a237bf12e15,cust_78611,high_velocity_attack,unauthorized,ecommerce,932.91,0,1,0,0.0,0.0,141,0,9,6,1.327,2025-04-21,2025-04-27,,,30-day returns on unused goods. Signature on delivery is accepted proof of receipt.,0.1421,3,0,0,train,101
5bb0d65ce722,cust_24365,friendly_fraud_long_tenure,not_as_described,subscriptions,1760.75,1,0,1,1.0,0.0,1187,3,1,26,0.36,2025-02-19,2025-03-17,TRK451879171,2025-02-21 02:00:00,First billing cycle may be refunded; subsequent cycles require unused-period evidence.,-0.2001,1,0,0,train,101
1cf9f2ef785e,cust_79868,inr_delivery_confirmed,item_not_received,ecommerce,2606.0,1,0,1,1.0,1.0,703,0,1,4,0.711,2025-08-13,2025-08-17,TRK869118931,2025-08-13 20:00:00,30-day returns on unused goods. Signature on delivery is accepted proof of receipt.,0.117,7,0,1,train,101
12242fdc095c,cust_62277,inr_delivery_confirmed,item_not_received,ecommerce,2876.89,1,1,1,,1.0,827,0,1,22,1.342,2025-04-09,2025-05-01,TRK661246610,2025-04-12 23:00:00,30-day returns on unused goods. Signature on delivery is accepted proof of receipt.,-0.0647,3,0,1,train,101
8973dd5560fa,cust_55447,friendly_fraud_long_tenure,not_as_described,ecommerce,3018.98,0,1,1,1.0,0.0,1361,2,2,14,0.882,2025-03-12,2025-03-26,,,30-day returns on unused goods. Signature on delivery is accepted proof of receipt.,0.1051,2,0,0,train,101
7dd5f50e3ecd,cust_34418,high_velocity_attack,unauthorized,digital_goods,2962.04,0,0,0,0.0,0.0,61,0,3,4,3.866,2025-07-14,2025-07-18,,,Digital items are non-refundable after delivery to the registered account.,0.0089,6,0,0,train,101
e22df946c678,cust_23819,unauthorized_3ds,unauthorized,travel,2836.69,1,1,1,0.0,0.0,220,1,1,19,1.042,2025-03-15,2025-04-03,TRK218980997,2025-03-17 19:00:00,Cancellations follow fare rules. 3DS-authenticated bookings are treated as cardholder-present.,0.0464,2,1,0,train,101
f335b3f201fd,cust_70854,inr_delivery_confirmed,item_not_received,ecommerce,1065.09,1,1,1,1.0,1.0,209,0,1,2,1.456,2025-04-07,2025-04-09,TRK741895394,2025-04-10 16:00:00,30-day returns on unused goods. Signature on delivery is accepted proof of receipt.,0.0261,3,0,1,train,101
85306195709f,cust_62930,high_velocity_attack,unauthorized,travel,15526.13,1,0,0,1.0,0.0,74,0,6,10,3.121,2025-08-10,2025-08-20,TRK201666449,2025-08-11 21:00:00,Cancellations follow fare rules. 3DS-authenticated bookings are treated as cardholder-present.,0.0141,7,1,1,train,101
90093a0111fc,cust_95822,friendly_fraud_long_tenure,not_as_described,subscriptions,10992.23,1,0,1,0.0,0.0,438,0,1,35,0.47,2025-08-05,2025-09-09,TRK652977395,2025-08-08 13:00:00,First billing cycle may be refunded; subsequent cycles require unused-period evidence.,0.1606,7,0,0,train,101
12e50c3af558,cust_22777,friendly_fraud_long_tenure,item_not_received,fashion,8460.9,1,1,1,0.0,0.0,831,3,3,27,2.033,2025-02-16,2025-03-15,TRK294587789,2025-02-17 19:00:00,7-day exchange window. Delivery photo and tracking are retained for 180 days.,-0.0125,1,0,1,train,101
30f0292d1157,cust_75412,unauthorized_3ds,unauthorized,digital_goods,9296.05,0,0,1,1.0,0.0,126,0,1,25,0.717,2025-03-19,2025-04-13,,,Digital items are non-refundable after delivery to the registered account.,-0.1109,2,0,1,train,101
5ae742bc5f3d,cust_17924,high_velocity_attack,unauthorized,digital_goods,6524.17,0,0,0,0.0,,9,0,14,2,2.832,2025-09-20,2025-09-22,,,Digital items are non-refundable after delivery to the registered account.,0.1041,8,0,0,train,101
d75a49cc28c4,cust_30191,no_evidence,unauthorized,ecommerce,9578.66,1,0,0,0.0,0.0,1,2,1,54,1.305,2025-06-24,2025-08-17,TRK756209656,2025-06-25 03:00:00,30-day returns on unused goods. Signature on delivery is accepted proof of receipt.,-0.0442,5,0,0,train,101
969f5e7190f3,cust_98330,inr_delivery_confirmed,item_not_received,ecommerce,1896.68,1,0,1,1.0,1.0,429,1,1,9,0.636,2025-08-25,2025-09-03,TRK902112411,2025-08-28 05:00:00,30-day returns on unused goods. Signature on delivery is accepted proof of receipt.,0.0365,7,0,1,train,101
dec4d6d9bc7e,cust_98017,inr_delivery_confirmed,item_not_received,grocery,2477.73,1,1,1,1.0,1.0,150,0,1,9,1.574,2025-06-10,2025-06-19,TRK124309189,2025-06-13 02:00:00,Perishable goods are non-returnable after delivery confirmation.,-0.1578,5,0,1,train,101
8c9c458558e0,cust_24447,high_velocity_attack,unauthorized,travel,1095.19,0,0,0,0.0,0.0,26,1,9,9,2.876,2025-06-11,2025-06-20,,,Cancellations follow fare rules. 3DS-authenticated bookings are treated as cardholder-present.,0.1284,5,1,1,train,101
4b57a4bfa82b,cust_66965,unauthorized_3ds,unauthorized,digital_goods,3249.18,1,1,0,1.0,0.0,906,0,1,24,0.959,2025-04-27,2025-05-21,TRK631770857,2025-04-27 18:00:00,Digital items are non-refundable after delivery to the registered account.,0.1966,3,0,1,train,101
52f1411ee7f4,cust_38432,inr_delivery_confirmed,item_not_received,fashion,3318.48,1,1,0,1.0,1.0,262,1,1,27,0.499,2025-08-04,2025-08-31,TRK311583180,2025-08-05 06:00:00,7-day exchange window. Delivery photo and tracking are retained for 180 days.,0.0157,7,0,1,train,101
42c5830f7947,cust_77919,unauthorized_3ds,unauthorized,digital_goods,9412.82,0,1,1,1.0,,277,0,3,3,1.251,2025-05-19,2025-05-22,,,Digital items are non-refundable after delivery to the registered account.,-0.048,4,0,0,train,101
e48dfb270968,cust_39862,no_evidence,item_not_received,ecommerce,3372.91,0,0,0,0.0,0.0,37,2,2,34,1.464,2025-04-27,2025-05-31,,,30-day returns on unused goods. Signature on delivery is accepted proof of receipt.,-0.0553,3,0,1,train,101
700166eb3bef,cust_47360,inr_delivery_confirmed,item_not_received,fashion,1357.83,1,0,1,1.0,1.0,356,0,1,10,0.82,2025-07-09,2025-07-19,TRK348629847,2025-07-12 02:00:00,7-day exchange window. Delivery photo and tracking are retained for 180 days.,0.1926,6,0,1,train,101
080451f48be7,cust_93440,inr_delivery_confirmed,item_not_received,grocery,2108.05,1,1,0,1.0,1.0,493,0,1,16,1.055,2025-09-14,2025-09-30,TRK678371914,2025-09-16 10:00:00,Perishable goods are non-returnable after delivery confirmation.,0.0025,8,0,1,train,101
23ad7ca43dc9,cust_22089,friendly_fraud_long_tenure,unauthorized,fashion,2162.89,1,1,0,0.0,0.0,1484,1,2,7,2.15,2025-08-29,2025-09-05,TRK471838782,2025-08-30 10:00:00,7-day exchange window. Delivery photo and tracking are retained for 180 days.,0.2026,8,0,1,train,101
a11ad86c9d12,cust_26325,friendly_fraud_long_tenure,not_as_described,digital_goods,7664.3,0,0,1,,0.0,682,3,4,30,2.147,2025-09-06,2025-10-06,,,Digital items are non-refundable after delivery to the registered account.,0.0463,8,0,0,train,101
893cb8e0cc8e,cust_65499,inr_delivery_confirmed,item_not_received,fashion,5483.66,0,0,1,1.0,0.0,1005,0,2,12,0.597,2025-05-20,2025-06-01,,,7-day exchange window. Delivery photo and tracking are retained for 180 days.,-0.0225,4,0,1,train,101
44bce28c25a7,cust_44606,no_evidence,not_as_described,ecommerce,2301.99,0,0,1,0.0,1.0,342,1,1,29,2.594,2025-05-18,2025-06-16,,,30-day returns on unused goods. Signature on delivery is accepted proof of receipt.,-0.1918,4,0,0,train,101
4fbccaa82f87,cust_68014,unauthorized_3ds,unauthorized,digital_goods,3143.65,0,0,0,0.0,1.0,130,2,1,11,1.198,2025-04-11,2025-04-22,,,Digital items are non-refundable after delivery to the registered account.,0.0511,3,1,0,train,101
2473b9da4f99,cust_13890,inr_delivery_confirmed,item_not_received,ecommerce,2937.53,1,1,1,1.0,1.0,111,1,2,14,0.617,2025-07-04,2025-07-18,TRK232175490,2025-07-05 14:00:00,30-day returns on unused goods. Signature on delivery is accepted proof of receipt.,-0.0899,6,0,1,train,101
cc98122d3528,cust_43673,high_velocity_attack,unauthorized,digital_goods,1987.86,1,0,0,1.0,0.0,0,0,8,8,2.066,2025-03-25,2025-04-02,TRK922386495,2025-03-27 23:00:00,Digital items are non-refundable after delivery to the registered account.,-0.1023,2,0,1,train,101
5f9610e92678,cust_16122,unauthorized_3ds,unauthorized,travel,1073.41,1,1,1,1.0,1.0,707,0,2,20,0.583,2025-05-18,2025-06-07,TRK876078502,2025-05-18 22:00:00,Cancellations follow fare rules. 3DS-authenticated bookings are treated as cardholder-present.,-0.0122,4,0,1,train,101
8c2cb44072e0,cust_65779,inr_delivery_confirmed,item_not_received,grocery,2501.1,1,0,1,1.0,0.0,220,1,1,2,1.23,2025-09-23,2025-09-25,TRK604765186,2025-09-26 05:00:00,Perishable goods are non-returnable after delivery confirmation.,0.0269,8,0,0,train,101
9b087a261216,cust_92192,inr_delivery_confirmed,item_not_received,ecommerce,1280.49,1,1,1,1.0,1.0,530,0,1,42,1.401,2025-07-14,2025-08-25,TRK337533220,2025-07-14 20:00:00,30-day returns on unused goods. Signature on delivery is accepted proof of receipt.,-0.2509,6,0,1,train,101
b77890152d33,cust_41281,unauthorized_3ds,unauthorized,ecommerce,4602.63,1,1,1,1.0,1.0,14,0,2,9,,2025-04-20,2025-04-29,TRK123714029,2025-04-22 21:00:00,30-day returns on unused goods. Signature on delivery is accepted proof of receipt.,-0.0282,3,0,0,train,101
e20a8706a418,cust_88422,inr_delivery_confirmed,item_not_received,ecommerce,3362.6,1,1,1,1.0,1.0,909,0,2,15,1.332,2025-03-19,2025-04-03,TRK552619296,2025-03-20 04:00:00,30-day returns on unused goods. Signature on delivery is accepted proof of receipt.,-0.0427,2,0,0,train,101
7a9745c1506a,cust_66455,unauthorized_3ds,unauthorized,ecommerce,5238.2,1,1,1,1.0,0.0,626,0,1,1,1.216,2025-03-13,2025-03-14,TRK222043807,2025-03-14 19:00:00,30-day returns on unused goods. Signature on delivery is accepted proof of receipt.,0.0554,2,0,1,train,101
c9f5e4c9a231,cust_40834,friendly_fraud_long_tenure,unauthorized,subscriptions,1989.04,1,0,0,1.0,,794,3,2,15,0.221,2025-06-20,2025-07-05,TRK748518883,2025-06-21 20:00:00,First billing cycle may be refunded; subsequent cycles require unused-period evidence.,-0.0363,5,0,1,train,101
dcf7da59fe9e,cust_70629,unauthorized_3ds,unauthorized,travel,3060.09,0,1,1,1.0,0.0,538,0,3,17,0.755,2025-06-18,2025-07-05,,,Cancellations follow fare rules. 3DS-authenticated bookings are treated as cardholder-present.,0.1715,5,0,1,train,101
8e0a7e9836ba,cust_59761,unauthorized_3ds,unauthorized,ecommerce,5275.31,1,1,1,1.0,0.0,514,0,3,1,0.338,2025-05-20,2025-05-21,TRK180884722,2025-05-22 03:00:00,30-day returns on unused goods. Signature on delivery is accepted proof of receipt.,0.2076,4,0,0,train,101
4d16bb537f70,cust_76813,unauthorized_3ds,unauthorized,ecommerce,4875.58,1,1,0,1.0,1.0,14,1,1,2,1.21,2025-06-05,2025-06-07,TRK585551899,2025-06-05 19:00:00,30-day returns on unused goods. Signature on delivery is accepted proof of receipt.,0.2662,5,0,0,train,101
8ed86e9330e2,cust_67148,inr_delivery_confirmed,item_not_received,grocery,1299.71,0,1,1,1.0,0.0,1217,0,1,9,1.366,2025-02-01,2025-02-10,,,Perishable goods are non-returnable after delivery confirmation.,-0.012,1,0,1,train,101
6ff6adf31611,cust_23818,unauthorized_3ds,unauthorized,ecommerce,2511.2,0,1,1,0.0,1.0,184,1,1,15,1.308,2025-02-08,2025-02-23,,,30-day returns on unused goods. Signature on delivery is accepted proof of receipt.,0.1652,1,0,1,train,101
f2facffd9b6b,cust_80374,no_evidence,not_as_described,digital_goods,11885.43,0,0,0,0.0,0.0,0,0,2,53,1.2,2025-05-01,2025-06-23,,,Digital items are non-refundable after delivery to the registered account.,-0.1056,4,0,0,train,101
7dc3ace513b3,cust_40421,unauthorized_3ds,unauthorized,travel,424.6,0,1,0,1.0,0.0,797,0,1,5,0.792,2025-08-13,2025-08-18,,,Cancellations follow fare rules. 3DS-authenticated bookings are treated as cardholder-present.,0.0501,7,0,0,train,101
c5200f3ba05f,cust_77615,unauthorized_3ds,unauthorized,digital_goods,6886.24,0,1,1,0.0,1.0,196,1,1,1,1.559,2025-07-10,2025-07-11,,,Digital items are non-refundable after delivery to the registered account.,0.0325,6,0,1,train,101
67dffc0e9035,cust_87619,unauthorized_3ds,unauthorized,travel,2394.87,1,1,0,1.0,0.0,14,1,3,4,0.84,2025-06-15,2025-06-19,TRK436522428,2025-06-16 02:00:00,Cancellations follow fare rules. 3DS-authenticated bookings are treated as cardholder-present.,-0.0376,5,1,1,train,101
f6fc0ccaf792,cust_15088,no_evidence,not_as_described,digital_goods,4450.68,0,0,0,0.0,0.0,35,0,1,12,1.14,2025-02-17,2025-03-01,,,Digital items are non-refundable after delivery to the registered account.,0.129,1,0,0,train,101
0a10ca39389c,cust_96219,friendly_fraud_long_tenure,unauthorized,fashion,4108.17,0,0,1,0.0,0.0,751,1,1,14,2.38,2025-03-20,2025-04-03,,,7-day exchange window. Delivery photo and tracking are retained for 180 days.,-0.0846,2,0,0,train,101
02e8dfda37a9,cust_55934,inr_delivery_confirmed,item_not_received,grocery,5728.08,1,1,1,0.0,1.0,761,0,1,23,,2025-03-13,2025-04-05,TRK434727237,2025-03-16 22:00:00,Perishable goods are non-returnable after delivery confirmation.,0.0812,2,0,1,train,101
5feccc71d5f1,cust_14122,friendly_fraud_long_tenure,item_not_received,digital_goods,1600.03,1,1,1,1.0,,783,4,2,29,1.259,2025-04-08,2025-05-07,TRK937419498,2025-04-09 12:00:00,Digital items are non-refundable after delivery to the registered account.,0.1854,3,0,1,train,101
6cb6a662aa09,cust_57056,high_velocity_attack,unauthorized,ecommerce,1327.2,0,0,1,0.0,0.0,35,0,12,5,,2025-09-22,2025-09-27,,,30-day returns on unused goods. Signature on delivery is accepted proof of receipt.,-0.083,8,0,0,train,101
3f2c16cc0904,cust_11777,friendly_fraud_long_tenure,unauthorized,subscriptions,7315.29,1,1,0,1.0,0.0,971,1,1,13,1.161,2025-09-25,2025-10-08,TRK421571786,2025-09-25 19:00:00,First billing cycle may be refunded; subsequent cycles require unused-period evidence.,-0.0547,8,0,1,train,101
29a2097f8ae4,cust_66505,inr_delivery_confirmed,item_not_received,grocery,7300.08,1,0,1,1.0,0.0,1265,0,1,18,0.1,2025-08-03,2025-08-21,TRK428662932,2025-08-04 18:00:00,Perishable goods are non-returnable after delivery confirmation.,0.0379,7,0,1,train,101
e33c5a1e571d,cust_82853,no_evidence,item_not_received,services,2677.88,0,0,0,,1.0,101,0,4,30,1.923,2025-02-27,2025-03-29,,,Service completion notes and customer confirmation emails are retained.,0.0617,1,0,0,train,101
297578c3f857,cust_63002,inr_delivery_confirmed,item_not_received,ecommerce,6418.26,1,1,1,1.0,1.0,227,2,2,25,0.852,2025-07-07,2025-08-01,TRK142076509,2025-07-10 21:00:00,30-day returns on unused goods. Signature on delivery is accepted proof of receipt.,0.0565,6,0,0,train,101
5820881c1557,cust_68707,friendly_fraud_long_tenure,item_not_received,digital_goods,7268.93,0,0,0,1.0,0.0,992,1,1,45,,2025-04-20,2025-06-04,,,Digital items are non-refundable after delivery to the registered account.,-0.1443,3,0,0,train,101
b3a632a26307,cust_41445,high_velocity_attack,unauthorized,travel,2874.48,1,0,0,1.0,0.0,73,0,7,3,2.139,2025-05-16,2025-05-19,TRK490315610,2025-05-18 07:00:00,Cancellations follow fare rules. 3DS-authenticated bookings are treated as cardholder-present.,0.1598,4,0,0,train,101
c103d0de2e1d,cust_95110,high_velocity_attack,unauthorized,travel,1867.54,0,0,0,0.0,1.0,54,0,5,8,2.197,2025-04-07,2025-04-15,,,Cancellations follow fare rules. 3DS-authenticated bookings are treated as cardholder-present.,0.1244,3,0,0,train,101
86186cac2ea5,cust_19618,friendly_fraud_long_tenure,item_not_received,subscriptions,2624.5,0,0,1,0.0,,1287,3,1,14,2.204,2025-08-24,2025-09-07,,,First billing cycle may be refunded; subsequent cycles require unused-period evidence.,-0.0063,7,0,0,train,101
4f0e4cb6bb80,cust_49529,high_velocity_attack,unauthorized,ecommerce,612.12,0,0,0,0.0,0.0,0,1,8,1,0.1,2025-05-01,2025-05-02,,,30-day returns on unused goods. Signature on delivery is accepted proof of receipt.,0.0669,4,0,1,train,101
be2935a32614,cust_31128,inr_delivery_confirmed,item_not_received,grocery,3177.61,1,1,1,1.0,1.0,611,0,2,23,1.337,2025-02-05,2025-02-28,TRK805204515,2025-02-07 09:00:00,Perishable goods are non-returnable after delivery confirmation.,0.0251,1,0,1,train,101
09e02fdbc80c,cust_18979,high_velocity_attack,unauthorized,digital_goods,1567.64,0,0,1,1.0,0.0,103,1,7,2,3.287,2025-02-01,2025-02-03,,,Digital items are non-refundable after delivery to the registered account.,-0.0205,1,0,1,train,101
81f171c22a95,cust_40498,no_evidence,item_not_received,digital_goods,1479.06,0,0,0,,0.0,187,0,1,70,0.514,2025-07-22,2025-09-30,,,Digital items are non-refundable after delivery to the registered account.,0.0131,6,0,0,train,101
4c179412653d,cust_91281,no_evidence,not_as_described,services,597.11,0,0,0,0.0,0.0,0,0,2,18,0.1,2025-05-11,2025-05-29,,,Service completion notes and customer confirmation emails are retained.,-0.1971,4,0,0,train,101
d3db0a0483a1,cust_25772,unauthorized_3ds,unauthorized,ecommerce,10290.32,1,1,1,1.0,0.0,338,1,3,6,1.238,2025-08-22,2025-08-28,TRK726648920,2025-08-25 18:00:00,30-day returns on unused goods. Signature on delivery is accepted proof of receipt.,-0.1969,7,0,0,train,101
7831270f27a0,cust_85269,inr_delivery_confirmed,item_not_received,grocery,1787.68,1,1,1,1.0,1.0,497,0,2,15,0.874,2025-03-21,2025-04-05,TRK228907201,2025-03-24 02:00:00,Perishable goods are non-returnable after delivery confirmation.,0.0361,2,1,0,train,101
69b99a0e4d4b,cust_84870,inr_delivery_confirmed,item_not_received,grocery,2292.65,1,1,0,,1.0,256,2,1,43,0.899,2025-08-10,2025-09-22,TRK818323804,2025-08-13 00:00:00,Perishable goods are non-returnable after delivery confirmation.,0.0814,7,0,1,train,101
26233497084a,cust_25273,friendly_fraud_long_tenure,not_as_described,subscriptions,8053.6,0,1,1,1.0,1.0,579,3,1,26,1.017,2025-09-04,2025-09-30,,,First billing cycle may be refunded; subsequent cycles require unused-period evidence.,0.0351,8,0,0,train,101
9aa55ee2c496,cust_42624,high_velocity_attack,unauthorized,digital_goods,441.15,0,0,0,,0.0,68,0,7,11,2.551,2025-04-05,2025-04-16,,,Digital items are non-refundable after delivery to the registered account.,-0.1255,3,0,0,train,101
383f04d84734,cust_76123,friendly_fraud_long_tenure,unauthorized,fashion,2811.5,0,0,1,1.0,1.0,859,1,3,20,2.543,2025-02-04,2025-02-24,,,7-day exchange window. Delivery photo and tracking are retained for 180 days.,0.0471,1,0,0,train,101
ccc8c8d5b91c,cust_56544,friendly_fraud_long_tenure,not_as_described,subscriptions,11217.65,0,1,1,1.0,1.0,1227,2,1,11,1.405,2025-06-24,2025-07-05,,,First billing cycle may be refunded; subsequent cycles require unused-period evidence.,0.188,5,0,1,train,101
e4b82b01a4a7,cust_47843,no_evidence,not_as_described,services,2401.73,0,0,0,0.0,0.0,38,1,2,5,2.481,2025-07-24,2025-07-29,,,Service completion notes and customer confirmation emails are retained.,-0.0823,6,0,0,train,101
8a48b6c2f19f,cust_67852,unauthorized_3ds,unauthorized,travel,2662.32,1,0,1,1.0,1.0,514,1,1,3,1.503,2025-06-04,2025-06-07,TRK905182675,2025-06-07 11:00:00,Cancellations follow fare rules. 3DS-authenticated bookings are treated as cardholder-present.,0.0329,5,0,1,train,101
270bc835f9b3,cust_24061,inr_delivery_confirmed,item_not_received,grocery,2546.96,1,0,1,1.0,0.0,470,1,4,6,1.383,2025-04-15,2025-04-21,TRK367461231,2025-04-16 00:00:00,Perishable goods are non-returnable after delivery confirmation.,0.1391,3,0,1,train,101
c841f185d7ae,cust_21639,high_velocity_attack,unauthorized,ecommerce,1332.87,0,0,0,0.0,0.0,0,0,12,1,0.1,2025-05-22,2025-05-23,,,30-day returns on unused goods. Signature on delivery is accepted proof of receipt.,-0.0621,4,0,0,train,101
3c8e93837f77,cust_32912,unauthorized_3ds,unauthorized,travel,2892.04,1,1,1,1.0,0.0,14,0,2,26,1.031,2025-06-18,2025-07-14,TRK291898453,2025-06-20 20:00:00,Cancellations follow fare rules. 3DS-authenticated bookings are treated as cardholder-present.,-0.0574,5,0,1,train,101
895636bf5e8c,cust_13764,inr_delivery_confirmed,item_not_received,fashion,5079.85,1,1,1,1.0,,556,2,1,25,0.926,2025-06-19,2025-07-14,TRK979164200,2025-06-21 17:00:00,7-day exchange window. Delivery photo and tracking are retained for 180 days.,0.0318,5,1,0,train,101
7e8a90669c59,cust_88696,unauthorized_3ds,unauthorized,ecommerce,6785.2,1,1,1,0.0,1.0,695,0,1,1,0.435,2025-08-22,2025-08-23,TRK561626235,2025-08-24 17:00:00,30-day returns on unused goods. Signature on delivery is accepted proof of receipt.,0.0652,7,0,0,train,101
1d2ab6f5dfaa,cust_76476,no_evidence,unauthorized,digital_goods,2145.55,0,0,0,0.0,0.0,0,3,1,29,1.455,2025-07-13,2025-08-11,,,Digital items are non-refundable after delivery to the registered account.,-0.0014,6,0,0,train,101
efafe160605c,cust_41401,high_velocity_attack,unauthorized,digital_goods,1019.63,0,0,1,1.0,0.0,52,0,7,14,2.678,2025-02-02,2025-02-16,,,Digital items are non-refundable after delivery to the registered account.,-0.0255,1,0,0,train,101
dab56b995500,cust_15935,no_evidence,not_as_described,digital_goods,2710.71,1,0,0,1.0,0.0,187,3,2,31,0.864,2025-08-04,2025-09-04,TRK580172183,2025-08-04 18:00:00,Digital items are non-refundable after delivery to the registered account.,0.0117,7,0,0,train,101
96bfec0ac207,cust_57441,unauthorized_3ds,unauthorized,travel,4272.2,1,1,1,,1.0,14,0,1,1,0.585,2025-07-21,2025-07-22,TRK878723126,2025-07-22 10:00:00,Cancellations follow fare rules. 3DS-authenticated bookings are treated as cardholder-present.,-0.0062,6,0,0,train,101
efad14c58c81,cust_39370,friendly_fraud_long_tenure,unauthorized,ecommerce,2362.27,0,0,1,1.0,,696,2,1,17,0.534,2025-03-16,2025-04-02,,,30-day returns on unused goods. Signature on delivery is accepted proof of receipt.,-0.0258,2,0,0,train,101
f1a03a504170,cust_40817,high_velocity_attack,unauthorized,ecommerce,1448.91,0,0,0,,0.0,77,0,7,8,1.885,2025-08-07,2025-08-15,,,30-day returns on unused goods. Signature on delivery is accepted proof of receipt.,-0.1526,7,0,0,train,101
de39f078b84d,cust_26647,unauthorized_3ds,unauthorized,travel,1748.33,0,1,1,1.0,,247,0,2,23,0.386,2025-04-07,2025-04-30,,,Cancellations follow fare rules. 3DS-authenticated bookings are treated as cardholder-present.,-0.1081,3,0,1,train,101
42e2dc4566cf,cust_34216,unauthorized_3ds,unauthorized,ecommerce,2777.44,0,1,1,1.0,,403,0,1,10,0.969,2025-08-18,2025-08-28,,,30-day returns on unused goods. Signature on delivery is accepted proof of receipt.,0.0368,7,0,1,train,101
5f422f824894,cust_36577,unauthorized_3ds,unauthorized,ecommerce,10824.77,1,0,1,1.0,1.0,311,0,1,11,0.954,2025-02-20,2025-03-03,TRK625916829,2025-02-21 20:00:00,30-day returns on unused goods. Signature on delivery is accepted proof of receipt.,-0.1072,1,0,0,train,101
497243d8165c,cust_60928,inr_delivery_confirmed,item_not_received,fashion,3402.76,1,0,0,1.0,0.0,336,1,3,18,0.709,2025-07-13,2025-07-31,TRK309435684,2025-07-16 10:00:00,7-day exchange window. Delivery photo and tracking are retained for 180 days.,-0.0695,6,0,1,train,101
689f7bea6921,cust_38960,unauthorized_3ds,unauthorized,digital_goods,3830.71,0,1,0,0.0,,403,0,1,1,1.462,2025-09-10,2025-09-11,,,Digital items are non-refundable after delivery to the registered account.,-0.1099,8,0,1,train,101
435333752941,cust_63855,friendly_fraud_long_tenure,not_as_described,ecommerce,1848.43,1,1,1,0.0,1.0,1068,2,1,40,1.371,2025-08-24,2025-10-03,TRK728336304,2025-08-27 09:00:00,30-day returns on unused goods. Signature on delivery is accepted proof of receipt.,-0.0642,7,0,0,train,101
54af55f946b1,cust_19652,inr_delivery_confirmed,item_not_received,grocery,1093.02,1,0,1,1.0,1.0,533,0,1,22,0.831,2025-09-22,2025-10-14,TRK810518409,2025-09-25 23:00:00,Perishable goods are non-returnable after delivery confirmation.,-0.0744,8,0,0,train,101
f684f12009e5,cust_98750,no_evidence,not_as_described,ecommerce,2928.93,0,0,0,1.0,0.0,24,3,3,40,1.717,2025-03-18,2025-04-27,,,30-day returns on unused goods. Signature on delivery is accepted proof of receipt.,-0.0243,2,1,1,train,101
e9899565eb65,cust_18227,friendly_fraud_long_tenure,unauthorized,digital_goods,4866.59,0,1,1,1.0,0.0,509,0,2,28,2.618,2025-03-04,2025-04-01,,,Digital items are non-refundable after delivery to the registered account.,-0.0363,2,0,1,train,101
59a7b1f314f0,cust_70153,friendly_fraud_long_tenure,not_as_described,fashion,2687.17,0,1,0,,0.0,180,2,1,13,2.095,2025-04-20,2025-05-03,,,7-day exchange window. Delivery photo and tracking are retained for 180 days.,0.0669,3,0,0,train,101
b37454034d56,cust_25225,unauthorized_3ds,unauthorized,digital_goods,5437.9,1,1,1,1.0,0.0,1003,1,1,11,1.235,2025-06-23,2025-07-04,TRK910498178,2025-06-24 03:00:00,Digital items are non-refundable after delivery to the registered account.,0.1857,5,1,0,train,101
5534e8722795,cust_65099,unauthorized_3ds,unauthorized,travel,7453.83,0,1,1,1.0,1.0,714,1,1,3,0.156,2025-05-11,2025-05-14,,,Cancellations follow fare rules. 3DS-authenticated bookings are treated as cardholder-present.,-0.1043,4,0,0,train,101
3980e1059478,cust_84311,unauthorized_3ds,unauthorized,digital_goods,3140.06,1,1,1,1.0,0.0,120,0,1,3,1.56,2025-09-16,2025-09-19,TRK103486484,2025-09-18 21:00:00,Digital items are non-refundable after delivery to the registered account.,0.0078,8,0,0,train,101
c6e362377476,cust_16721,friendly_fraud_long_tenure,item_not_received,digital_goods,2802.88,1,0,1,,1.0,449,1,1,17,1.64,2025-07-04,2025-07-21,TRK753837197,2025-07-07 02:00:00,Digital items are non-refundable after delivery to the registered account.,-0.05,6,0,0,train,101
5dfed1deccd4,cust_96289,friendly_fraud_long_tenure,item_not_received,subscriptions,4801.01,1,1,0,0.0,1.0,1068,1,3,21,1.263,2025-09-24,2025-10-15,TRK392981877,2025-09-27 18:00:00,First billing cycle may be refunded; subsequent cycles require unused-period evidence.,0.0749,8,0,1,train,101
6c09d73f206f,cust_11719,high_velocity_attack,unauthorized,digital_goods,809.58,1,0,0,0.0,0.0,0,0,5,10,0.1,2025-04-04,2025-04-14,TRK199164215,2025-04-07 05:00:00,Digital items are non-refundable after delivery to the registered account.,0.1409,3,0,0,train,101
3c7d54a6063a,cust_95263,unauthorized_3ds,unauthorized,travel,2525.79,0,0,1,1.0,0.0,242,1,1,14,1.564,2025-08-30,2025-09-13,,,Cancellations follow fare rules. 3DS-authenticated bookings are treated as cardholder-present.,0.0398,8,0,1,train,101
2378df48ee91,cust_20288,inr_delivery_confirmed,item_not_received,ecommerce,1702.92,1,0,1,1.0,1.0,477,0,1,38,1.129,2025-04-25,2025-06-02,TRK755079803,2025-04-28 04:00:00,30-day returns on unused goods. Signature on delivery is accepted proof of receipt.,-0.1018,3,0,0,train,101
43f68f966236,cust_39460,high_velocity_attack,unauthorized,travel,1178.47,0,0,0,,,82,0,8,1,2.871,2025-09-05,2025-09-06,,,Cancellations follow fare rules. 3DS-authenticated bookings are treated as cardholder-present.,0.088,8,0,0,train,101
02370700bcad,cust_87073,inr_delivery_confirmed,item_not_received,ecommerce,3425.97,1,0,0,0.0,1.0,185,1,1,9,1.232,2025-08-14,2025-08-23,TRK456510845,2025-08-14 18:00:00,30-day returns on unused goods. Signature on delivery is accepted proof of receipt.,-0.0012,7,0,1,train,101
1d3c60986672,cust_86509,inr_delivery_confirmed,item_not_received,grocery,3328.6,1,1,1,1.0,1.0,290,1,1,44,0.614,2025-08-15,2025-09-28,TRK712060853,2025-08-18 18:00:00,Perishable goods are non-returnable after delivery confirmation.,0.0573,7,0,0,train,101
9597a63c3c31,cust_82888,unauthorized_3ds,unauthorized,digital_goods,7633.24,1,1,0,1.0,,260,1,2,15,1.472,2025-05-12,2025-05-27,TRK837062419,2025-05-13 10:00:00,Digital items are non-refundable after delivery to the registered account.,-0.0326,4,0,1,train,101
041eb613851c,cust_70252,inr_delivery_confirmed,item_not_received,ecommerce,2061.52,1,0,1,0.0,0.0,343,0,3,8,1.202,2025-06-07,2025-06-15,TRK310107246,2025-06-10 17:00:00,30-day returns on unused goods. Signature on delivery is accepted proof of receipt.,-0.0093,5,0,1,train,101
2a270cd52bc1,cust_38325,friendly_fraud_long_tenure,not_as_described,subscriptions,29715.0,0,1,1,1.0,1.0,1354,2,3,29,1.238,2025-06-24,2025-07-23,,,First billing cycle may be refunded; subsequent cycles require unused-period evidence.,0.251,5,0,1,train,101
be7f5c002217,cust_64658,unauthorized_3ds,unauthorized,digital_goods,3626.97,1,1,1,1.0,1.0,803,0,1,11,1.56,2025-02-20,2025-03-03,TRK613062249,2025-02-23 15:00:00,Digital items are non-refundable after delivery to the registered account.,-0.031,1,0,1,train,101
f0539fec91c5,cust_70275,inr_delivery_confirmed,item_not_received,grocery,2569.63,1,0,1,1.0,1.0,587,1,1,28,1.189,2025-08-01,2025-08-29,TRK822333647,2025-08-04 20:00:00,Perishable goods are non-returnable after delivery confirmation.,-0.0344,7,0,1,train,101
81f013ea5f11,cust_73849,inr_delivery_confirmed,item_not_received,grocery,3975.92,1,1,1,1.0,1.0,657,3,1,16,1.415,2025-05-22,2025-06-07,TRK141738949,2025-05-23 00:00:00,Perishable goods are non-returnable after delivery confirmation.,-0.0433,4,0,1,train,101
e6e4e6154ae9,cust_47873,friendly_fraud_long_tenure,unauthorized,fashion,2804.16,1,0,0,1.0,1.0,588,4,1,29,2.175,2025-04-21,2025-05-20,TRK819061318,2025-04-23 12:00:00,7-day exchange window. Delivery photo and tracking are retained for 180 days.,0.0214,3,0,0,train,101
a28b1c969726,cust_98664,inr_delivery_confirmed,item_not_received,grocery,7116.52,1,1,0,1.0,0.0,804,0,1,36,1.021,2025-04-13,2025-05-19,TRK171479813,2025-04-14 23:00:00,Perishable goods are non-returnable after delivery confirmation.,0.0358,3,0,0,train,101
4f42c6963fe6,cust_26142,inr_delivery_confirmed,item_not_received,fashion,6083.72,1,0,0,1.0,0.0,849,0,1,30,1.035,2025-02-23,2025-03-25,TRK971326190,2025-02-25 15:00:00,7-day exchange window. Delivery photo and tracking are retained for 180 days.,0.0405,1,0,0,train,101
8153dad6b16c,cust_84723,no_evidence,item_not_received,ecommerce,7869.26,0,0,0,0.0,0.0,115,0,1,36,1.247,2025-07-31,2025-09-05,,,30-day returns on unused goods. Signature on delivery is accepted proof of receipt.,0.2242,7,0,0,train,101
3edcd324687f,cust_15133,unauthorized_3ds,unauthorized,ecommerce,4657.4,1,1,1,0.0,1.0,668,1,3,3,0.808,2025-02-15,2025-02-18,TRK273165485,2025-02-17 19:00:00,30-day returns on unused goods. Signature on delivery is accepted proof of receipt.,-0.1325,1,1,0,train,101
5b21047900f2,cust_84625,inr_delivery_confirmed,item_not_received,grocery,3320.5,1,1,1,0.0,1.0,337,1,1,25,0.92,2025-07-27,2025-08-21,TRK477376710,2025-07-28 06:00:00,Perishable goods are non-returnable after delivery confirmation.,-0.1665,6,0,1,train,101
abd787d1d302,cust_87806,no_evidence,not_as_described,digital_goods,5418.57,1,0,0,0.0,0.0,0,1,1,19,0.859,2025-09-05,2025-09-24,TRK300305804,2025-09-07 15:00:00,Digital items are non-refundable after delivery to the registered account.,-0.0818,8,0,0,train,101
2a26557971b3,cust_81405,high_velocity_attack,unauthorized,ecommerce,890.32,1,0,0,,0.0,99,0,10,6,1.551,2025-02-15,2025-02-21,TRK627537275,2025-02-16 08:00:00,30-day returns on unused goods. Signature on delivery is accepted proof of receipt.,0.0305,1,0,1,train,101
c3c51b06cd4c,cust_57678,unauthorized_3ds,unauthorized,digital_goods,5128.03,0,1,0,0.0,0.0,233,0,1,1,,2025-04-20,2025-04-21,,,Digital items are non-refundable after delivery to the registered account.,-0.1295,3,0,1,train,101
b48cc26b3d80,cust_12815,friendly_fraud_long_tenure,item_not_received,subscriptions,3778.39,0,1,1,1.0,,1886,3,1,21,1.136,2025-03-29,2025-04-19,,,First billing cycle may be refunded; subsequent cycles require unused-period evidence.,-0.0288,2,0,0,train,101
7a1a174c2895,cust_47751,high_velocity_attack,unauthorized,digital_goods,2565.88,0,0,0,0.0,0.0,21,1,9,5,3.423,2025-07-24,2025-07-29,,,Digital items are non-refundable after delivery to the registered account.,-0.1167,6,0,1,train,101
f72343a2edaa,cust_37856,no_evidence,unauthorized,services,4420.75,0,0,1,1.0,0.0,0,0,5,66,1.785,2025-07-25,2025-09-29,,,Service completion notes and customer confirmation emails are retained.,0.2321,6,0,0,train,101
0cf972c4585c,cust_16860,friendly_fraud_long_tenure,item_not_received,subscriptions,3417.4,0,0,0,1.0,0.0,1132,3,2,28,1.844,2025-07-10,2025-08-07,,,First billing cycle may be refunded; subsequent cycles require unused-period evidence.,0.0211,6,0,0,train,101
2301fd2b410d,cust_31703,friendly_fraud_long_tenure,not_as_described,digital_goods,2660.53,0,0,1,0.0,0.0,993,3,3,22,0.818,2025-02-02,2025-02-24,,,Digital items are non-refundable after delivery to the registered account.,0.1576,1,0,0,train,101
d05d2cedfb58,cust_84743,high_velocity_attack,unauthorized,ecommerce,2740.85,1,1,0,0.0,1.0,58,0,4,6,2.268,2025-05-02,2025-05-08,TRK400935672,2025-05-05 14:00:00,30-day returns on unused goods. Signature on delivery is accepted proof of receipt.,0.0014,4,0,1,train,101
19ca1bf939e8,cust_11616,high_velocity_attack,unauthorized,ecommerce,929.82,1,0,0,0.0,0.0,0,0,7,5,2.156,2025-05-24,2025-05-29,TRK111514110,2025-05-25 20:00:00,30-day returns on unused goods. Signature on delivery is accepted proof of receipt.,-0.0549,4,0,0,train,101
00aa59d51bbe,cust_26137,unauthorized_3ds,unauthorized,ecommerce,4550.53,1,1,0,1.0,,678,1,1,8,0.887,2025-05-02,2025-05-10,TRK922082950,2025-05-03 00:00:00,30-day returns on unused goods. Signature on delivery is accepted proof of receipt.,0.0639,4,0,1,train,101
f5e6a2e32af8,cust_92115,no_evidence,item_not_received,digital_goods,3072.93,0,0,0,0.0,0.0,0,1,3,35,0.934,2025-02-17,2025-03-24,,,Digital items are non-refundable after delivery to the registered account.,-0.1056,1,0,0,train,101
617adad1193a,cust_62230,friendly_fraud_long_tenure,item_not_received,subscriptions,7108.54,1,1,1,,1.0,687,0,1,20,0.74,2025-08-08,2025-08-28,TRK218686744,2025-08-09 05:00:00,First billing cycle may be refunded; subsequent cycles require unused-period evidence.,0.2402,7,0,1,train,101
a9a2d538fbab,cust_32551,high_velocity_attack,unauthorized,digital_goods,1427.07,1,0,0,1.0,0.0,23,0,8,11,0.985,2025-08-13,2025-08-24,TRK568480493,2025-08-14 14:00:00,Digital items are non-refundable after delivery to the registered account.,0.2078,7,0,1,train,101
ecdaf8943ee3,cust_64065,inr_delivery_confirmed,item_not_received,grocery,1557.12,1,1,1,1.0,1.0,582,1,1,30,1.286,2025-08-15,2025-09-14,TRK824435787,2025-08-18 20:00:00,Perishable goods are non-returnable after delivery confirmation.,-0.0912,7,0,1,train,101
795a9fdb75db,cust_36416,no_evidence,unauthorized,services,4549.61,0,0,0,1.0,0.0,0,0,3,30,0.1,2025-03-28,2025-04-27,,,Service completion notes and customer confirmation emails are retained.,-0.1653,2,0,0,train,101
ca00b773cdd7,cust_19430,no_evidence,unauthorized,ecommerce,16084.78,0,0,0,1.0,0.0,202,0,3,8,1.102,2025-08-22,2025-08-30,,,30-day returns on unused goods. Signature on delivery is accepted proof of receipt.,-0.0182,7,0,1,train,101
a0c71d38f541,cust_44992,inr_delivery_confirmed,item_not_received,ecommerce,2241.83,1,1,1,1.0,0.0,558,0,1,13,0.948,2025-02-15,2025-02-28,TRK693913785,2025-02-18 20:00:00,30-day returns on unused goods. Signature on delivery is accepted proof of receipt.,-0.0343,1,0,1,train,101
2ae5e90278fa,cust_12943,friendly_fraud_long_tenure,item_not_received,digital_goods,8731.12,0,1,1,0.0,1.0,967,1,1,19,1.707,2025-03-04,2025-03-23,,,Digital items are non-refundable after delivery to the registered account.,0.0941,2,0,0,train,101
5ff88fde75b1,cust_98274,friendly_fraud_long_tenure,not_as_described,subscriptions,2896.7,1,0,1,0.0,1.0,1041,2,1,19,1.775,2025-02-25,2025-03-16,TRK129966972,2025-02-26 01:00:00,First billing cycle may be refunded; subsequent cycles require unused-period evidence.,0.1064,1,1,1,train,101
a6bc8e05dd77,cust_26061,no_evidence,not_as_described,ecommerce,3713.66,0,0,0,0.0,0.0,156,2,1,5,1.178,2025-05-04,2025-05-09,,,30-day returns on unused goods. Signature on delivery is accepted proof of receipt.,-0.2424,4,0,0,train,101
844440d471b6,cust_74429,no_evidence,not_as_described,services,2866.46,0,0,0,0.0,0.0,0,1,1,18,1.723,2025-09-13,2025-10-01,,,Service completion notes and customer confirmation emails are retained.,-0.0941,8,0,0,train,101
bf4f8e21e537,cust_54755,high_velocity_attack,unauthorized,digital_goods,2834.43,0,0,0,0.0,1.0,75,2,2,6,1.9,2025-04-14,2025-04-20,,,Digital items are non-refundable after delivery to the registered account.,0.0677,3,0,0,train,101
fb4a1bc11ecf,cust_83589,unauthorized_3ds,unauthorized,digital_goods,8015.03,0,1,1,0.0,0.0,256,2,3,11,0.764,2025-08-20,2025-08-31,,,Digital items are non-refundable after delivery to the registered account.,0.053,7,0,1,train,101
5ed59e984891,cust_68954,inr_delivery_confirmed,item_not_received,ecommerce,1713.69,1,1,0,1.0,1.0,775,0,2,51,1.012,2025-06-22,2025-08-12,TRK809063441,2025-06-24 22:00:00,30-day returns on unused goods. Signature on delivery is accepted proof of receipt.,0.0962,5,0,1,train,101
395cd4fb72f5,cust_56737,unauthorized_3ds,unauthorized,digital_goods,4238.22,1,1,1,1.0,0.0,14,2,1,9,1.276,2025-03-13,2025-03-22,TRK407073560,2025-03-16 13:00:00,Digital items are non-refundable after delivery to the registered account.,0.1381,2,0,0,train,101
e419054059d1,cust_41083,no_evidence,unauthorized,ecommerce,8867.7,0,1,0,0.0,0.0,162,2,2,9,0.61,2025-07-03,2025-07-12,,,30-day returns on unused goods. Signature on delivery is accepted proof of receipt.,-0.0555,6,0,0,train,101
9f5919b6bf6f,cust_90424,unauthorized_3ds,unauthorized,digital_goods,1909.03,1,1,1,0.0,1.0,536,2,1,15,0.834,2025-08-08,2025-08-23,TRK925113549,2025-08-11 14:00:00,Digital items are non-refundable after delivery to the registered account.,-0.1119,7,0,1,train,101
74781adba4a3,cust_77699,unauthorized_3ds,unauthorized,digital_goods,6828.59,0,1,1,1.0,1.0,438,0,1,2,0.607,2025-03-28,2025-03-30,,,Digital items are non-refundable after delivery to the registered account.,0.1308,2,0,0,train,101
43c1b23851e9,cust_77824,unauthorized_3ds,unauthorized,digital_goods,2367.1,1,1,1,0.0,0.0,79,0,1,2,1.389,2025-09-16,2025-09-18,TRK272588373,2025-09-19 04:00:00,Digital items are non-refundable after delivery to the registered account.,-0.0802,8,0,0,train,101
30c81d5a14ad,cust_78536,friendly_fraud_long_tenure,unauthorized,subscriptions,10979.05,0,1,1,0.0,1.0,630,0,2,16,1.2,2025-06-12,2025-06-28,,,First billing cycle may be refunded; subsequent cycles require unused-period evidence.,0.0168,5,0,0,train,101
c3a7b48953a3,cust_55284,unauthorized_3ds,unauthorized,ecommerce,2148.72,0,1,1,1.0,0.0,596,1,1,3,0.781,2025-05-27,2025-05-30,,,30-day returns on unused goods. Signature on delivery is accepted proof of receipt.,-0.0025,4,0,0,train,101
d291297385e9,cust_29688,inr_delivery_confirmed,item_not_received,grocery,1926.97,1,0,1,1.0,0.0,397,1,1,2,1.604,2025-03-10,2025-03-12,TRK966132077,2025-03-13 05:00:00,Perishable goods are non-returnable after delivery confirmation.,-0.0815,2,0,0,train,101
4802e2a6f896,cust_64200,unauthorized_3ds,unauthorized,travel,1639.76,0,1,0,1.0,1.0,226,0,1,29,0.678,2025-03-25,2025-04-23,,,Cancellations follow fare rules. 3DS-authenticated bookings are treated as cardholder-present.,-0.0782,2,0,1,train,101
53b3f053cb5d,cust_17032,friendly_fraud_long_tenure,unauthorized,digital_goods,7954.44,0,1,1,0.0,0.0,1139,2,1,20,1.002,2025-08-05,2025-08-25,,,Digital items are non-refundable after delivery to the registered account.,-0.0034,7,0,0,train,101
0f5ce9abaf36,cust_82625,friendly_fraud_long_tenure,not_as_described,digital_goods,3235.69,0,0,1,0.0,1.0,1283,2,2,30,2.194,2025-04-23,2025-05-23,,,Digital items are non-refundable after delivery to the registered account.,0.1585,3,0,1,train,101
caa25a8f6789,cust_98642,high_velocity_attack,unauthorized,ecommerce,4037.3,1,0,0,1.0,0.0,10,0,6,4,2.74,2025-03-24,2025-03-28,TRK947352684,2025-03-27 06:00:00,30-day returns on unused goods. Signature on delivery is accepted proof of receipt.,0.0371,2,0,0,train,101
f89d5790246a,cust_32863,no_evidence,unauthorized,digital_goods,4539.71,0,0,0,0.0,0.0,0,2,1,20,,2025-06-13,2025-07-03,,,Digital items are non-refundable after delivery to the registered account.,0.024,5,0,1,train,101
287383c23d70,cust_37280,unauthorized_3ds,unauthorized,digital_goods,3363.98,0,1,1,,1.0,675,0,1,5,0.655,2025-03-25,2025-03-30,,,Digital items are non-refundable after delivery to the registered account.,0.1532,2,0,0,train,101
862deb1de3a9,cust_42957,unauthorized_3ds,unauthorized,ecommerce,1221.88,1,1,1,1.0,1.0,642,0,1,14,0.874,2025-09-05,2025-09-19,TRK896042435,2025-09-08 20:00:00,30-day returns on unused goods. Signature on delivery is accepted proof of receipt.,-0.1127,8,0,0,train,101
3818176f6f37,cust_72800,inr_delivery_confirmed,item_not_received,fashion,6919.4,1,0,0,1.0,0.0,1087,0,2,27,0.862,2025-05-27,2025-06-23,TRK476425559,2025-05-29 14:00:00,7-day exchange window. Delivery photo and tracking are retained for 180 days.,0.1634,4,0,0,train,101
6b031b1136ae,cust_11661,no_evidence,not_as_described,digital_goods,2620.3,1,0,0,0.0,0.0,0,1,4,38,0.976,2025-03-23,2025-04-30,TRK490609809,2025-03-24 00:00:00,Digital items are non-refundable after delivery to the registered account.,0.0443,2,0,0,train,101
1764059b90cd,cust_31760,inr_delivery_confirmed,item_not_received,grocery,3256.46,1,0,1,1.0,1.0,88,0,1,26,0.995,2025-04-11,2025-05-07,TRK995059421,2025-04-12 06:00:00,Perishable goods are non-returnable after delivery confirmation.,-0.0871,3,0,1,train,101
22c2e3822377,cust_34388,high_velocity_attack,unauthorized,travel,1430.77,0,0,1,0.0,0.0,0,0,9,10,2.604,2025-07-12,2025-07-22,,,Cancellations follow fare rules. 3DS-authenticated bookings are treated as cardholder-present.,0.0231,6,0,0,train,101
3a904da9ca67,cust_10296,no_evidence,item_not_received,ecommerce,4942.06,1,0,0,0.0,0.0,0,0,1,35,2.383,2025-06-16,2025-07-21,TRK129794825,2025-06-19 00:00:00,30-day returns on unused goods. Signature on delivery is accepted proof of receipt.,-0.2894,5,1,1,train,101
1546aac4e8e4,cust_95090,high_velocity_attack,unauthorized,travel,1387.6,0,0,0,0.0,0.0,0,0,8,1,0.299,2025-05-09,2025-05-10,,,Cancellations follow fare rules. 3DS-authenticated bookings are treated as cardholder-present.,-0.0619,4,0,0,train,101
13a894585b98,cust_74158,unauthorized_3ds,unauthorized,ecommerce,1707.17,0,1,1,1.0,,509,0,2,28,1.465,2025-03-11,2025-04-08,,,30-day returns on unused goods. Signature on delivery is accepted proof of receipt.,-0.218,2,0,1,train,101
df47b987714c,cust_90033,high_velocity_attack,unauthorized,travel,857.57,0,1,0,0.0,0.0,121,0,4,5,1.374,2025-09-23,2025-09-28,,,Cancellations follow fare rules. 3DS-authenticated bookings are treated as cardholder-present.,-0.2167,8,0,1,train,101
214152408ed1,cust_11129,inr_delivery_confirmed,item_not_received,fashion,2226.73,1,0,1,1.0,1.0,7,1,1,17,0.899,2025-05-19,2025-06-05,TRK850573762,2025-05-20 08:00:00,7-day exchange window. Delivery photo and tracking are retained for 180 days.,0.033,4,0,0,train,101
b5435ed2f35d,cust_82062,friendly_fraud_long_tenure,not_as_described,ecommerce,1531.21,0,0,0,1.0,0.0,1481,1,1,3,1.223,2025-04-12,2025-04-15,,,30-day returns on unused goods. Signature on delivery is accepted proof of receipt.,-0.2494,3,0,1,train,101
8d225cef1ee9,cust_75707,high_velocity_attack,unauthorized,travel,2259.93,0,0,0,0.0,0.0,0,0,7,9,,2025-02-09,2025-02-18,,,Cancellations follow fare rules. 3DS-authenticated bookings are treated as cardholder-present.,-0.1123,1,0,0,train,101
5c753dd682d8,cust_58886,unauthorized_3ds,unauthorized,travel,2861.41,0,1,1,1.0,0.0,772,0,1,17,1.394,2025-03-05,2025-03-22,,,Cancellations follow fare rules. 3DS-authenticated bookings are treated as cardholder-present.,-0.011,2,0,1,train,101
d760ddbb04be,cust_39017,inr_delivery_confirmed,item_not_received,fashion,4086.44,1,1,0,1.0,1.0,387,0,1,17,0.771,2025-07-10,2025-07-27,TRK670040539,2025-07-13 14:00:00,7-day exchange window. Delivery photo and tracking are retained for 180 days.,-0.1747,6,0,1,train,101
980d6bf81f58,cust_93563,unauthorized_3ds,unauthorized,ecommerce,2113.07,1,0,0,,1.0,385,0,1,6,0.889,2025-02-20,2025-02-26,TRK687206580,2025-02-21 21:00:00,30-day returns on unused goods. Signature on delivery is accepted proof of receipt.,0.3102,1,0,0,train,101
87bd4cd65372,cust_30307,high_velocity_attack,unauthorized,ecommerce,1905.97,1,0,0,0.0,0.0,45,0,8,12,4.275,2025-03-17,2025-03-29,TRK364867915,2025-03-20 06:00:00,30-day returns on unused goods. Signature on delivery is accepted proof of receipt.,0.0247,2,1,1,train,101
6aa653f15db7,cust_12958,inr_delivery_confirmed,item_not_received,grocery,3340.42,1,0,1,1.0,1.0,765,0,1,16,0.858,2025-03-08,2025-03-24,TRK889697094,2025-03-09 17:00:00,Perishable goods are non-returnable after delivery confirmation.,-0.0009,2,0,0,train,101
1ffd2d71e2b0,cust_61598,inr_delivery_confirmed,item_not_received,ecommerce,8671.19,1,0,1,1.0,1.0,710,0,2,6,0.608,2025-05-08,2025-05-14,TRK226373846,2025-05-10 14:00:00,30-day returns on unused goods. Signature on delivery is accepted proof of receipt.,-0.256,4,0,1,train,101
c2fea3011e45,cust_83571,unauthorized_3ds,unauthorized,digital_goods,3301.63,0,1,1,0.0,1.0,1187,0,2,16,1.538,2025-04-24,2025-05-10,,,Digital items are non-refundable after delivery to the registered account.,-0.2294,3,0,1,train,101
022a50325085,cust_20699,friendly_fraud_long_tenure,not_as_described,fashion,5293.08,1,1,1,0.0,1.0,969,0,1,17,1.306,2025-07-02,2025-07-19,TRK408704165,2025-07-03 18:00:00,7-day exchange window. Delivery photo and tracking are retained for 180 days.,-0.1139,6,0,1,train,101
a450d360127c,cust_48209,friendly_fraud_long_tenure,not_as_described,fashion,3329.35,1,1,1,0.0,0.0,417,2,3,24,1.929,2025-09-22,2025-10-16,TRK809162503,2025-09-25 07:00:00,7-day exchange window. Delivery photo and tracking are retained for 180 days.,0.158,8,0,1,train,101
2380a8b685e9,cust_97353,no_evidence,item_not_received,digital_goods,2241.77,0,0,0,,0.0,325,0,5,26,1.561,2025-05-24,2025-06-19,,,Digital items are non-refundable after delivery to the registered account.,-0.2232,4,0,0,train,101
86d377d6f122,cust_87139,no_evidence,item_not_received,services,8880.6,0,0,0,,0.0,26,0,1,51,1.618,2025-06-21,2025-08-11,,,Service completion notes and customer confirmation emails are retained.,-0.0832,5,0,0,train,101
742d36088259,cust_94063,inr_delivery_confirmed,item_not_received,grocery,3369.84,1,1,1,1.0,1.0,784,0,1,26,0.695,2025-03-03,2025-03-29,TRK276837751,2025-03-06 08:00:00,Perishable goods are non-returnable after delivery confirmation.,-0.0084,2,0,1,train,101
16dcac6a16c4,cust_94157,inr_delivery_confirmed,item_not_received,ecommerce,2860.69,1,0,1,1.0,1.0,607,2,3,22,,2025-08-16,2025-09-07,TRK887233311,2025-08-17 03:00:00,30-day returns on unused goods. Signature on delivery is accepted proof of receipt.,0.024,7,0,1,train,101
3e2621ca3b90,cust_41231,no_evidence,not_as_described,digital_goods,1488.86,0,0,0,1.0,0.0,84,0,5,18,1.379,2025-03-27,2025-04-14,,,Digital items are non-refundable after delivery to the registered account.,-0.1847,2,0,0,train,101
a97696dc5601,cust_26968,friendly_fraud_long_tenure,not_as_described,digital_goods,8566.85,1,0,1,1.0,1.0,953,2,1,41,1.974,2025-02-17,2025-03-30,TRK133304333,2025-02-20 11:00:00,Digital items are non-refundable after delivery to the registered account.,-0.0296,1,0,0,train,101
aa84f872264a,cust_59811,unauthorized_3ds,unauthorized,ecommerce,4245.32,0,1,1,1.0,1.0,376,0,3,22,,2025-06-07,2025-06-29,,,30-day returns on unused goods. Signature on delivery is accepted proof of receipt.,-0.0648,5,0,1,train,101
03b2db561803,cust_88356,inr_delivery_confirmed,item_not_received,ecommerce,1562.61,1,0,1,1.0,1.0,457,0,1,10,0.807,2025-02-23,2025-03-05,TRK398416819,2025-02-23 18:00:00,30-day returns on unused goods. Signature on delivery is accepted proof of receipt.,0.0452,1,0,1,train,101
bc25415bd938,cust_93492,inr_delivery_confirmed,item_not_received,grocery,3336.82,1,1,1,1.0,1.0,772,0,1,2,1.134,2025-08-05,2025-08-07,TRK110082440,2025-08-05 19:00:00,Perishable goods are non-returnable after delivery confirmation.,0.1536,7,0,1,train,101
498aee0242ee,cust_73280,unauthorized_3ds,unauthorized,travel,4081.24,1,1,1,1.0,1.0,709,0,1,18,,2025-04-24,2025-05-12,TRK587300023,2025-04-26 17:00:00,Cancellations follow fare rules. 3DS-authenticated bookings are treated as cardholder-present.,-0.1599,3,1,0,train,101
75701ec3de53,cust_54221,unauthorized_3ds,unauthorized,digital_goods,9710.31,1,1,0,1.0,,836,1,1,4,1.1,2025-07-17,2025-07-21,TRK202631660,2025-07-18 12:00:00,Digital items are non-refundable after delivery to the registered account.,0.1765,6,0,0,train,101
a47e78b23805,cust_28999,friendly_fraud_long_tenure,unauthorized,ecommerce,4143.46,0,1,1,,1.0,916,3,1,26,1.079,2025-03-07,2025-04-02,,,30-day returns on unused goods. Signature on delivery is accepted proof of receipt.,0.1813,2,0,1,train,101
bff7d942c929,cust_31097,high_velocity_attack,unauthorized,travel,2614.5,0,0,0,1.0,0.0,17,0,4,10,,2025-05-17,2025-05-27,,,Cancellations follow fare rules. 3DS-authenticated bookings are treated as cardholder-present.,0.0235,4,1,1,train,101
40bcd5e10ccf,cust_47132,friendly_fraud_long_tenure,item_not_received,digital_goods,9430.77,0,0,0,1.0,0.0,1006,1,1,27,0.478,2025-03-18,2025-04-14,,,Digital items are non-refundable after delivery to the registered account.,0.0891,2,0,1,train,101
6c2e4343ebf4,cust_41951,unauthorized_3ds,unauthorized,digital_goods,7650.41,1,1,1,1.0,0.0,492,0,1,1,0.497,2025-03-04,2025-03-05,TRK975295557,2025-03-06 23:00:00,Digital items are non-refundable after delivery to the registered account.,-0.0565,2,0,1,train,101
b9645f09004f,cust_39303,friendly_fraud_long_tenure,not_as_described,subscriptions,10570.9,1,0,0,1.0,1.0,1244,1,1,16,,2025-08-22,2025-09-07,TRK910218824,2025-08-24 02:00:00,First billing cycle may be refunded; subsequent cycles require unused-period evidence.,-0.0157,7,0,1,train,101
55d193f25b46,cust_40502,inr_delivery_confirmed,item_not_received,ecommerce,1787.14,0,0,1,0.0,1.0,658,0,1,27,0.991,2025-04-27,2025-05-24,,,30-day returns on unused goods. Signature on delivery is accepted proof of receipt.,-0.0414,3,0,1,train,101
d1e9f12fb305,cust_23857,friendly_fraud_long_tenure,item_not_received,ecommerce,5587.63,0,0,0,0.0,1.0,1235,3,2,19,2.641,2025-04-28,2025-05-17,,,30-day returns on unused goods. Signature on delivery is accepted proof of receipt.,-0.0815,3,0,1,train,101
405f82930f58,cust_32760,no_evidence,unauthorized,services,7054.13,0,0,1,1.0,0.0,283,0,1,30,0.906,2025-08-13,2025-09-12,,,Service completion notes and customer confirmation emails are retained.,-0.1352,7,0,0,train,101
5d34c4007ddd,cust_85710,high_velocity_attack,unauthorized,digital_goods,2206.02,0,1,0,0.0,0.0,33,0,12,10,,2025-05-03,2025-05-13,,,Digital items are non-refundable after delivery to the registered account.,0.2556,4,0,0,train,101
c78582c1b7d9,cust_32667,no_evidence,item_not_received,services,1381.95,0,0,0,,0.0,76,0,2,5,3.044,2025-09-25,2025-09-30,,,Service completion notes and customer confirmation emails are retained.,0.1886,8,0,0,train,101
82c67c2dfdd3,cust_92338,no_evidence,unauthorized,digital_goods,3988.64,0,0,1,0.0,0.0,0,3,3,19,,2025-09-22,2025-10-11,,,Digital items are non-refundable after delivery to the registered account.,-0.1116,8,0,0,train,101
8f566c85009b,cust_64719,high_velocity_attack,unauthorized,digital_goods,4691.14,1,1,0,1.0,0.0,73,1,9,4,0.76,2025-06-17,2025-06-21,TRK250481120,2025-06-20 14:00:00,Digital items are non-refundable after delivery to the registered account.,0.0861,5,0,0,train,101
162a84b2e401,cust_64154,friendly_fraud_long_tenure,item_not_received,fashion,3073.86,1,1,0,1.0,,626,1,1,3,1.601,2025-08-30,2025-09-02,TRK922577459,2025-08-31 01:00:00,7-day exchange window. Delivery photo and tracking are retained for 180 days.,-0.1393,8,0,0,train,101
2ff4b53c71c8,cust_78084,friendly_fraud_long_tenure,unauthorized,digital_goods,2502.12,1,0,0,0.0,1.0,1401,0,1,10,1.378,2025-08-02,2025-08-12,TRK105524189,2025-08-05 18:00:00,Digital items are non-refundable after delivery to the registered account.,-0.1331,7,0,0,train,101
0a17ccadc9a2,cust_81151,inr_delivery_confirmed,item_not_received,fashion,4371.26,1,0,1,1.0,1.0,451,0,2,10,0.596,2025-08-15,2025-08-25,TRK424585577,2025-08-15 20:00:00,7-day exchange window. Delivery photo and tracking are retained for 180 days.,0.1282,7,1,0,train,101
e5acc18df1a4,cust_75975,unauthorized_3ds,unauthorized,ecommerce,4067.82,1,1,1,1.0,1.0,358,0,4,20,1.099,2025-08-30,2025-09-19,TRK308834614,2025-09-02 11:00:00,30-day returns on unused goods. Signature on delivery is accepted proof of receipt.,0.0727,8,0,1,train,101
0ce7bcebedc8,cust_26637,no_evidence,not_as_described,digital_goods,2309.09,0,0,0,0.0,0.0,133,0,1,16,1.078,2025-07-01,2025-07-17,,,Digital items are non-refundable after delivery to the registered account.,0.0415,6,1,1,train,101
d6de2bbcabdd,cust_16954,friendly_fraud_long_tenure,unauthorized,subscriptions,3571.56,1,0,1,0.0,0.0,1574,2,5,14,1.256,2025-03-05,2025-03-19,TRK270552829,2025-03-07 06:00:00,First billing cycle may be refunded; subsequent cycles require unused-period evidence.,-0.2641,2,0,1,train,101
bce0b307b375,cust_84966,unauthorized_3ds,unauthorized,digital_goods,3627.56,1,1,1,1.0,1.0,317,0,1,8,1.097,2025-02-06,2025-02-14,TRK986860513,2025-02-09 13:00:00,Digital items are non-refundable after delivery to the registered account.,0.0262,1,0,1,train,101
e7df7f1b1cb2,cust_56089,no_evidence,unauthorized,ecommerce,6174.1,0,0,0,0.0,0.0,2,0,2,37,0.391,2025-04-01,2025-05-08,,,30-day returns on unused goods. Signature on delivery is accepted proof of receipt.,0.1116,3,0,0,train,101
df9a74aaad01,cust_36591,friendly_fraud_long_tenure,unauthorized,digital_goods,3097.96,1,1,1,0.0,0.0,1228,2,1,41,1.995,2025-05-12,2025-06-22,TRK883424038,2025-05-15 01:00:00,Digital items are non-refundable after delivery to the registered account.,-0.1226,4,0,1,train,101
16d7e2c122fd,cust_86908,inr_delivery_confirmed,item_not_received,fashion,3255.27,1,0,1,1.0,1.0,898,0,2,9,0.859,2025-02-18,2025-02-27,TRK510196325,2025-02-19 15:00:00,7-day exchange window. Delivery photo and tracking are retained for 180 days.,0.0799,1,0,1,train,101
ec275cf4bf70,cust_40736,no_evidence,item_not_received,ecommerce,3407.63,0,0,0,0.0,1.0,0,0,4,40,0.796,2025-08-15,2025-09-24,,,30-day returns on unused goods. Signature on delivery is accepted proof of receipt.,-0.1645,7,0,0,train,101
0836fc361a6e,cust_30655,unauthorized_3ds,unauthorized,ecommerce,1651.07,0,1,1,1.0,1.0,833,0,3,10,1.413,2025-09-11,2025-09-21,,,30-day returns on unused goods. Signature on delivery is accepted proof of receipt.,-0.187,8,0,1,train,101
70a80406c118,cust_54040,no_evidence,not_as_described,ecommerce,1972.47,0,0,0,0.0,1.0,197,1,3,9,2.735,2025-08-31,2025-09-09,,,30-day returns on unused goods. Signature on delivery is accepted proof of receipt.,-0.194,8,0,0,train,101
4879dd88b2e8,cust_96116,unauthorized_3ds,unauthorized,digital_goods,2895.11,1,1,1,0.0,0.0,686,1,1,25,1.292,2025-05-19,2025-06-13,TRK520464197,2025-05-20 10:00:00,Digital items are non-refundable after delivery to the registered account.,-0.238,4,0,1,train,101
080d6f2486d4,cust_82950,unauthorized_3ds,unauthorized,digital_goods,6828.6,0,1,1,0.0,1.0,534,1,1,3,1.207,2025-06-06,2025-06-09,,,Digital items are non-refundable after delivery to the registered account.,0.0787,5,0,1,train,101
f7e127494036,cust_44662,inr_delivery_confirmed,item_not_received,grocery,2392.75,1,1,1,1.0,1.0,476,0,1,23,,2025-03-08,2025-03-31,TRK687569644,2025-03-10 16:00:00,Perishable goods are non-returnable after delivery confirmation.,-0.1403,2,0,0,train,101
86dd93c7e3d0,cust_15147,high_velocity_attack,unauthorized,travel,2594.15,0,1,0,0.0,1.0,0,0,5,13,1.961,2025-05-03,2025-05-16,,,Cancellations follow fare rules. 3DS-authenticated bookings are treated as cardholder-present.,-0.0319,4,0,0,train,101
2758667b36b5,cust_26971,unauthorized_3ds,unauthorized,digital_goods,1934.39,1,0,1,0.0,0.0,14,0,1,4,1.483,2025-02-11,2025-02-15,TRK712016988,2025-02-13 12:00:00,Digital items are non-refundable after delivery to the registered account.,0.0967,1,0,1,train,101
8376cf94cafa,cust_69306,inr_delivery_confirmed,item_not_received,fashion,2583.7,1,0,1,1.0,1.0,210,1,1,28,1.08,2025-07-11,2025-08-08,TRK667767437,2025-07-14 04:00:00,7-day exchange window. Delivery photo and tracking are retained for 180 days.,-0.1904,6,0,0,train,101
028e8bb3e18e,cust_43475,no_evidence,unauthorized,ecommerce,1433.87,0,0,0,0.0,0.0,106,0,2,36,1.159,2025-07-18,2025-08-23,,,30-day returns on unused goods. Signature on delivery is accepted proof of receipt.,-0.1049,6,0,0,train,101
f5eea7f60212,cust_77446,friendly_fraud_long_tenure,not_as_described,ecommerce,5683.61,1,0,0,0.0,,1320,2,1,11,1.635,2025-03-19,2025-03-30,TRK736328618,2025-03-20 11:00:00,30-day returns on unused goods. Signature on delivery is accepted proof of receipt.,0.0507,2,0,1,train,101
05055f89267b,cust_59091,unauthorized_3ds,unauthorized,ecommerce,3407.53,1,1,0,1.0,0.0,412,1,1,9,0.981,2025-09-09,2025-09-18,TRK720832032,2025-09-11 04:00:00,30-day returns on unused goods. Signature on delivery is accepted proof of receipt.,0.0781,8,0,0,train,101
dd1f31f1d769,cust_51981,high_velocity_attack,unauthorized,ecommerce,1628.9,0,0,0,0.0,0.0,114,0,14,8,2.95,2025-02-23,2025-03-03,,,30-day returns on unused goods. Signature on delivery is accepted proof of receipt.,-0.0015,1,0,0,train,101
acfacd696d16,cust_23437,high_velocity_attack,unauthorized,digital_goods,1151.6,0,0,0,0.0,0.0,29,0,3,4,2.89,2025-03-19,2025-03-23,,,Digital items are non-refundable after delivery to the registered account.,-0.0311,2,1,1,train,101
20a436c1c856,cust_59961,unauthorized_3ds,unauthorized,travel,4563.1,0,1,1,1.0,1.0,107,0,1,21,1.242,2025-04-16,2025-05-07,,,Cancellations follow fare rules. 3DS-authenticated bookings are treated as cardholder-present.,0.0766,3,0,0,train,101
dd5b678fd032,cust_17710,inr_delivery_confirmed,item_not_received,grocery,4499.6,1,1,1,1.0,1.0,842,0,1,20,0.112,2025-05-15,2025-06-04,TRK386149715,2025-05-18 03:00:00,Perishable goods are non-returnable after delivery confirmation.,-0.0831,4,0,1,train,101
7a03e3b6e633,cust_76739,inr_delivery_confirmed,item_not_received,fashion,2184.08,1,0,0,1.0,1.0,667,1,1,7,0.82,2025-03-28,2025-04-04,TRK963280786,2025-03-31 04:00:00,7-day exchange window. Delivery photo and tracking are retained for 180 days.,-0.0065,2,0,1,train,101
b4b0b4cb02ad,cust_33985,high_velocity_attack,unauthorized,travel,1559.58,0,1,1,0.0,0.0,50,1,4,12,4.43,2025-09-11,2025-09-23,,,Cancellations follow fare rules. 3DS-authenticated bookings are treated as cardholder-present.,-0.1925,8,0,0,train,101
bf90108a7a9c,cust_58443,friendly_fraud_long_tenure,unauthorized,subscriptions,6330.21,1,0,1,0.0,1.0,1115,3,1,12,1.643,2025-04-18,2025-04-30,TRK441698639,2025-04-21 04:00:00,First billing cycle may be refunded; subsequent cycles require unused-period evidence.,0.0353,3,0,0,train,101
8b9ca48bf72a,cust_51529,friendly_fraud_long_tenure,not_as_described,fashion,4656.28,1,0,1,0.0,0.0,180,3,1,33,1.59,2025-02-03,2025-03-08,TRK286044555,2025-02-06 20:00:00,7-day exchange window. Delivery photo and tracking are retained for 180 days.,-0.0065,1,0,0,train,101
35946b036da3,cust_18412,unauthorized_3ds,unauthorized,travel,1964.52,1,1,0,0.0,0.0,437,0,2,7,1.181,2025-07-04,2025-07-11,TRK332541308,2025-07-06 06:00:00,Cancellations follow fare rules. 3DS-authenticated bookings are treated as cardholder-present.,0.1526,6,0,0,train,101
5d5dcb0a059f,cust_11102,no_evidence,item_not_received,ecommerce,1656.05,0,0,1,0.0,1.0,188,0,1,7,1.357,2025-07-13,2025-07-20,,,30-day returns on unused goods. Signature on delivery is accepted proof of receipt.,-0.0115,6,1,1,train,101
3b082a75920a,cust_24979,friendly_fraud_long_tenure,item_not_received,subscriptions,2522.3,1,1,1,1.0,1.0,1092,1,1,8,,2025-08-12,2025-08-20,TRK663746721,2025-08-13 11:00:00,First billing cycle may be refunded; subsequent cycles require unused-period evidence.,-0.088,7,1,0,train,101
2af5af5c9259,cust_82830,high_velocity_attack,unauthorized,travel,4534.03,1,0,0,0.0,0.0,38,0,10,4,2.159,2025-04-09,2025-04-13,TRK820140662,2025-04-12 05:00:00,Cancellations follow fare rules. 3DS-authenticated bookings are treated as cardholder-present.,-0.1362,3,0,1,train,101
f8251e3bdfe0,cust_74362,inr_delivery_confirmed,item_not_received,grocery,2359.49,1,0,1,0.0,1.0,863,1,1,31,1.402,2025-03-20,2025-04-20,TRK586893131,2025-03-21 00:00:00,Perishable goods are non-returnable after delivery confirmation.,0.1707,2,0,0,train,101
5c1eada7938c,cust_26972,inr_delivery_confirmed,item_not_received,grocery,4925.62,1,0,1,1.0,0.0,915,0,2,24,0.735,2025-02-21,2025-03-17,TRK135611220,2025-02-22 22:00:00,Perishable goods are non-returnable after delivery confirmation.,0.1472,1,0,0,train,101
0fefdd8d6551,cust_59823,unauthorized_3ds,unauthorized,digital_goods,1303.19,1,1,1,0.0,1.0,285,0,1,6,0.1,2025-05-22,2025-05-28,TRK789162715,2025-05-24 13:00:00,Digital items are non-refundable after delivery to the registered account.,0.1406,4,0,1,train,101
645b058261c2,cust_20650,no_evidence,not_as_described,services,5696.28,0,0,0,1.0,1.0,341,1,2,9,2.834,2025-02-18,2025-02-27,,,Service completion notes and customer confirmation emails are retained.,-0.0498,1,0,0,train,101
bd6ebc734e0a,cust_61880,inr_delivery_confirmed,item_not_received,fashion,1441.1,1,1,1,1.0,0.0,7,0,1,2,0.312,2025-07-03,2025-07-05,TRK990574973,2025-07-05 14:00:00,7-day exchange window. Delivery photo and tracking are retained for 180 days.,-0.1842,6,0,1,train,101
89d54b858d5b,cust_42313,high_velocity_attack,unauthorized,digital_goods,1028.28,0,0,0,0.0,1.0,74,1,4,3,0.576,2025-09-09,2025-09-12,,,Digital items are non-refundable after delivery to the registered account.,0.0111,8,0,0,train,101
bd27166e30ba,cust_42021,no_evidence,unauthorized,digital_goods,1074.63,0,0,1,0.0,0.0,18,0,3,29,0.1,2025-06-02,2025-07-01,,,Digital items are non-refundable after delivery to the registered account.,0.1854,5,0,0,train,101
500baff01229,cust_47383,inr_delivery_confirmed,item_not_received,fashion,4888.33,1,1,0,1.0,1.0,146,0,1,19,1.26,2025-09-10,2025-09-29,TRK895707197,2025-09-13 21:00:00,7-day exchange window. Delivery photo and tracking are retained for 180 days.,-0.1426,8,0,1,train,101
66b4bc1bd7ce,cust_75579,high_velocity_attack,unauthorized,travel,2952.09,1,1,0,1.0,1.0,14,0,9,7,1.529,2025-07-31,2025-08-07,TRK134712460,2025-08-02 02:00:00,Cancellations follow fare rules. 3DS-authenticated bookings are treated as cardholder-present.,0.0052,7,0,0,train,101
15a54fc4e8de,cust_73423,inr_delivery_confirmed,item_not_received,fashion,2408.25,0,1,1,1.0,0.0,471,2,2,27,1.207,2025-08-19,2025-09-15,,,7-day exchange window. Delivery photo and tracking are retained for 180 days.,0.033,7,0,1,train,101
e1fdfa6cdad6,cust_43461,friendly_fraud_long_tenure,unauthorized,subscriptions,4163.21,0,1,1,1.0,1.0,432,3,2,24,1.049,2025-07-12,2025-08-05,,,First billing cycle may be refunded; subsequent cycles require unused-period evidence.,-0.1616,6,0,0,train,101
18bd4a7830d5,cust_52925,no_evidence,not_as_described,digital_goods,9581.38,0,0,0,0.0,0.0,202,0,2,25,1.737,2025-06-25,2025-07-20,,,Digital items are non-refundable after delivery to the registered account.,0.2933,5,0,0,train,101
9923605df9c6,cust_71347,high_velocity_attack,unauthorized,digital_goods,2790.03,0,1,0,0.0,0.0,0,0,6,10,1.921,2025-09-03,2025-09-13,,,Digital items are non-refundable after delivery to the registered account.,0.1142,8,0,0,train,101
b37f7e93c7a6,cust_57258,friendly_fraud_long_tenure,unauthorized,subscriptions,2310.67,0,0,0,,1.0,611,3,1,31,2.0,2025-08-17,2025-09-17,,,First billing cycle may be refunded; subsequent cycles require unused-period evidence.,0.0203,7,1,0,train,101
4faf63406044,cust_62217,unauthorized_3ds,unauthorized,digital_goods,5693.39,1,1,1,1.0,1.0,124,0,3,16,1.656,2025-02-14,2025-03-02,TRK876868680,2025-02-15 12:00:00,Digital items are non-refundable after delivery to the registered account.,-0.053,1,0,0,train,101
c89302116d3e,cust_64082,unauthorized_3ds,unauthorized,ecommerce,6592.44,0,1,1,0.0,1.0,427,0,1,18,1.348,2025-03-23,2025-04-10,,,30-day returns on unused goods. Signature on delivery is accepted proof of receipt.,0.1147,2,1,0,train,101
13fbbc4fce18,cust_21326,inr_delivery_confirmed,item_not_received,grocery,5617.9,1,1,1,0.0,,559,0,2,17,1.151,2025-05-04,2025-05-21,TRK652269866,2025-05-06 00:00:00,Perishable goods are non-returnable after delivery confirmation.,-0.1258,4,0,1,train,101
eeb5611f113b,cust_34832,unauthorized_3ds,unauthorized,ecommerce,2402.44,1,1,1,1.0,1.0,482,0,3,17,0.464,2025-08-11,2025-08-28,TRK384051782,2025-08-12 04:00:00,30-day returns on unused goods. Signature on delivery is accepted proof of receipt.,0.0908,7,0,1,train,101
b0ece98d352c,cust_32013,high_velocity_attack,unauthorized,digital_goods,1596.22,1,0,0,0.0,1.0,36,0,12,8,3.147,2025-06-17,2025-06-25,TRK706572702,2025-06-19 00:00:00,Digital items are non-refundable after delivery to the registered account.,0.102,5,0,0,train,101
9f171056c126,cust_10948,inr_delivery_confirmed,item_not_received,fashion,3068.04,1,1,1,0.0,1.0,424,0,1,15,1.181,2025-02-08,2025-02-23,TRK162012477,2025-02-09 20:00:00,7-day exchange window. Delivery photo and tracking are retained for 180 days.,0.0225,1,0,1,train,101
56d34fc4ca2f,cust_43741,no_evidence,item_not_received,digital_goods,1364.73,0,0,0,0.0,0.0,0,0,1,30,1.205,2025-08-25,2025-09-24,,,Digital items are non-refundable after delivery to the registered account.,-0.0848,7,0,0,train,101
23c5841aed99,cust_42564,friendly_fraud_long_tenure,unauthorized,digital_goods,2455.67,0,1,1,1.0,1.0,630,1,5,18,0.358,2025-03-25,2025-04-12,,,Digital items are non-refundable after delivery to the registered account.,-0.068,2,0,1,train,101
61b97652f80f,cust_89387,unauthorized_3ds,unauthorized,ecommerce,5464.0,1,1,1,1.0,0.0,476,0,2,13,,2025-06-25,2025-07-08,TRK479250176,2025-06-26 04:00:00,30-day returns on unused goods. Signature on delivery is accepted proof of receipt.,-0.1774,5,1,0,train,101
fb64ea99c376,cust_15014,friendly_fraud_long_tenure,not_as_described,ecommerce,6617.04,0,1,1,1.0,1.0,1196,1,2,29,1.714,2025-07-13,2025-08-11,,,30-day returns on unused goods. Signature on delivery is accepted proof of receipt.,-0.1336,6,0,1,train,101
31695a4ea73b,cust_79185,no_evidence,not_as_described,services,6986.89,0,0,0,0.0,0.0,0,0,3,23,1.892,2025-03-08,2025-03-31,,,Service completion notes and customer confirmation emails are retained.,0.0435,2,0,0,train,101
4a2093dd8df7,cust_48917,friendly_fraud_long_tenure,not_as_described,fashion,7543.18,1,1,1,0.0,1.0,966,2,2,19,2.728,2025-09-13,2025-10-02,TRK499608457,2025-09-16 05:00:00,7-day exchange window. Delivery photo and tracking are retained for 180 days.,-0.0863,8,0,1,train,101
6d879a222d6a,cust_56795,unauthorized_3ds,unauthorized,digital_goods,2355.32,0,1,0,1.0,0.0,37,1,1,22,1.021,2025-03-14,2025-04-05,,,Digital items are non-refundable after delivery to the registered account.,-0.0647,2,1,0,train,101
f43aa8be70f2,cust_58660,unauthorized_3ds,unauthorized,ecommerce,6349.63,0,1,1,0.0,0.0,430,1,1,1,1.318,2025-02-20,2025-02-21,,,30-day returns on unused goods. Signature on delivery is accepted proof of receipt.,-0.0181,1,0,1,train,101
60638e62aa45,cust_62956,friendly_fraud_long_tenure,unauthorized,subscriptions,6954.18,0,0,1,1.0,0.0,374,2,3,3,,2025-04-12,2025-04-15,,,First billing cycle may be refunded; subsequent cycles require unused-period evidence.,-0.1704,3,1,1,train,101
a075f1dd5cef,cust_90404,no_evidence,item_not_received,services,3787.44,1,0,0,1.0,,44,1,1,24,2.232,2025-02-23,2025-03-19,TRK723881290,2025-02-25 13:00:00,Service completion notes and customer confirmation emails are retained.,0.1794,1,0,0,train,101
3b30e3e08c33,cust_11367,friendly_fraud_long_tenure,item_not_received,subscriptions,5755.62,0,1,1,0.0,0.0,827,3,1,20,0.969,2025-09-04,2025-09-24,,,First billing cycle may be refunded; subsequent cycles require unused-period evidence.,-0.084,8,0,0,train,101
931bcd2ac491,cust_54964,friendly_fraud_long_tenure,not_as_described,subscriptions,6218.7,0,1,0,1.0,1.0,793,1,1,6,0.697,2025-02-04,2025-02-10,,,First billing cycle may be refunded; subsequent cycles require unused-period evidence.,-0.2778,1,0,1,train,101
7ab9ab9987b7,cust_71723,unauthorized_3ds,unauthorized,digital_goods,1413.57,1,1,1,1.0,0.0,435,0,1,1,1.781,2025-04-26,2025-04-27,TRK829165289,2025-04-29 19:00:00,Digital items are non-refundable after delivery to the registered account.,-0.0681,3,0,0,train,101
39218937add8,cust_91855,friendly_fraud_long_tenure,not_as_described,subscriptions,3508.82,1,0,1,1.0,1.0,1251,1,1,3,1.267,2025-06-26,2025-06-29,TRK832312327,2025-06-26 18:00:00,First billing cycle may be refunded; subsequent cycles require unused-period evidence.,0.0444,5,0,0,train,101
1d1d3427f458,cust_31690,inr_delivery_confirmed,item_not_received,ecommerce,1875.47,1,0,1,1.0,1.0,142,0,1,28,,2025-07-25,2025-08-22,TRK299638852,2025-07-27 11:00:00,30-day returns on unused goods. Signature on delivery is accepted proof of receipt.,-0.0164,6,0,0,train,101
9943793d763f,cust_31416,inr_delivery_confirmed,item_not_received,ecommerce,2042.55,1,1,1,1.0,1.0,7,0,3,23,1.237,2025-07-10,2025-08-02,TRK920883860,2025-07-13 19:00:00,30-day returns on unused goods. Signature on delivery is accepted proof of receipt.,-0.1629,6,0,0,train,101
e44085f4b705,cust_94930,no_evidence,not_as_described,digital_goods,2469.27,0,0,0,,0.0,140,2,1,26,1.673,2025-06-22,2025-07-18,,,Digital items are non-refundable after delivery to the registered account.,-0.0741,5,0,0,train,101
42e356bec649,cust_67069,inr_delivery_confirmed,item_not_received,fashion,4484.65,1,1,0,1.0,0.0,803,2,1,24,0.856,2025-06-12,2025-07-06,TRK312941736,2025-06-13 14:00:00,7-day exchange window. Delivery photo and tracking are retained for 180 days.,0.0331,5,0,1,train,101
9d466875994c,cust_67989,inr_delivery_confirmed,item_not_received,grocery,4486.66,1,0,1,0.0,,394,3,1,11,0.495,2025-07-16,2025-07-27,TRK515389057,2025-07-19 08:00:00,Perishable goods are non-returnable after delivery confirmation.,-0.0941,6,0,0,train,101
0a70c50655ed,cust_97520,unauthorized_3ds,unauthorized,digital_goods,4811.77,1,1,1,1.0,1.0,667,0,1,29,1.593,2025-04-13,2025-05-12,TRK527750650,2025-04-16 08:00:00,Digital items are non-refundable after delivery to the registered account.,0.0454,3,0,1,train,101
d1fbe622cbee,cust_99926,high_velocity_attack,unauthorized,ecommerce,1360.69,0,0,0,1.0,0.0,42,0,8,5,3.16,2025-08-17,2025-08-22,,,30-day returns on unused goods. Signature on delivery is accepted proof of receipt.,-0.1938,7,0,0,train,101
8fcb605524c7,cust_12994,no_evidence,unauthorized,digital_goods,2637.81,0,0,0,0.0,0.0,0,0,5,40,1.79,2025-09-01,2025-10-11,,,Digital items are non-refundable after delivery to the registered account.,-0.1253,8,0,0,train,101
804d5a53c893,cust_47981,friendly_fraud_long_tenure,not_as_described,fashion,1797.62,1,1,0,1.0,0.0,1036,2,1,13,0.698,2025-06-05,2025-06-18,TRK702381879,2025-06-05 18:00:00,7-day exchange window. Delivery photo and tracking are retained for 180 days.,-0.017,5,0,1,train,101
b1897e1bd6e9,cust_90244,inr_delivery_confirmed,item_not_received,grocery,6032.54,1,0,1,1.0,1.0,209,0,1,13,1.076,2025-04-01,2025-04-14,TRK382151963,2025-04-02 18:00:00,Perishable goods are non-returnable after delivery confirmation.,-0.1247,3,0,1,train,101
19c9b233086d,cust_95513,inr_delivery_confirmed,item_not_received,fashion,2411.81,1,0,1,0.0,1.0,280,0,1,21,1.4,2025-09-15,2025-10-06,TRK654518221,2025-09-18 03:00:00,7-day exchange window. Delivery photo and tracking are retained for 180 days.,0.1814,8,0,1,train,101
1f1bbd2c5807,cust_56861,high_velocity_attack,unauthorized,travel,413.75,1,0,0,1.0,0.0,0,0,3,2,1.844,2025-01-31,2025-02-02,TRK642841798,2025-02-01 14:00:00,Cancellations follow fare rules. 3DS-authenticated bookings are treated as cardholder-present.,-0.0879,1,0,0,train,101
161e5deea506,cust_98200,friendly_fraud_long_tenure,unauthorized,subscriptions,11363.07,1,1,1,1.0,0.0,408,2,1,10,,2025-04-17,2025-04-27,TRK100887728,2025-04-18 18:00:00,First billing cycle may be refunded; subsequent cycles require unused-period evidence.,0.1006,3,0,0,train,101
7266b74491ff,cust_20505,no_evidence,not_as_described,digital_goods,4526.58,0,0,0,0.0,1.0,0,2,2,23,2.964,2025-06-15,2025-07-08,,,Digital items are non-refundable after delivery to the registered account.,0.1451,5,0,1,train,101
53c5de553f7c,cust_71736,no_evidence,not_as_described,services,2681.97,0,0,0,0.0,0.0,0,0,4,18,0.203,2025-03-15,2025-04-02,,,Service completion notes and customer confirmation emails are retained.,0.1316,2,1,1,train,101
04e17bc89332,cust_59941,no_evidence,not_as_described,digital_goods,10621.36,0,0,0,0.0,0.0,0,0,2,52,1.448,2025-06-19,2025-08-10,,,Digital items are non-refundable after delivery to the registered account.,-0.1091,5,0,0,train,101
26e7c6303fa5,cust_34545,high_velocity_attack,unauthorized,travel,2814.76,1,0,1,1.0,,65,0,11,7,2.29,2025-05-17,2025-05-24,TRK978992293,2025-05-18 11:00:00,Cancellations follow fare rules. 3DS-authenticated bookings are treated as cardholder-present.,0.07,4,0,0,train,101
7f69519b3b63,cust_83213,high_velocity_attack,unauthorized,ecommerce,940.2,0,0,0,0.0,0.0,1,0,7,6,3.053,2025-06-19,2025-06-25,,,30-day returns on unused goods. Signature on delivery is accepted proof of receipt.,0.0747,5,0,0,train,101
84b8358a98aa,cust_72688,unauthorized_3ds,unauthorized,ecommerce,3610.79,1,1,1,0.0,1.0,824,0,1,13,0.673,2025-06-26,2025-07-09,TRK664262732,2025-06-28 06:00:00,30-day returns on unused goods. Signature on delivery is accepted proof of receipt.,-0.0236,5,0,1,train,101
7fa6fdea6579,cust_81058,high_velocity_attack,unauthorized,ecommerce,2777.39,0,0,0,1.0,1.0,28,0,9,10,2.7,2025-02-14,2025-02-24,,,30-day returns on unused goods. Signature on delivery is accepted proof of receipt.,0.0788,1,0,0,train,101
179a639ca949,cust_79689,inr_delivery_confirmed,item_not_received,ecommerce,1354.77,0,0,1,1.0,1.0,7,1,2,17,0.928,2025-06-06,2025-06-23,,,30-day returns on unused goods. Signature on delivery is accepted proof of receipt.,-0.0659,5,0,0,train,101
f310085f4864,cust_13647,high_velocity_attack,unauthorized,digital_goods,2305.61,0,0,0,1.0,0.0,109,0,6,9,1.618,2025-09-18,2025-09-27,,,Digital items are non-refundable after delivery to the registered account.,-0.1369,8,0,0,train,101
030f24ca8af4,cust_88045,high_velocity_attack,unauthorized,digital_goods,3899.11,0,1,1,0.0,0.0,35,1,11,5,2.163,2025-07-01,2025-07-06,,,Digital items are non-refundable after delivery to the registered account.,-0.0372,6,0,0,train,101
a4562e47f5e3,cust_57870,friendly_fraud_long_tenure,unauthorized,ecommerce,2892.99,1,0,1,0.0,1.0,561,2,1,27,,2025-08-06,2025-09-02,TRK200199317,2025-08-09 04:00:00,30-day returns on unused goods. Signature on delivery is accepted proof of receipt.,-0.0838,7,0,0,train,101
d847653e28fb,cust_62551,friendly_fraud_long_tenure,not_as_described,fashion,7027.11,1,0,1,1.0,1.0,1376,3,2,36,1.258,2025-05-24,2025-06-29,TRK721094456,2025-05-26 16:00:00,7-day exchange window. Delivery photo and tracking are retained for 180 days.,-0.0731,4,0,0,train,101
a79710cf6627,cust_56154,high_velocity_attack,unauthorized,digital_goods,523.66,0,0,0,0.0,1.0,23,0,9,13,1.642,2025-06-12,2025-06-25,,,Digital items are non-refundable after delivery to the registered account.,0.0794,5,0,0,train,101
c236ed2b2124,cust_92703,no_evidence,not_as_described,services,1046.15,0,0,1,0.0,1.0,0,0,3,31,1.76,2025-08-04,2025-09-04,,,Service completion notes and customer confirmation emails are retained.,0.1571,7,0,0,train,101
5c98d0add2d0,cust_81783,high_velocity_attack,unauthorized,digital_goods,1483.27,1,0,0,1.0,0.0,6,0,14,5,2.769,2025-05-18,2025-05-23,TRK153638790,2025-05-19 13:00:00,Digital items are non-refundable after delivery to the registered account.,-0.11,4,0,0,train,101
ba9b5ae5f3e5,cust_76239,unauthorized_3ds,unauthorized,travel,3168.37,1,1,1,1.0,0.0,100,1,1,18,1.478,2025-03-22,2025-04-09,TRK346795958,2025-03-22 20:00:00,Cancellations follow fare rules. 3DS-authenticated bookings are treated as cardholder-present.,-0.1137,2,0,0,train,101
0dd008721e46,cust_54366,high_velocity_attack,unauthorized,digital_goods,668.0,1,0,1,0.0,1.0,0,0,8,7,2.095,2025-06-12,2025-06-19,TRK491419408,2025-06-13 17:00:00,Digital items are non-refundable after delivery to the registered account.,0.0303,5,0,0,train,101
86b98ba381de,cust_12257,unauthorized_3ds,unauthorized,travel,6076.6,0,1,0,1.0,0.0,442,0,1,4,1.275,2025-05-21,2025-05-25,,,Cancellations follow fare rules. 3DS-authenticated bookings are treated as cardholder-present.,-0.1617,4,1,0,train,101
efe2138f9f3c,cust_74741,high_velocity_attack,unauthorized,ecommerce,5792.34,0,0,0,0.0,,68,0,6,15,1.71,2025-02-18,2025-03-05,,,30-day returns on unused goods. Signature on delivery is accepted proof of receipt.,0.1464,1,1,1,train,101
8754e0265ac2,cust_31212,inr_delivery_confirmed,item_not_received,fashion,3892.61,1,0,1,0.0,1.0,794,0,1,26,1.084,2025-03-18,2025-04-13,TRK491125344,2025-03-19 04:00:00,7-day exchange window. Delivery photo and tracking are retained for 180 days.,0.054,2,0,1,train,101
1bcf10ba9487,cust_38475,friendly_fraud_long_tenure,item_not_received,digital_goods,6263.02,0,1,0,1.0,1.0,180,1,2,25,1.799,2025-05-17,2025-06-11,,,Digital items are non-refundable after delivery to the registered account.,-0.1051,4,0,0,train,101
f1349e18d31d,cust_34292,no_evidence,unauthorized,digital_goods,1611.2,0,0,1,0.0,0.0,297,1,5,17,1.731,2025-08-01,2025-08-18,,,Digital items are non-refundable after delivery to the registered account.,-0.1063,7,0,0,train,101
983b3830aecb,cust_81544,friendly_fraud_long_tenure,item_not_received,ecommerce,4636.55,0,0,1,1.0,1.0,973,1,1,27,0.1,2025-09-12,2025-10-09,,,30-day returns on unused goods. Signature on delivery is accepted proof of receipt.,-0.059,8,0,0,train,101
88689275ca93,cust_56373,friendly_fraud_long_tenure,not_as_described,digital_goods,9022.94,1,1,1,1.0,0.0,900,2,1,38,1.323,2025-05-14,2025-06-21,TRK931123147,2025-05-17 17:00:00,Digital items are non-refundable after delivery to the registered account.,-0.0532,4,0,1,train,101
4739f74fda61,cust_91819,inr_delivery_confirmed,item_not_received,fashion,4922.32,1,0,0,1.0,1.0,164,0,1,15,1.316,2025-08-06,2025-08-21,TRK372267288,2025-08-06 23:00:00,7-day exchange window. Delivery photo and tracking are retained for 180 days.,0.1134,7,0,1,train,101
78fa0bcd347f,cust_15351,no_evidence,unauthorized,digital_goods,8668.54,0,1,0,0.0,0.0,0,0,1,51,1.652,2025-06-18,2025-08-08,,,Digital items are non-refundable after delivery to the registered account.,0.0612,5,0,0,train,101
252b8e99c793,cust_20471,friendly_fraud_long_tenure,unauthorized,digital_goods,3153.51,1,1,0,1.0,0.0,685,3,3,28,2.705,2025-09-16,2025-10-14,TRK141882339,2025-09-17 02:00:00,Digital items are non-refundable after delivery to the registered account.,0.0685,8,0,0,train,101
e610412d4570,cust_30227,unauthorized_3ds,unauthorized,digital_goods,3002.85,1,1,1,0.0,,491,1,1,16,0.1,2025-06-09,2025-06-25,TRK195042883,2025-06-12 01:00:00,Digital items are non-refundable after delivery to the registered account.,0.1069,5,0,1,train,101
36c390b3ecfc,cust_23851,unauthorized_3ds,unauthorized,ecommerce,9130.01,1,0,1,0.0,1.0,239,0,1,17,0.221,2025-07-12,2025-07-29,TRK824366817,2025-07-14 23:00:00,30-day returns on unused goods. Signature on delivery is accepted proof of receipt.,0.0722,6,0,1,train,101
a6683d0088df,cust_68064,unauthorized_3ds,unauthorized,travel,2112.3,1,1,1,1.0,1.0,553,1,1,9,0.883,2025-08-08,2025-08-17,TRK888209170,2025-08-08 21:00:00,Cancellations follow fare rules. 3DS-authenticated bookings are treated as cardholder-present.,-0.0288,7,0,1,train,101
f7c0ef03422e,cust_73402,no_evidence,item_not_received,services,7824.26,0,0,0,0.0,0.0,115,0,1,38,1.034,2025-06-21,2025-07-29,,,Service completion notes and customer confirmation emails are retained.,0.045,5,0,0,train,101
c425d837b825,cust_25438,high_velocity_attack,unauthorized,digital_goods,2639.7,1,0,0,0.0,0.0,34,0,8,9,2.61,2025-04-12,2025-04-21,TRK537860561,2025-04-15 09:00:00,Digital items are non-refundable after delivery to the registered account.,-0.2014,3,0,0,train,101
a840c57e1c8a,cust_35896,inr_delivery_confirmed,item_not_received,grocery,2692.74,1,1,0,1.0,0.0,504,1,2,3,1.514,2025-08-19,2025-08-22,TRK346120581,2025-08-19 20:00:00,Perishable goods are non-returnable after delivery confirmation.,-0.1302,7,0,1,train,101
fb7f3580550e,cust_85558,friendly_fraud_long_tenure,item_not_received,digital_goods,3347.55,1,0,1,1.0,1.0,1048,2,1,24,1.993,2025-03-13,2025-04-06,TRK837777030,2025-03-14 20:00:00,Digital items are non-refundable after delivery to the registered account.,-0.0753,2,0,1,train,101
3b14274957ff,cust_53075,unauthorized_3ds,unauthorized,travel,5040.9,1,1,1,1.0,1.0,381,1,1,1,1.064,2025-06-14,2025-06-15,TRK219876469,2025-06-17 02:00:00,Cancellations follow fare rules. 3DS-authenticated bookings are treated as cardholder-present.,-0.0038,5,0,1,train,101
1ddeb13961a5,cust_19312,inr_delivery_confirmed,item_not_received,fashion,1561.38,1,1,1,0.0,1.0,375,1,1,13,0.763,2025-06-01,2025-06-14,TRK446836869,2025-06-01 18:00:00,7-day exchange window. Delivery photo and tracking are retained for 180 days.,0.0535,5,0,0,train,101
0ec9c855245e,cust_40820,inr_delivery_confirmed,item_not_received,fashion,2581.48,0,0,1,1.0,1.0,791,0,1,16,0.694,2025-02-01,2025-02-17,,,7-day exchange window. Delivery photo and tracking are retained for 180 days.,0.1719,1,0,1,train,101
a85798e75107,cust_90192,inr_delivery_confirmed,item_not_received,grocery,2633.22,1,1,1,0.0,1.0,466,0,1,2,1.02,2025-04-22,2025-04-24,TRK157040333,2025-04-24 09:00:00,Perishable goods are non-returnable after delivery confirmation.,-0.0174,3,0,0,train,101
7a09523ee09e,cust_51092,high_velocity_attack,unauthorized,digital_goods,2413.09,0,0,0,0.0,1.0,42,1,8,10,1.986,2025-02-01,2025-02-11,,,Digital items are non-refundable after delivery to the registered account.,0.0965,1,0,0,train,101
e754ce83bfd6,cust_37543,friendly_fraud_long_tenure,item_not_received,digital_goods,5792.85,1,1,1,1.0,1.0,971,3,1,38,2.672,2025-07-26,2025-09-02,TRK912950575,2025-07-27 23:00:00,Digital items are non-refundable after delivery to the registered account.,-0.1043,6,0,0,train,101
af1cd47afa09,cust_59602,inr_delivery_confirmed,item_not_received,fashion,2414.98,1,0,1,0.0,0.0,941,1,1,27,1.043,2025-03-11,2025-04-07,TRK278821875,2025-03-13 02:00:00,7-day exchange window. Delivery photo and tracking are retained for 180 days.,-0.0482,2,0,1,train,101
c964a870a57e,cust_30958,inr_delivery_confirmed,item_not_received,ecommerce,1419.48,0,0,1,1.0,1.0,488,1,1,5,,2025-02-05,2025-02-10,,,30-day returns on unused goods. Signature on delivery is accepted proof of receipt.,-0.0491,1,1,1,train,101
401fcbc96fdd,cust_85921,inr_delivery_confirmed,item_not_received,fashion,3191.69,1,1,1,,1.0,353,0,2,19,0.694,2025-08-04,2025-08-23,TRK878670165,2025-08-07 00:00:00,7-day exchange window. Delivery photo and tracking are retained for 180 days.,-0.1226,7,0,0,train,101
02a7ad59eede,cust_55768,inr_delivery_confirmed,item_not_received,grocery,2503.59,1,1,1,1.0,1.0,914,1,4,5,0.915,2025-07-01,2025-07-06,TRK128478740,2025-07-04 21:00:00,Perishable goods are non-returnable after delivery confirmation.,-0.1361,6,0,0,train,101
533d61289998,cust_92487,no_evidence,unauthorized,services,2342.34,0,0,0,0.0,0.0,0,0,1,34,2.56,2025-03-11,2025-04-14,,,Service completion notes and customer confirmation emails are retained.,-0.1073,2,0,0,train,101
01d0ef685df1,cust_34916,friendly_fraud_long_tenure,item_not_received,ecommerce,4946.87,0,1,1,1.0,1.0,1291,3,2,36,2.428,2025-04-24,2025-05-30,,,30-day returns on unused goods. Signature on delivery is accepted proof of receipt.,-0.1202,3,0,0,train,101
588f1104a884,cust_40290,no_evidence,not_as_described,ecommerce,3073.32,0,0,1,0.0,1.0,246,0,6,58,1.586,2025-02-26,2025-04-25,,,30-day returns on unused goods. Signature on delivery is accepted proof of receipt.,-0.2105,1,0,0,train,101
1ac38b3e08e6,cust_15311,no_evidence,unauthorized,services,4273.25,1,0,0,0.0,0.0,159,0,4,14,1.446,2025-03-05,2025-03-19,TRK388786661,2025-03-07 23:00:00,Service completion notes and customer confirmation emails are retained.,0.0289,2,0,0,train,101
1ff487f3e182,cust_85990,no_evidence,item_not_received,ecommerce,2747.47,0,1,0,1.0,0.0,0,2,3,28,1.212,2025-03-13,2025-04-10,,,30-day returns on unused goods. Signature on delivery is accepted proof of receipt.,-0.0252,2,0,0,train,101
c86ae4f91779,cust_47849,high_velocity_attack,unauthorized,digital_goods,6208.64,0,0,0,0.0,0.0,8,0,8,1,2.576,2025-08-17,2025-08-18,,,Digital items are non-refundable after delivery to the registered account.,-0.1391,7,0,1,train,101
fe8766078aff,cust_49392,no_evidence,item_not_received,services,1908.08,1,0,1,0.0,0.0,72,1,2,32,1.092,2025-08-31,2025-10-02,TRK967712022,2025-09-02 06:00:00,Service completion notes and customer confirmation emails are retained.,0.1215,8,0,0,train,101
eb71a5059abc,cust_28382,unauthorized_3ds,unauthorized,digital_goods,4397.0,1,1,0,1.0,1.0,809,2,1,24,1.583,2025-09-24,2025-10-18,TRK635914273,2025-09-27 07:00:00,Digital items are non-refundable after delivery to the registered account.,0.1153,8,0,0,train,101
6e5f48e60d2e,cust_33167,unauthorized_3ds,unauthorized,ecommerce,1696.39,0,1,1,1.0,1.0,889,0,2,12,0.763,2025-09-02,2025-09-14,,,30-day returns on unused goods. Signature on delivery is accepted proof of receipt.,-0.1823,8,0,1,train,101
c747e21d8a1b,cust_22684,friendly_fraud_long_tenure,not_as_described,subscriptions,5980.8,1,1,1,0.0,1.0,739,0,4,27,2.055,2025-06-16,2025-07-13,TRK161380408,2025-06-17 18:00:00,First billing cycle may be refunded; subsequent cycles require unused-period evidence.,0.1418,5,0,1,train,101
fea879e54e07,cust_68614,inr_delivery_confirmed,item_not_received,ecommerce,2784.51,1,1,1,1.0,0.0,882,0,1,32,0.469,2025-05-22,2025-06-23,TRK538392755,2025-05-25 08:00:00,30-day returns on unused goods. Signature on delivery is accepted proof of receipt.,0.1564,4,1,0,train,101
c8d8813ff6cc,cust_72340,inr_delivery_confirmed,item_not_received,grocery,2229.46,0,1,1,1.0,1.0,7,0,1,36,0.572,2025-09-06,2025-10-12,,,Perishable goods are non-returnable after delivery confirmation.,0.0292,8,0,1,train,101
49d629bd10cf,cust_97040,inr_delivery_confirmed,item_not_received,fashion,2667.67,0,1,1,1.0,0.0,538,1,2,21,1.935,2025-09-08,2025-09-29,,,7-day exchange window. Delivery photo and tracking are retained for 180 days.,0.19,8,0,0,train,101
3dbe4e40c3b5,cust_33256,high_velocity_attack,unauthorized,digital_goods,1072.89,1,0,0,1.0,1.0,75,1,9,8,0.929,2025-07-26,2025-08-03,TRK916582913,2025-07-29 13:00:00,Digital items are non-refundable after delivery to the registered account.,-0.2881,6,0,1,train,101
86a505589920,cust_20911,unauthorized_3ds,unauthorized,travel,2115.4,1,1,1,1.0,1.0,807,1,1,30,,2025-02-26,2025-03-28,TRK977880505,2025-03-01 05:00:00,Cancellations follow fare rules. 3DS-authenticated bookings are treated as cardholder-present.,-0.3173,1,0,1,train,101
dd0fe3742926,cust_10345,unauthorized_3ds,unauthorized,ecommerce,2131.44,1,1,1,0.0,1.0,14,0,1,25,1.565,2025-07-14,2025-08-08,TRK166442787,2025-07-14 21:00:00,30-day returns on unused goods. Signature on delivery is accepted proof of receipt.,-0.0745,6,0,1,train,101
e56c4becd383,cust_75596,high_velocity_attack,unauthorized,ecommerce,1897.2,0,0,0,0.0,1.0,147,0,13,6,2.631,2025-08-10,2025-08-16,,,30-day returns on unused goods. Signature on delivery is accepted proof of receipt.,-0.0784,7,0,0,train,101
40bc909669f0,cust_59454,unauthorized_3ds,unauthorized,travel,4416.8,0,1,0,1.0,0.0,839,2,1,3,1.271,2025-03-04,2025-03-07,,,Cancellations follow fare rules. 3DS-authenticated bookings are treated as cardholder-present.,-0.2784,2,1,0,train,101
406172cdf438,cust_69782,friendly_fraud_long_tenure,unauthorized,ecommerce,5301.04,1,1,1,0.0,1.0,1063,0,1,22,1.631,2025-03-12,2025-04-03,TRK253440070,2025-03-15 10:00:00,30-day returns on unused goods. Signature on delivery is accepted proof of receipt.,-0.0837,2,0,1,train,101
dfcaede201c1,cust_89609,friendly_fraud_long_tenure,unauthorized,digital_goods,3513.95,0,1,0,0.0,1.0,842,0,2,19,2.202,2025-08-02,2025-08-21,,,Digital items are non-refundable after delivery to the registered account.,-0.0459,7,0,0,train,101
2cd5350466ec,cust_66108,high_velocity_attack,unauthorized,travel,3259.11,1,0,0,0.0,0.0,12,0,8,4,2.644,2025-04-26,2025-04-30,TRK360477144,2025-04-27 02:00:00,Cancellations follow fare rules. 3DS-authenticated bookings are treated as cardholder-present.,0.1191,3,0,0,train,101
2aadab0272d2,cust_21434,inr_delivery_confirmed,item_not_received,fashion,3409.37,1,1,1,1.0,1.0,505,0,1,3,0.57,2025-05-09,2025-05-12,TRK459589634,2025-05-12 21:00:00,7-day exchange window. Delivery photo and tracking are retained for 180 days.,-0.0006,4,0,0,train,101
fc2b2b4ca53b,cust_51318,friendly_fraud_long_tenure,item_not_received,ecommerce,3126.77,0,1,1,0.0,,943,2,3,14,,2025-07-01,2025-07-15,,,30-day returns on unused goods. Signature on delivery is accepted proof of receipt.,-0.0002,6,0,0,train,101
7613dfd12333,cust_56201,inr_delivery_confirmed,item_not_received,grocery,2025.5,1,1,1,0.0,1.0,974,0,1,29,0.569,2025-05-04,2025-06-02,TRK813466085,2025-05-06 17:00:00,Perishable goods are non-returnable after delivery confirmation.,0.1652,4,0,1,train,101
71e71d5e6356,cust_56913,unauthorized_3ds,unauthorized,digital_goods,7399.51,1,1,0,1.0,1.0,151,1,1,17,0.428,2025-07-14,2025-07-31,TRK317854211,2025-07-15 17:00:00,Digital items are non-refundable after delivery to the registered account.,0.0454,6,0,1,train,101
b621cb3f0d6f,cust_46438,friendly_fraud_long_tenure,unauthorized,digital_goods,8809.01,1,1,1,0.0,1.0,953,1,1,11,1.904,2025-08-30,2025-09-10,TRK461541946,2025-09-01 21:00:00,Digital items are non-refundable after delivery to the registered account.,0.039,8,0,1,train,101
7008e34d90a8,cust_31935,inr_delivery_confirmed,item_not_received,grocery,7844.92,1,0,1,1.0,0.0,390,0,1,14,0.604,2025-04-26,2025-05-10,TRK854695847,2025-04-29 17:00:00,Perishable goods are non-returnable after delivery confirmation.,0.0364,3,0,1,train,101
e0031aede85b,cust_50824,inr_delivery_confirmed,item_not_received,grocery,3846.21,1,1,1,1.0,1.0,400,2,1,10,,2025-04-24,2025-05-04,TRK407321099,2025-04-27 11:00:00,Perishable goods are non-returnable after delivery confirmation.,-0.0764,3,0,1,train,101
5138c10ae4af,cust_93262,high_velocity_attack,unauthorized,digital_goods,1910.27,0,0,0,1.0,0.0,134,0,7,1,5.114,2025-02-23,2025-02-24,,,Digital items are non-refundable after delivery to the registered account.,0.0042,1,0,1,train,101
ef2e04e76fce,cust_97751,friendly_fraud_long_tenure,item_not_received,digital_goods,1664.95,0,0,1,1.0,,1063,1,4,44,2.342,2025-09-22,2025-11-05,,,Digital items are non-refundable after delivery to the registered account.,-0.0434,8,1,1,train,101
dd57dc604105,cust_37505,high_velocity_attack,unauthorized,digital_goods,2566.48,0,0,0,0.0,0.0,25,0,7,10,3.587,2025-05-02,2025-05-12,,,Digital items are non-refundable after delivery to the registered account.,0.1523,4,0,0,train,101
f289954a3b16,cust_65099,high_velocity_attack,unauthorized,ecommerce,2439.75,1,0,0,1.0,0.0,24,0,8,6,2.181,2025-03-19,2025-03-25,TRK990837843,2025-03-20 14:00:00,30-day returns on unused goods. Signature on delivery is accepted proof of receipt.,0.1419,2,0,0,train,101
c94ac55a8598,cust_70120,unauthorized_3ds,unauthorized,ecommerce,2167.39,0,1,1,1.0,0.0,407,0,2,16,0.409,2025-03-12,2025-03-28,,,30-day returns on unused goods. Signature on delivery is accepted proof of receipt.,-0.0421,2,0,1,train,101
42962568402f,cust_51051,friendly_fraud_long_tenure,item_not_received,digital_goods,14183.29,0,1,0,1.0,1.0,984,0,1,35,1.486,2025-02-24,2025-03-31,,,Digital items are non-refundable after delivery to the registered account.,0.0554,1,1,1,train,101
2ad4c5587206,cust_16459,unauthorized_3ds,unauthorized,digital_goods,4244.97,1,1,1,1.0,0.0,218,2,1,23,1.564,2025-07-06,2025-07-29,TRK333364345,2025-07-07 11:00:00,Digital items are non-refundable after delivery to the registered account.,-0.0109,6,0,1,train,101
f5484c3eb2bb,cust_97926,inr_delivery_confirmed,item_not_received,ecommerce,1400.74,1,1,0,1.0,1.0,96,1,2,38,1.649,2025-08-08,2025-09-15,TRK613666545,2025-08-09 19:00:00,30-day returns on unused goods. Signature on delivery is accepted proof of receipt.,0.001,7,0,1,train,101
12a6d2505f61,cust_88157,unauthorized_3ds,unauthorized,ecommerce,2633.77,1,1,1,1.0,0.0,492,2,2,13,1.109,2025-09-07,2025-09-20,TRK320239057,2025-09-09 09:00:00,30-day returns on unused goods. Signature on delivery is accepted proof of receipt.,-0.0265,8,0,1,train,101
abbc0d6473b4,cust_52116,friendly_fraud_long_tenure,item_not_received,fashion,1833.9,1,0,0,1.0,0.0,1040,1,1,4,1.125,2025-03-10,2025-03-14,TRK973087479,2025-03-10 22:00:00,7-day exchange window. Delivery photo and tracking are retained for 180 days.,0.1175,2,0,0,train,101
a0102c377ab9,cust_25900,unauthorized_3ds,unauthorized,digital_goods,7594.56,1,0,0,1.0,1.0,430,1,3,10,2.173,2025-06-12,2025-06-22,TRK557226463,2025-06-15 00:00:00,Digital items are non-refundable after delivery to the registered account.,0.0329,5,0,1,train,101
0aac7226af3b,cust_64012,unauthorized_3ds,unauthorized,ecommerce,3490.48,1,1,1,1.0,1.0,69,1,2,8,0.777,2025-08-30,2025-09-07,TRK903936885,2025-09-02 07:00:00,30-day returns on unused goods. Signature on delivery is accepted proof of receipt.,0.0598,8,0,1,train,101
864f710ad9f3,cust_79985,no_evidence,unauthorized,services,2364.39,0,0,0,0.0,0.0,242,0,2,39,0.865,2025-06-08,2025-07-17,,,Service completion notes and customer confirmation emails are retained.,0.0551,5,0,0,train,101
7229da7376b3,cust_98900,no_evidence,unauthorized,ecommerce,4540.57,0,0,1,0.0,0.0,180,3,1,32,0.1,2025-06-14,2025-07-16,,,30-day returns on unused goods. Signature on delivery is accepted proof of receipt.,-0.0017,5,0,0,train,101
fc1d6731e483,cust_49738,high_velocity_attack,unauthorized,travel,618.25,0,0,0,1.0,0.0,36,0,5,11,,2025-07-03,2025-07-14,,,Cancellations follow fare rules. 3DS-authenticated bookings are treated as cardholder-present.,-0.0173,6,0,0,train,101
bbc661f2f399,cust_35878,friendly_fraud_long_tenure,item_not_received,ecommerce,3294.76,1,1,1,1.0,1.0,816,1,1,12,0.976,2025-04-07,2025-04-19,TRK383821175,2025-04-08 23:00:00,30-day returns on unused goods. Signature on delivery is accepted proof of receipt.,0.0106,3,0,1,train,101
f2bc9e1fe2fb,cust_54714,unauthorized_3ds,unauthorized,digital_goods,6292.39,1,1,1,1.0,1.0,171,0,4,26,0.763,2025-06-05,2025-07-01,TRK559810182,2025-06-08 22:00:00,Digital items are non-refundable after delivery to the registered account.,0.038,5,0,1,train,101
328baac22f81,cust_19012,friendly_fraud_long_tenure,item_not_received,ecommerce,16443.24,0,0,1,1.0,1.0,623,1,4,19,2.022,2025-05-12,2025-05-31,,,30-day returns on unused goods. Signature on delivery is accepted proof of receipt.,-0.0749,4,0,0,train,101
ca2c9e10ebdb,cust_41668,friendly_fraud_long_tenure,unauthorized,digital_goods,5592.02,0,0,0,1.0,1.0,686,1,2,31,1.433,2025-04-21,2025-05-22,,,Digital items are non-refundable after delivery to the registered account.,-0.0384,3,1,1,train,101
19b72ee8b473,cust_21104,friendly_fraud_long_tenure,unauthorized,ecommerce,3737.08,1,1,0,1.0,0.0,180,2,1,42,2.176,2025-06-08,2025-07-20,TRK428991266,2025-06-11 07:00:00,30-day returns on unused goods. Signature on delivery is accepted proof of receipt.,-0.0401,5,0,0,train,101
75d299256edb,cust_40569,unauthorized_3ds,unauthorized,digital_goods,6126.06,1,1,0,0.0,0.0,563,2,2,10,,2025-02-18,2025-02-28,TRK588923666,2025-02-19 11:00:00,Digital items are non-refundable after delivery to the registered account.,-0.1016,1,0,1,train,101
2676b75c4906,cust_23674,friendly_fraud_long_tenure,item_not_received,digital_goods,1882.88,0,0,0,1.0,1.0,481,0,1,20,0.606,2025-04-10,2025-04-30,,,Digital items are non-refundable after delivery to the registered account.,-0.1708,3,0,0,train,101
1ecabaaa0a41,cust_97008,unauthorized_3ds,unauthorized,digital_goods,5329.95,1,1,1,1.0,1.0,345,1,1,12,1.332,2025-08-11,2025-08-23,TRK493234388,2025-08-14 18:00:00,Digital items are non-refundable after delivery to the registered account.,0.1098,7,0,1,train,101
f6fdd8a72da0,cust_57940,friendly_fraud_long_tenure,unauthorized,digital_goods,9124.72,1,0,1,1.0,1.0,775,0,1,25,1.613,2025-06-11,2025-07-06,TRK888346353,2025-06-11 22:00:00,Digital items are non-refundable after delivery to the registered account.,0.1062,5,1,1,train,101
01f885b72456,cust_24339,inr_delivery_confirmed,item_not_received,grocery,2449.24,0,0,1,1.0,1.0,444,0,1,23,0.529,2025-02-13,2025-03-08,,,Perishable goods are non-returnable after delivery confirmation.,-0.0531,1,0,1,train,101
8fff98d78c5d,cust_25551,inr_delivery_confirmed,item_not_received,ecommerce,919.2,1,1,1,1.0,0.0,7,0,1,25,1.287,2025-08-23,2025-09-17,TRK840968729,2025-08-24 20:00:00,30-day returns on unused goods. Signature on delivery is accepted proof of receipt.,0.0835,7,0,1,train,101
330e40903a31,cust_35717,high_velocity_attack,unauthorized,digital_goods,1719.67,0,0,1,0.0,0.0,53,0,8,2,2.869,2025-09-02,2025-09-04,,,Digital items are non-refundable after delivery to the registered account.,0.0212,8,0,0,train,101
cfb4c575b36d,cust_33196,unauthorized_3ds,unauthorized,ecommerce,4129.58,1,1,1,1.0,0.0,132,1,1,3,1.192,2025-09-24,2025-09-27,TRK634448731,2025-09-26 04:00:00,30-day returns on unused goods. Signature on delivery is accepted proof of receipt.,-0.1307,8,1,1,train,101
e990c0ac3953,cust_61636,inr_delivery_confirmed,item_not_received,ecommerce,1393.64,1,1,0,,1.0,146,1,1,33,1.497,2025-02-13,2025-03-18,TRK490250204,2025-02-14 12:00:00,30-day returns on unused goods. Signature on delivery is accepted proof of receipt.,0.0247,1,0,1,train,101
e550dc9b0df0,cust_66819,inr_delivery_confirmed,item_not_received,fashion,8196.48,1,0,1,1.0,1.0,509,2,2,9,1.214,2025-06-05,2025-06-14,TRK102306277,2025-06-06 14:00:00,7-day exchange window. Delivery photo and tracking are retained for 180 days.,-0.0366,5,0,0,train,101
8fddd5be0ff3,cust_85177,inr_delivery_confirmed,item_not_received,grocery,8414.82,1,0,1,1.0,1.0,1051,2,1,28,1.217,2025-06-14,2025-07-12,TRK918747313,2025-06-16 04:00:00,Perishable goods are non-returnable after delivery confirmation.,0.1858,5,0,1,train,101
0645a4f457bb,cust_64517,inr_delivery_confirmed,item_not_received,ecommerce,4550.18,1,1,1,0.0,1.0,634,0,1,3,1.047,2025-06-22,2025-06-25,TRK277891514,2025-06-23 11:00:00,30-day returns on unused goods. Signature on delivery is accepted proof of receipt.,-0.1581,5,0,0,train,101
cafa35a40769,cust_32788,no_evidence,item_not_received,digital_goods,1354.22,1,0,0,0.0,0.0,290,1,1,31,1.688,2025-08-09,2025-09-09,TRK602643471,2025-08-11 19:00:00,Digital items are non-refundable after delivery to the registered account.,-0.1969,7,1,1,train,101
43b9678b264d,cust_16152,no_evidence,not_as_described,digital_goods,3643.8,0,0,0,0.0,,197,1,3,34,2.488,2025-03-06,2025-04-09,,,Digital items are non-refundable after delivery to the registered account.,0.1491,2,0,0,train,101
bd5cd00bd9bd,cust_92162,no_evidence,item_not_received,digital_goods,3131.31,0,1,0,0.0,0.0,198,1,1,45,1.038,2025-05-03,2025-06-17,,,Digital items are non-refundable after delivery to the registered account.,-0.2022,4,0,0,train,101
6a40d2b37da6,cust_15118,no_evidence,item_not_received,services,3737.61,1,0,0,0.0,0.0,237,3,1,54,1.04,2025-03-03,2025-04-26,TRK202781524,2025-03-04 23:00:00,Service completion notes and customer confirmation emails are retained.,-0.0117,2,1,1,train,101
68f92ae26160,cust_38795,high_velocity_attack,unauthorized,digital_goods,2906.2,0,0,0,0.0,0.0,44,0,5,6,1.458,2025-07-14,2025-07-20,,,Digital items are non-refundable after delivery to the registered account.,0.1778,6,0,0,train,101
e01bf9404eb0,cust_88006,unauthorized_3ds,unauthorized,travel,6425.7,1,1,1,1.0,0.0,552,1,1,22,1.256,2025-05-10,2025-06-01,TRK532079275,2025-05-13 12:00:00,Cancellations follow fare rules. 3DS-authenticated bookings are treated as cardholder-present.,-0.0191,4,0,1,train,101
4ebe449cd392,cust_10221,high_velocity_attack,unauthorized,ecommerce,14233.52,0,0,0,1.0,0.0,0,0,9,6,0.501,2025-04-07,2025-04-13,,,30-day returns on unused goods. Signature on delivery is accepted proof of receipt.,0.1934,3,0,0,train,101
36cd13c60e1d,cust_34573,high_velocity_attack,unauthorized,ecommerce,757.26,0,0,0,0.0,0.0,16,0,2,9,,2025-05-03,2025-05-12,,,30-day returns on unused goods. Signature on delivery is accepted proof of receipt.,0.3413,4,0,1,train,101
3267248996c4,cust_51774,friendly_fraud_long_tenure,item_not_received,subscriptions,1791.65,1,1,1,1.0,0.0,1454,5,1,31,1.097,2025-09-23,2025-10-24,TRK771126151,2025-09-24 13:00:00,First billing cycle may be refunded; subsequent cycles require unused-period evidence.,-0.1207,8,0,0,train,101
6283b1c399fd,cust_42306,no_evidence,unauthorized,ecommerce,3605.82,0,0,0,0.0,0.0,238,2,2,77,2.074,2025-04-05,2025-06-21,,,30-day returns on unused goods. Signature on delivery is accepted proof of receipt.,-0.0724,3,0,0,train,101
6de0afc52eea,cust_60932,unauthorized_3ds,unauthorized,digital_goods,13588.21,1,1,1,1.0,0.0,790,0,1,16,1.003,2025-03-22,2025-04-07,TRK836570807,2025-03-25 22:00:00,Digital items are non-refundable after delivery to the registered account.,-0.1524,2,0,1,train,101
8ccd55b9189a,cust_61392,inr_delivery_confirmed,item_not_received,grocery,2659.82,1,0,1,1.0,1.0,144,0,1,16,1.236,2025-04-03,2025-04-19,TRK557448451,2025-04-06 19:00:00,Perishable goods are non-returnable after delivery confirmation.,0.1901,3,0,0,train,101
b81052a06a13,cust_82528,high_velocity_attack,unauthorized,digital_goods,2342.93,0,0,1,0.0,1.0,17,0,8,9,3.289,2025-07-06,2025-07-15,,,Digital items are non-refundable after delivery to the registered account.,0.1611,6,0,0,train,101
2799cfcd09c6,cust_60557,inr_delivery_confirmed,item_not_received,ecommerce,4827.11,1,0,1,0.0,1.0,402,0,1,22,1.429,2025-06-06,2025-06-28,TRK640207229,2025-06-09 15:00:00,30-day returns on unused goods. Signature on delivery is accepted proof of receipt.,-0.0214,5,0,0,train,101
ba354b57c203,cust_51468,high_velocity_attack,unauthorized,ecommerce,16890.48,1,0,1,0.0,0.0,75,1,7,1,3.529,2025-08-17,2025-08-18,TRK879246940,2025-08-17 18:00:00,30-day returns on unused goods. Signature on delivery is accepted proof of receipt.,0.1057,7,1,0,train,101
3c3a09ec7e3a,cust_51019,friendly_fraud_long_tenure,unauthorized,ecommerce,3228.68,1,1,1,0.0,0.0,894,1,4,7,2.164,2025-09-11,2025-09-18,TRK505633305,2025-09-13 16:00:00,30-day returns on unused goods. Signature on delivery is accepted proof of receipt.,0.051,8,0,0,train,101
f6f688062435,cust_93196,unauthorized_3ds,unauthorized,digital_goods,2594.36,0,1,1,1.0,1.0,650,1,1,17,0.819,2025-06-23,2025-07-10,,,Digital items are non-refundable after delivery to the registered account.,-0.0578,5,0,1,train,101
1e36a644b9cb,cust_99252,unauthorized_3ds,unauthorized,travel,8584.07,0,1,1,1.0,1.0,364,0,5,8,1.344,2025-05-08,2025-05-16,,,Cancellations follow fare rules. 3DS-authenticated bookings are treated as cardholder-present.,0.2134,4,0,1,train,101
20483fcad0ed,cust_15562,no_evidence,not_as_described,services,3856.92,0,0,0,0.0,0.0,119,1,2,11,0.1,2025-03-10,2025-03-21,,,Service completion notes and customer confirmation emails are retained.,0.1738,2,0,0,train,101
d486067d8da0,cust_17356,inr_delivery_confirmed,item_not_received,grocery,2679.17,1,1,1,0.0,0.0,728,0,2,36,0.659,2025-04-14,2025-05-20,TRK732027077,2025-04-16 11:00:00,Perishable goods are non-returnable after delivery confirmation.,-0.0945,3,0,0,train,101
0641a7cae2f7,cust_65720,high_velocity_attack,unauthorized,ecommerce,738.36,0,0,1,0.0,0.0,0,1,9,6,2.598,2025-07-13,2025-07-19,,,30-day returns on unused goods. Signature on delivery is accepted proof of receipt.,-0.0978,6,0,0,train,101
b730b22106cb,cust_37638,unauthorized_3ds,unauthorized,digital_goods,5663.04,1,1,1,1.0,1.0,260,0,1,19,0.523,2025-03-08,2025-03-27,TRK927832951,2025-03-09 03:00:00,Digital items are non-refundable after delivery to the registered account.,0.0844,2,0,0,train,101
2514568a3097,cust_47995,no_evidence,item_not_received,services,1109.6,0,0,1,0.0,1.0,66,1,1,28,,2025-02-03,2025-03-03,,,Service completion notes and customer confirmation emails are retained.,-0.0655,1,0,0,train,101
ae3397c645b5,cust_91358,friendly_fraud_long_tenure,not_as_described,subscriptions,3160.42,0,0,1,1.0,1.0,906,0,2,26,1.761,2025-09-18,2025-10-14,,,First billing cycle may be refunded; subsequent cycles require unused-period evidence.,0.1636,8,0,0,train,101
6da9bce312af,cust_82013,no_evidence,unauthorized,services,1866.89,0,0,0,1.0,0.0,48,0,1,43,1.888,2025-07-17,2025-08-29,,,Service completion notes and customer confirmation emails are retained.,-0.1482,6,0,0,train,101
088892851751,cust_27391,inr_delivery_confirmed,item_not_received,fashion,1805.33,1,1,1,1.0,1.0,1121,0,1,27,0.956,2025-06-26,2025-07-23,TRK228171355,2025-06-29 23:00:00,7-day exchange window. Delivery photo and tracking are retained for 180 days.,0.0325,5,0,1,train,101
93d2ea5269e0,cust_44300,no_evidence,item_not_received,ecommerce,4511.63,0,0,0,0.0,0.0,60,3,3,50,0.485,2025-04-14,2025-06-03,,,30-day returns on unused goods. Signature on delivery is accepted proof of receipt.,0.0405,3,0,0,train,101
8d56e6870d00,cust_34535,friendly_fraud_long_tenure,unauthorized,fashion,3598.54,1,0,1,1.0,1.0,665,3,1,42,1.081,2025-08-18,2025-09-29,TRK407391519,2025-08-21 16:00:00,7-day exchange window. Delivery photo and tracking are retained for 180 days.,-0.1491,7,0,0,train,101
004586f4759f,cust_72441,friendly_fraud_long_tenure,not_as_described,fashion,8787.98,0,1,1,1.0,1.0,1415,0,1,46,1.398,2025-03-18,2025-05-03,,,7-day exchange window. Delivery photo and tracking are retained for 180 days.,-0.0852,2,0,1,train,101
4fae66f6eed1,cust_56372,unauthorized_3ds,unauthorized,travel,4073.59,1,1,1,0.0,0.0,35,0,1,7,1.275,2025-06-09,2025-06-16,TRK132041933,2025-06-11 01:00:00,Cancellations follow fare rules. 3DS-authenticated bookings are treated as cardholder-present.,0.2005,5,0,0,train,101
68db5fbd1a8b,cust_58479,no_evidence,unauthorized,digital_goods,2601.47,0,0,0,1.0,0.0,202,1,1,38,1.53,2025-02-12,2025-03-22,,,Digital items are non-refundable after delivery to the registered account.,-0.0118,1,0,1,train,101
9ead207aa12a,cust_18376,friendly_fraud_long_tenure,unauthorized,ecommerce,6750.84,1,0,0,1.0,1.0,654,3,1,39,2.053,2025-07-08,2025-08-16,TRK921681016,2025-07-10 16:00:00,30-day returns on unused goods. Signature on delivery is accepted proof of receipt.,0.0314,6,0,0,train,101
9ef74fcbe783,cust_95239,high_velocity_attack,unauthorized,travel,1918.37,0,0,1,0.0,0.0,17,0,7,6,2.398,2025-04-14,2025-04-20,,,Cancellations follow fare rules. 3DS-authenticated bookings are treated as cardholder-present.,0.1965,3,0,1,train,101
b1969f95f1c8,cust_52207,high_velocity_attack,unauthorized,ecommerce,3009.4,1,0,1,0.0,0.0,68,0,9,9,1.003,2025-02-27,2025-03-08,TRK297332648,2025-03-01 12:00:00,30-day returns on unused goods. Signature on delivery is accepted proof of receipt.,0.117,1,0,1,train,101
97c75bc345a8,cust_26111,unauthorized_3ds,unauthorized,digital_goods,2550.46,1,1,1,1.0,0.0,430,0,2,20,1.323,2025-09-05,2025-09-25,TRK991690193,2025-09-07 12:00:00,Digital items are non-refundable after delivery to the registered account.,0.0547,8,1,1,train,101
48982a68207e,cust_48533,friendly_fraud_long_tenure,unauthorized,ecommerce,9075.48,0,1,0,,1.0,818,3,2,14,0.988,2025-04-12,2025-04-26,,,30-day returns on unused goods. Signature on delivery is accepted proof of receipt.,-0.1235,3,1,1,train,101
3994a38b6489,cust_71429,inr_delivery_confirmed,item_not_received,fashion,3045.47,1,0,1,1.0,1.0,7,0,2,4,1.7,2025-03-17,2025-03-21,TRK462776276,2025-03-19 10:00:00,7-day exchange window. Delivery photo and tracking are retained for 180 days.,-0.0158,2,0,0,train,101
7312e8522a9a,cust_13291,no_evidence,unauthorized,digital_goods,4966.77,0,0,0,0.0,0.0,115,1,2,9,1.048,2025-08-23,2025-09-01,,,Digital items are non-refundable after delivery to the registered account.,0.0573,7,0,0,train,101
a557f10515d2,cust_11510,friendly_fraud_long_tenure,unauthorized,digital_goods,1695.38,1,1,0,1.0,0.0,1093,1,1,20,1.743,2025-08-08,2025-08-28,TRK856108563,2025-08-11 08:00:00,Digital items are non-refundable after delivery to the registered account.,-0.0246,7,0,1,train,101
b9a016c980d7,cust_21213,no_evidence,not_as_described,services,2500.49,0,0,0,0.0,0.0,88,1,1,18,0.998,2025-09-13,2025-10-01,,,Service completion notes and customer confirmation emails are retained.,-0.0092,8,0,0,train,101
2634eba574d9,cust_87334,friendly_fraud_long_tenure,item_not_received,subscriptions,12235.53,0,0,0,1.0,1.0,727,3,1,32,2.641,2025-02-05,2025-03-09,,,First billing cycle may be refunded; subsequent cycles require unused-period evidence.,-0.0545,1,0,1,train,101
7339fc0d126a,cust_84342,high_velocity_attack,unauthorized,travel,1053.58,1,0,1,1.0,1.0,47,0,4,3,1.067,2025-05-22,2025-05-25,TRK208545544,2025-05-25 07:00:00,Cancellations follow fare rules. 3DS-authenticated bookings are treated as cardholder-present.,-0.0171,4,0,0,train,101
a8f95ee33b19,cust_32230,no_evidence,item_not_received,services,6865.89,0,0,0,,0.0,0,0,3,5,1.618,2025-06-04,2025-06-09,,,Service completion notes and customer confirmation emails are retained.,0.0609,5,0,0,train,101
b64a3c134939,cust_21479,unauthorized_3ds,unauthorized,travel,2574.77,0,0,1,1.0,0.0,14,1,2,13,0.597,2025-04-21,2025-05-04,,,Cancellations follow fare rules. 3DS-authenticated bookings are treated as cardholder-present.,-0.1536,3,0,1,train,101
246b2713f094,cust_86693,high_velocity_attack,unauthorized,travel,1556.94,0,0,0,0.0,1.0,71,0,8,3,3.451,2025-06-22,2025-06-25,,,Cancellations follow fare rules. 3DS-authenticated bookings are treated as cardholder-present.,0.0612,5,0,1,train,101
9731a6f94b52,cust_98938,friendly_fraud_long_tenure,item_not_received,ecommerce,3723.65,0,0,1,,0.0,1110,1,2,7,1.073,2025-07-31,2025-08-07,,,30-day returns on unused goods. Signature on delivery is accepted proof of receipt.,-0.0192,7,0,0,train,101
44f52c07b530,cust_21526,friendly_fraud_long_tenure,item_not_received,ecommerce,5945.21,0,0,1,1.0,1.0,928,2,2,21,0.976,2025-04-09,2025-04-30,,,30-day returns on unused goods. Signature on delivery is accepted proof of receipt.,-0.1243,3,0,1,train,101
9b13f0aa3f92,cust_93755,high_velocity_attack,unauthorized,travel,1871.01,1,0,1,0.0,,49,0,4,1,3.904,2025-08-01,2025-08-02,TRK950322985,2025-08-02 21:00:00,Cancellations follow fare rules. 3DS-authenticated bookings are treated as cardholder-present.,0.0865,7,0,0,train,101
3cc3160023e5,cust_68879,friendly_fraud_long_tenure,not_as_described,ecommerce,14508.49,0,1,1,0.0,1.0,1103,2,1,38,1.519,2025-06-09,2025-07-17,,,30-day returns on unused goods. Signature on delivery is accepted proof of receipt.,0.0002,5,0,1,train,101
4293294d33d8,cust_56494,no_evidence,unauthorized,digital_goods,4538.7,0,0,0,0.0,0.0,105,1,1,64,1.109,2025-05-25,2025-07-28,,,Digital items are non-refundable after delivery to the registered account.,-0.0296,4,0,0,train,101
b93e5abfdd49,cust_79371,unauthorized_3ds,unauthorized,digital_goods,2985.06,1,1,1,1.0,0.0,953,0,4,12,1.559,2025-05-09,2025-05-21,TRK781337922,2025-05-12 21:00:00,Digital items are non-refundable after delivery to the registered account.,0.1299,4,0,1,train,101
56d1b7d1ee53,cust_73183,unauthorized_3ds,unauthorized,ecommerce,3052.06,0,1,1,1.0,0.0,812,0,2,20,1.345,2025-03-11,2025-03-31,,,30-day returns on unused goods. Signature on delivery is accepted proof of receipt.,-0.0828,2,1,0,train,101
d1f7f32e25eb,cust_14327,inr_delivery_confirmed,item_not_received,fashion,1935.25,1,1,1,0.0,1.0,196,0,1,13,1.328,2025-07-12,2025-07-25,TRK989494440,2025-07-13 02:00:00,7-day exchange window. Delivery photo and tracking are retained for 180 days.,0.0252,6,0,0,train,101
d421e1497ae7,cust_22581,no_evidence,not_as_described,ecommerce,8265.0,1,0,0,0.0,0.0,0,2,1,31,1.822,2025-07-17,2025-08-17,TRK204271819,2025-07-19 00:00:00,30-day returns on unused goods. Signature on delivery is accepted proof of receipt.,-0.0742,6,1,1,train,101
bdf1f5520533,cust_61678,high_velocity_attack,unauthorized,ecommerce,2155.45,0,0,1,0.0,0.0,76,0,12,6,2.326,2025-02-08,2025-02-14,,,30-day returns on unused goods. Signature on delivery is accepted proof of receipt.,-0.0666,1,0,0,train,101
68099466ad4f,cust_32809,inr_delivery_confirmed,item_not_received,grocery,1709.37,1,1,1,1.0,1.0,99,0,2,26,0.792,2025-06-06,2025-07-02,TRK740896944,2025-06-08 16:00:00,Perishable goods are non-returnable after delivery confirmation.,-0.0743,5,0,0,train,101
6a18f7578981,cust_15215,no_evidence,item_not_received,ecommerce,1969.92,0,0,1,1.0,0.0,185,0,3,51,1.216,2025-08-31,2025-10-21,,,30-day returns on unused goods. Signature on delivery is accepted proof of receipt.,0.0542,8,0,0,train,101
351fb8034be4,cust_59149,unauthorized_3ds,unauthorized,travel,4416.91,0,1,1,0.0,1.0,610,0,3,1,1.005,2025-09-23,2025-09-24,,,Cancellations follow fare rules. 3DS-authenticated bookings are treated as cardholder-present.,0.0177,8,0,0,train,101
7282c0bd5828,cust_24348,inr_delivery_confirmed,item_not_received,ecommerce,3822.72,1,0,0,1.0,1.0,594,1,1,23,1.373,2025-07-05,2025-07-28,TRK812731943,2025-07-08 23:00:00,30-day returns on unused goods. Signature on delivery is accepted proof of receipt.,-0.039,6,0,0,train,101
6c6e29d2a4da,cust_65702,inr_delivery_confirmed,item_not_received,fashion,2694.07,1,0,1,1.0,0.0,201,0,2,27,0.642,2025-04-04,2025-05-01,TRK819033802,2025-04-07 08:00:00,7-day exchange window. Delivery photo and tracking are retained for 180 days.,-0.0878,3,0,1,train,101
a561ecc03220,cust_20914,unauthorized_3ds,unauthorized,travel,2125.98,0,1,1,1.0,1.0,303,0,3,1,0.71,2025-05-22,2025-05-23,,,Cancellations follow fare rules. 3DS-authenticated bookings are treated as cardholder-present.,0.0795,4,0,0,train,101
cb84195b78e7,cust_57980,inr_delivery_confirmed,item_not_received,ecommerce,2640.56,1,0,1,1.0,1.0,617,0,5,10,0.451,2025-02-24,2025-03-06,TRK863079086,2025-02-27 18:00:00,30-day returns on unused goods. Signature on delivery is accepted proof of receipt.,-0.0403,1,0,1,train,101
7548d1649a67,cust_97911,high_velocity_attack,unauthorized,ecommerce,1313.21,1,0,1,0.0,0.0,68,0,7,5,2.073,2025-08-20,2025-08-25,TRK373348519,2025-08-21 13:00:00,30-day returns on unused goods. Signature on delivery is accepted proof of receipt.,-0.0461,7,0,0,train,101
84c817873643,cust_62151,no_evidence,item_not_received,digital_goods,5478.06,1,0,0,0.0,0.0,95,0,3,56,2.215,2025-09-07,2025-11-02,TRK862880468,2025-09-08 11:00:00,Digital items are non-refundable after delivery to the registered account.,-0.1184,8,0,0,train,101
8001d9e40d7d,cust_67471,inr_delivery_confirmed,item_not_received,fashion,1493.82,1,0,0,1.0,1.0,800,0,1,10,1.2,2025-02-08,2025-02-18,TRK532332046,2025-02-11 14:00:00,7-day exchange window. Delivery photo and tracking are retained for 180 days.,0.2724,1,0,1,train,101
0ed677ecf88d,cust_99409,unauthorized_3ds,unauthorized,ecommerce,6472.81,0,1,1,,0.0,935,0,1,17,1.258,2025-05-05,2025-05-22,,,30-day returns on unused goods. Signature on delivery is accepted proof of receipt.,-0.0624,4,0,0,train,101
984f31156197,cust_31600,friendly_fraud_long_tenure,not_as_described,ecommerce,2911.57,0,0,0,1.0,0.0,1298,1,1,19,3.068,2025-08-21,2025-09-09,,,30-day returns on unused goods. Signature on delivery is accepted proof of receipt.,0.1292,7,0,1,train,101
9c6020829080,cust_97863,high_velocity_attack,unauthorized,digital_goods,701.45,0,0,0,1.0,0.0,0,0,6,4,2.037,2025-02-15,2025-02-19,,,Digital items are non-refundable after delivery to the registered account.,-0.1782,1,0,0,train,101
3270e221cae9,cust_32403,unauthorized_3ds,unauthorized,travel,4039.65,1,1,1,,1.0,315,0,1,8,1.184,2025-09-12,2025-09-20,TRK209829997,2025-09-14 12:00:00,Cancellations follow fare rules. 3DS-authenticated bookings are treated as cardholder-present.,-0.015,8,0,1,train,101
d3e89a991481,cust_26343,inr_delivery_confirmed,item_not_received,grocery,4672.26,1,1,1,0.0,0.0,607,1,1,27,0.663,2025-07-20,2025-08-16,TRK668289830,2025-07-23 05:00:00,Perishable goods are non-returnable after delivery confirmation.,0.1791,6,0,0,train,101
671fbe104840,cust_38715,friendly_fraud_long_tenure,not_as_described,subscriptions,2935.4,0,0,0,1.0,0.0,1024,0,1,13,1.763,2025-07-26,2025-08-08,,,First billing cycle may be refunded; subsequent cycles require unused-period evidence.,0.0758,6,0,0,train,101
3ea306c24d1e,cust_61116,high_velocity_attack,unauthorized,ecommerce,1678.36,0,0,0,0.0,0.0,43,0,9,5,2.374,2025-03-28,2025-04-02,,,30-day returns on unused goods. Signature on delivery is accepted proof of receipt.,0.1275,2,0,0,train,101
d4860478858e,cust_19367,unauthorized_3ds,unauthorized,digital_goods,4851.89,1,1,1,1.0,1.0,65,1,1,6,1.024,2025-02-21,2025-02-27,TRK332864084,2025-02-23 10:00:00,Digital items are non-refundable after delivery to the registered account.,-0.0535,1,0,1,train,101
71eddff5ac10,cust_29616,inr_delivery_confirmed,item_not_received,ecommerce,2993.41,1,0,1,0.0,1.0,578,0,3,23,,2025-08-05,2025-08-28,TRK376211659,2025-08-08 03:00:00,30-day returns on unused goods. Signature on delivery is accepted proof of receipt.,-0.0648,7,0,0,train,101
14bfb8c3e47e,cust_49429,inr_delivery_confirmed,item_not_received,fashion,1893.43,1,1,1,0.0,1.0,719,0,1,16,1.355,2025-06-14,2025-06-30,TRK385994967,2025-06-16 00:00:00,7-day exchange window. Delivery photo and tracking are retained for 180 days.,-0.0583,5,0,1,train,101
470e647337c1,cust_56652,high_velocity_attack,unauthorized,digital_goods,647.91,0,0,0,,0.0,6,2,11,1,3.873,2025-07-23,2025-07-24,,,Digital items are non-refundable after delivery to the registered account.,-0.0742,6,0,1,train,101
ca8395cad426,cust_19032,unauthorized_3ds,unauthorized,travel,6091.62,1,1,0,1.0,0.0,386,0,1,5,0.747,2025-07-09,2025-07-14,TRK590599626,2025-07-11 22:00:00,Cancellations follow fare rules. 3DS-authenticated bookings are treated as cardholder-present.,0.0907,6,1,1,train,101
6c5522c737b5,cust_69212,unauthorized_3ds,unauthorized,travel,6579.08,1,1,1,1.0,1.0,502,0,1,16,0.226,2025-08-24,2025-09-09,TRK569940139,2025-08-26 18:00:00,Cancellations follow fare rules. 3DS-authenticated bookings are treated as cardholder-present.,-0.1635,7,0,1,train,101
00598bf90aff,cust_50606,friendly_fraud_long_tenure,not_as_described,digital_goods,2582.78,0,1,0,1.0,,1087,2,1,3,1.008,2025-08-03,2025-08-06,,,Digital items are non-refundable after delivery to the registered account.,-0.1715,7,0,1,train,101
21f33d0fd335,cust_17194,no_evidence,not_as_described,digital_goods,1349.68,0,0,0,0.0,0.0,126,1,5,12,1.621,2025-02-18,2025-03-02,,,Digital items are non-refundable after delivery to the registered account.,-0.0171,1,0,0,train,101
8b25b1a3ec1b,cust_72995,unauthorized_3ds,unauthorized,ecommerce,17329.82,0,0,1,1.0,1.0,969,0,1,19,1.147,2025-02-25,2025-03-16,,,30-day returns on unused goods. Signature on delivery is accepted proof of receipt.,-0.0656,1,0,1,train,101
f61ae6dfc553,cust_75902,friendly_fraud_long_tenure,item_not_received,subscriptions,8511.27,1,1,0,1.0,1.0,896,1,1,43,0.936,2025-07-08,2025-08-20,TRK125938182,2025-07-11 01:00:00,First billing cycle may be refunded; subsequent cycles require unused-period evidence.,0.0377,6,1,1,train,101
027aaa426c20,cust_77043,unauthorized_3ds,unauthorized,digital_goods,3070.04,1,1,1,0.0,0.0,557,0,1,1,1.528,2025-08-24,2025-08-25,TRK745899310,2025-08-26 23:00:00,Digital items are non-refundable after delivery to the registered account.,-0.0583,7,0,0,train,101
178971153891,cust_20426,high_velocity_attack,unauthorized,digital_goods,3358.83,0,0,0,0.0,0.0,40,0,11,11,1.014,2025-08-02,2025-08-13,,,Digital items are non-refundable after delivery to the registered account.,-0.0754,7,0,0,train,101
aeba264c463b,cust_81689,high_velocity_attack,unauthorized,travel,4237.16,0,0,0,0.0,0.0,43,1,10,6,0.738,2025-02-25,2025-03-03,,,Cancellations follow fare rules. 3DS-authenticated bookings are treated as cardholder-present.,-0.068,1,0,0,train,101
78c4a220a537,cust_49588,friendly_fraud_long_tenure,not_as_described,fashion,3807.62,0,0,0,0.0,0.0,840,4,1,9,1.178,2025-08-15,2025-08-24,,,7-day exchange window. Delivery photo and tracking are retained for 180 days.,0.0816,7,0,0,train,101
39acc8ec48b4,cust_72061,unauthorized_3ds,unauthorized,travel,2798.64,1,1,1,1.0,,497,0,1,15,1.2,2025-06-24,2025-07-09,TRK748863349,2025-06-26 04:00:00,Cancellations follow fare rules. 3DS-authenticated bookings are treated as cardholder-present.,-0.1696,5,0,1,train,101
e76caeaa23ea,cust_62738,inr_delivery_confirmed,item_not_received,ecommerce,5208.05,1,1,1,,1.0,124,0,1,2,0.1,2025-06-08,2025-06-10,TRK348074105,2025-06-10 13:00:00,30-day returns on unused goods. Signature on delivery is accepted proof of receipt.,-0.1012,5,0,1,train,101
03c938467cbe,cust_46737,friendly_fraud_long_tenure,unauthorized,ecommerce,945.33,0,0,1,1.0,1.0,602,1,1,20,2.31,2025-04-08,2025-04-28,,,30-day returns on unused goods. Signature on delivery is accepted proof of receipt.,-0.1122,3,0,1,train,101
856d90af535f,cust_89179,inr_delivery_confirmed,item_not_received,ecommerce,3168.74,1,0,1,1.0,1.0,48,0,1,12,0.1,2025-05-12,2025-05-24,TRK199071149,2025-05-14 00:00:00,30-day returns on unused goods. Signature on delivery is accepted proof of receipt.,0.2257,4,0,1,train,101
2565baaa344c,cust_27733,unauthorized_3ds,unauthorized,digital_goods,5668.16,1,1,0,0.0,1.0,259,0,3,20,0.801,2025-04-01,2025-04-21,TRK490653435,2025-04-03 15:00:00,Digital items are non-refundable after delivery to the registered account.,-0.2537,3,1,0,train,101
23f9f2939598,cust_79012,friendly_fraud_long_tenure,item_not_received,fashion,7022.94,1,0,1,1.0,0.0,1058,4,2,29,2.217,2025-08-02,2025-08-31,TRK732035712,2025-08-03 02:00:00,7-day exchange window. Delivery photo and tracking are retained for 180 days.,-0.0857,7,0,0,train,101
7cc141ba681e,cust_72248,no_evidence,not_as_described,digital_goods,2077.51,0,0,0,,0.0,188,1,2,27,0.623,2025-08-08,2025-09-04,,,Digital items are non-refundable after delivery to the registered account.,0.0119,7,0,0,train,101
4723f3173312,cust_49579,no_evidence,not_as_described,services,26145.79,0,0,1,0.0,1.0,101,1,1,37,1.916,2025-09-04,2025-10-11,,,Service completion notes and customer confirmation emails are retained.,0.1369,8,0,0,train,101
9628862d5b44,cust_35866,inr_delivery_confirmed,item_not_received,ecommerce,5291.1,1,1,1,,1.0,427,2,1,3,0.673,2025-07-01,2025-07-04,TRK508580446,2025-07-03 20:00:00,30-day returns on unused goods. Signature on delivery is accepted proof of receipt.,-0.1633,6,0,1,train,101
bc525c304405,cust_65351,inr_delivery_confirmed,item_not_received,fashion,4844.41,1,0,1,1.0,1.0,946,2,1,18,1.191,2025-02-09,2025-02-27,TRK691224463,2025-02-10 08:00:00,7-day exchange window. Delivery photo and tracking are retained for 180 days.,0.2272,1,0,1,train,101
159c86ab5912,cust_11012,unauthorized_3ds,unauthorized,digital_goods,2519.0,1,1,0,1.0,,884,1,2,16,0.887,2025-04-18,2025-05-04,TRK417082467,2025-04-20 05:00:00,Digital items are non-refundable after delivery to the registered account.,-0.1186,3,0,0,train,101
3e8b835ee867,cust_54041,no_evidence,unauthorized,digital_goods,2448.68,0,0,0,0.0,0.0,72,1,1,72,1.828,2025-02-11,2025-04-24,,,Digital items are non-refundable after delivery to the registered account.,0.0738,1,0,0,train,101
12bd77d5bf0a,cust_89058,unauthorized_3ds,unauthorized,ecommerce,5491.51,1,1,0,1.0,0.0,86,0,1,26,0.876,2025-05-05,2025-05-31,TRK894934665,2025-05-07 06:00:00,30-day returns on unused goods. Signature on delivery is accepted proof of receipt.,-0.1187,4,0,0,train,101
361c3a7506a7,cust_95645,friendly_fraud_long_tenure,unauthorized,subscriptions,1484.38,1,0,1,0.0,1.0,1299,3,2,23,2.482,2025-09-15,2025-10-08,TRK429513525,2025-09-16 20:00:00,First billing cycle may be refunded; subsequent cycles require unused-period evidence.,-0.0535,8,0,0,train,101
409fc4961464,cust_76227,no_evidence,not_as_described,ecommerce,5290.82,0,0,0,1.0,0.0,0,0,3,46,0.77,2025-09-05,2025-10-21,,,30-day returns on unused goods. Signature on delivery is accepted proof of receipt.,-0.0305,8,0,0,train,101
d063d084cdfc,cust_13688,unauthorized_3ds,unauthorized,ecommerce,5577.38,1,1,1,1.0,0.0,725,2,2,14,,2025-09-01,2025-09-15,TRK603898935,2025-09-01 18:00:00,30-day returns on unused goods. Signature on delivery is accepted proof of receipt.,-0.0672,8,0,0,train,101
4d9688cdde45,cust_61515,friendly_fraud_long_tenure,unauthorized,fashion,5113.63,0,1,1,1.0,0.0,555,0,1,8,0.463,2025-05-27,2025-06-04,,,7-day exchange window. Delivery photo and tracking are retained for 180 days.,0.1428,4,0,1,train,101
6d2b10fd734e,cust_11905,no_evidence,item_not_received,digital_goods,1218.52,0,1,0,0.0,0.0,41,1,2,5,0.568,2025-03-23,2025-03-28,,,Digital items are non-refundable after delivery to the registered account.,-0.0711,2,0,0,train,101
5f98feb7a5a4,cust_83761,unauthorized_3ds,unauthorized,digital_goods,2681.28,0,1,1,1.0,0.0,699,0,1,15,1.445,2025-05-28,2025-06-12,,,Digital items are non-refundable after delivery to the registered account.,-0.0032,4,0,1,train,101
9157b9b106b4,cust_22043,friendly_fraud_long_tenure,unauthorized,ecommerce,8079.35,0,1,1,1.0,1.0,496,0,2,45,0.331,2025-05-18,2025-07-02,,,30-day returns on unused goods. Signature on delivery is accepted proof of receipt.,0.0712,4,0,0,train,101
7093b70886d8,cust_66128,no_evidence,not_as_described,digital_goods,7604.31,0,0,1,0.0,1.0,104,1,2,63,1.621,2025-05-01,2025-07-03,,,Digital items are non-refundable after delivery to the registered account.,0.01,4,0,0,train,101
f9160f61965d,cust_33353,unauthorized_3ds,unauthorized,travel,1729.88,0,1,1,1.0,0.0,455,0,1,18,1.433,2025-05-03,2025-05-21,,,Cancellations follow fare rules. 3DS-authenticated bookings are treated as cardholder-present.,0.104,4,0,1,train,101
dd429bb87713,cust_37857,high_velocity_attack,unauthorized,digital_goods,997.29,0,1,1,0.0,0.0,36,0,10,4,3.962,2025-05-31,2025-06-04,,,Digital items are non-refundable after delivery to the registered account.,0.0476,5,0,0,train,101
024907a8fd5d,cust_30508,no_evidence,unauthorized,services,2722.6,0,0,0,0.0,0.0,23,1,2,49,1.134,2025-06-08,2025-07-27,,,Service completion notes and customer confirmation emails are retained.,-0.1248,5,0,1,train,101
11bbfbfbbc2f,cust_56417,inr_delivery_confirmed,item_not_received,grocery,2635.12,1,1,1,1.0,0.0,1049,0,1,12,1.239,2025-09-20,2025-10-02,TRK217005066,2025-09-22 10:00:00,Perishable goods are non-returnable after delivery confirmation.,-0.0587,8,1,1,train,101
fad3aad66013,cust_45530,no_evidence,unauthorized,digital_goods,4402.33,0,0,0,0.0,0.0,96,1,1,31,1.578,2025-06-27,2025-07-28,,,Digital items are non-refundable after delivery to the registered account.,0.1616,5,0,0,train,101
ec4dd32cab3c,cust_34141,inr_delivery_confirmed,item_not_received,ecommerce,2826.06,1,0,1,1.0,1.0,538,1,1,23,0.412,2025-04-28,2025-05-21,TRK665988175,2025-05-01 16:00:00,30-day returns on unused goods. Signature on delivery is accepted proof of receipt.,-0.0512,3,1,0,train,101
9eda14faa16a,cust_25435,high_velocity_attack,unauthorized,ecommerce,946.46,0,0,0,0.0,0.0,58,0,7,5,3.058,2025-04-18,2025-04-23,,,30-day returns on unused goods. Signature on delivery is accepted proof of receipt.,0.012,3,0,1,train,101
e1b7f2ba2a87,cust_77582,friendly_fraud_long_tenure,unauthorized,ecommerce,2391.3,0,1,0,1.0,0.0,1004,0,1,23,2.364,2025-05-07,2025-05-30,,,30-day returns on unused goods. Signature on delivery is accepted proof of receipt.,-0.0335,4,0,0,train,101
8a0dec16a667,cust_74216,high_velocity_attack,unauthorized,digital_goods,847.83,0,0,0,0.0,0.0,0,1,3,2,2.149,2025-02-04,2025-02-06,,,Digital items are non-refundable after delivery to the registered account.,0.0972,1,0,0,train,101
f09549fa1064,cust_87475,no_evidence,unauthorized,services,1579.69,1,0,0,0.0,0.0,92,1,1,10,1.685,2025-09-22,2025-10-02,TRK124432381,2025-09-25 10:00:00,Service completion notes and customer confirmation emails are retained.,-0.2306,8,0,0,train,101
f2881d481569,cust_83453,unauthorized_3ds,unauthorized,ecommerce,4992.47,1,1,1,1.0,0.0,656,0,1,2,0.919,2025-06-16,2025-06-18,TRK791107374,2025-06-17 23:00:00,30-day returns on unused goods. Signature on delivery is accepted proof of receipt.,-0.114,5,0,0,train,101
8344894aaf57,cust_74688,high_velocity_attack,unauthorized,digital_goods,1466.42,0,0,0,0.0,0.0,116,0,6,9,3.361,2025-03-02,2025-03-11,,,Digital items are non-refundable after delivery to the registered account.,-0.0141,2,0,0,train,101
91847ad6ecda,cust_16538,high_velocity_attack,unauthorized,travel,4278.82,0,0,0,1.0,0.0,0,0,8,5,2.223,2025-08-31,2025-09-05,,,Cancellations follow fare rules. 3DS-authenticated bookings are treated as cardholder-present.,0.0307,8,0,0,train,101
71d6f2577912,cust_63866,friendly_fraud_long_tenure,unauthorized,subscriptions,4233.48,1,0,0,,1.0,1434,2,1,49,0.996,2025-07-03,2025-08-21,TRK682387389,2025-07-04 14:00:00,First billing cycle may be refunded; subsequent cycles require unused-period evidence.,-0.1721,6,0,0,train,101
e697bc6421c7,cust_97821,high_velocity_attack,unauthorized,travel,2456.38,1,0,0,0.0,0.0,18,0,6,6,3.106,2025-05-06,2025-05-12,TRK503586109,2025-05-09 01:00:00,Cancellations follow fare rules. 3DS-authenticated bookings are treated as cardholder-present.,0.0215,4,0,0,train,101
2856c20c3372,cust_70172,unauthorized_3ds,unauthorized,digital_goods,2846.78,0,1,1,1.0,0.0,206,0,2,15,0.625,2025-06-22,2025-07-07,,,Digital items are non-refundable after delivery to the registered account.,-0.1634,5,0,1,train,101
06736534cbf7,cust_89341,friendly_fraud_long_tenure,not_as_described,digital_goods,3754.15,1,1,0,1.0,1.0,532,0,1,22,0.814,2025-09-16,2025-10-08,TRK674082709,2025-09-19 01:00:00,Digital items are non-refundable after delivery to the registered account.,0.1417,8,0,1,train,101
a1e6466250e9,cust_16863,no_evidence,unauthorized,digital_goods,4596.05,0,0,0,0.0,0.0,125,0,2,5,2.705,2025-08-09,2025-08-14,,,Digital items are non-refundable after delivery to the registered account.,0.0724,7,0,0,train,101
31b738998dd2,cust_36952,inr_delivery_confirmed,item_not_received,fashion,4029.47,1,0,0,1.0,0.0,142,1,1,15,1.58,2025-04-06,2025-04-21,TRK952179233,2025-04-08 00:00:00,7-day exchange window. Delivery photo and tracking are retained for 180 days.,0.255,3,0,1,train,101
04a1ba6fbf0e,cust_56630,inr_delivery_confirmed,item_not_received,fashion,2954.41,1,0,1,0.0,1.0,1193,1,2,22,0.946,2025-06-22,2025-07-14,TRK234652979,2025-06-23 05:00:00,7-day exchange window. Delivery photo and tracking are retained for 180 days.,0.0001,5,1,0,train,101
5321d2c8b7fb,cust_17847,inr_delivery_confirmed,item_not_received,ecommerce,4968.03,1,0,1,1.0,1.0,890,2,1,16,0.947,2025-03-12,2025-03-28,TRK529889689,2025-03-14 15:00:00,30-day returns on unused goods. Signature on delivery is accepted proof of receipt.,0.0016,2,0,0,train,101
af02f8d8531d,cust_12345,unauthorized_3ds,unauthorized,digital_goods,4503.27,1,1,1,1.0,0.0,265,0,2,11,0.838,2025-08-17,2025-08-28,TRK527333513,2025-08-19 21:00:00,Digital items are non-refundable after delivery to the registered account.,0.2279,7,1,0,train,101
fb62c9cb7cbc,cust_14228,friendly_fraud_long_tenure,not_as_described,digital_goods,6854.27,0,0,0,0.0,1.0,868,2,1,45,0.982,2025-06-05,2025-07-20,,,Digital items are non-refundable after delivery to the registered account.,0.0259,5,0,0,train,101
d7c5bf9aab2d,cust_96853,high_velocity_attack,unauthorized,travel,877.41,0,0,0,0.0,1.0,8,0,12,1,2.718,2025-09-14,2025-09-15,,,Cancellations follow fare rules. 3DS-authenticated bookings are treated as cardholder-present.,0.021,8,0,0,train,101
2925a04b7e62,cust_62388,friendly_fraud_long_tenure,unauthorized,digital_goods,2438.61,1,0,1,1.0,0.0,733,1,1,22,1.652,2025-04-02,2025-04-24,TRK132579027,2025-04-04 09:00:00,Digital items are non-refundable after delivery to the registered account.,-0.1486,3,0,0,train,101
c21895a6ee96,cust_31881,friendly_fraud_long_tenure,unauthorized,subscriptions,3024.3,1,0,1,0.0,0.0,1266,2,1,18,0.442,2025-06-04,2025-06-22,TRK294660296,2025-06-07 16:00:00,First billing cycle may be refunded; subsequent cycles require unused-period evidence.,-0.1713,5,0,1,train,101
af5577afd6e2,cust_54771,unauthorized_3ds,unauthorized,digital_goods,1397.18,1,1,0,1.0,1.0,517,0,2,12,0.528,2025-09-16,2025-09-28,TRK868249517,2025-09-19 21:00:00,Digital items are non-refundable after delivery to the registered account.,-0.0584,8,0,1,train,101
f37f12ec11dc,cust_69101,high_velocity_attack,unauthorized,ecommerce,1007.1,1,1,0,0.0,0.0,27,0,6,5,1.039,2025-08-25,2025-08-30,TRK444748153,2025-08-25 18:00:00,30-day returns on unused goods. Signature on delivery is accepted proof of receipt.,0.1831,7,0,0,train,101
644cfed5860e,cust_92607,high_velocity_attack,unauthorized,travel,12333.28,1,0,0,0.0,1.0,36,0,8,4,1.755,2025-07-07,2025-07-11,TRK706503081,2025-07-10 06:00:00,Cancellations follow fare rules. 3DS-authenticated bookings are treated as cardholder-present.,-0.1329,6,0,0,train,101
c47156b82a51,cust_57071,unauthorized_3ds,unauthorized,ecommerce,2885.87,0,1,1,1.0,0.0,888,1,1,17,0.708,2025-07-23,2025-08-09,,,30-day returns on unused goods. Signature on delivery is accepted proof of receipt.,-0.1593,6,0,1,train,101
7dbb18593029,cust_56507,inr_delivery_confirmed,item_not_received,ecommerce,3689.38,1,0,0,0.0,1.0,111,1,2,15,1.153,2025-06-21,2025-07-06,TRK425448404,2025-06-21 22:00:00,30-day returns on unused goods. Signature on delivery is accepted proof of receipt.,0.0461,5,0,1,train,101
4b110642d87c,cust_91566,inr_delivery_confirmed,item_not_received,grocery,2264.32,1,0,1,1.0,1.0,16,0,2,35,0.859,2025-09-25,2025-10-30,TRK478773609,2025-09-27 13:00:00,Perishable goods are non-returnable after delivery confirmation.,0.2399,8,0,0,train,101
9623279ea46e,cust_85999,friendly_fraud_long_tenure,not_as_described,fashion,4364.07,1,0,1,1.0,1.0,793,2,2,34,1.156,2025-08-14,2025-09-17,TRK334346185,2025-08-15 05:00:00,7-day exchange window. Delivery photo and tracking are retained for 180 days.,-0.1856,7,1,0,train,101
46b40f21b6c1,cust_14016,high_velocity_attack,unauthorized,ecommerce,2331.99,0,0,0,1.0,0.0,26,0,6,4,1.57,2025-08-15,2025-08-19,,,30-day returns on unused goods. Signature on delivery is accepted proof of receipt.,0.129,7,0,0,train,101
13ed94080e0d,cust_21362,inr_delivery_confirmed,item_not_received,grocery,1103.28,1,1,1,0.0,0.0,623,1,2,2,1.058,2025-03-20,2025-03-22,TRK530625904,2025-03-22 20:00:00,Perishable goods are non-returnable after delivery confirmation.,-0.0125,2,0,1,train,101
377b5fa05903,cust_74859,friendly_fraud_long_tenure,unauthorized,digital_goods,3366.88,1,1,1,1.0,0.0,936,1,2,10,2.436,2025-06-13,2025-06-23,TRK784084492,2025-06-16 20:00:00,Digital items are non-refundable after delivery to the registered account.,-0.0405,5,0,0,train,101
c64367771062,cust_51159,friendly_fraud_long_tenure,unauthorized,fashion,9652.01,1,0,1,0.0,0.0,561,1,1,32,0.518,2025-02-07,2025-03-11,TRK791516712,2025-02-10 22:00:00,7-day exchange window. Delivery photo and tracking are retained for 180 days.,-0.0055,1,0,1,train,101
1a2f3f85851e,cust_38383,no_evidence,unauthorized,services,2187.2,0,0,0,1.0,0.0,0,0,1,5,0.314,2025-04-06,2025-04-11,,,Service completion notes and customer confirmation emails are retained.,0.1688,3,0,0,train,101
326265ec583f,cust_96522,no_evidence,item_not_received,ecommerce,1843.1,0,0,0,1.0,0.0,274,1,2,31,1.363,2025-05-26,2025-06-26,,,30-day returns on unused goods. Signature on delivery is accepted proof of receipt.,0.1569,4,0,0,train,101
a3d433f56994,cust_31634,unauthorized_3ds,unauthorized,travel,4281.09,1,1,1,0.0,1.0,272,0,1,13,1.818,2025-05-10,2025-05-23,TRK628594260,2025-05-13 23:00:00,Cancellations follow fare rules. 3DS-authenticated bookings are treated as cardholder-present.,-0.0822,4,1,0,train,101
6d0ed5fb29b5,cust_36978,no_evidence,not_as_described,digital_goods,2145.49,1,1,0,0.0,0.0,269,0,2,20,0.917,2025-03-28,2025-04-17,TRK734263561,2025-03-30 22:00:00,Digital items are non-refundable after delivery to the registered account.,0.108,2,0,0,train,101
a6d61a85af05,cust_54556,inr_delivery_confirmed,item_not_received,grocery,5244.64,1,1,1,1.0,1.0,536,0,1,18,0.615,2025-07-13,2025-07-31,TRK475216517,2025-07-15 02:00:00,Perishable goods are non-returnable after delivery confirmation.,0.23,6,0,1,train,101
fb4a94876528,cust_49958,inr_delivery_confirmed,item_not_received,ecommerce,2419.58,1,1,0,0.0,1.0,786,1,2,28,1.031,2025-03-26,2025-04-23,TRK397303078,2025-03-28 18:00:00,30-day returns on unused goods. Signature on delivery is accepted proof of receipt.,0.1335,2,0,1,train,101
d90238917e5b,cust_96128,high_velocity_attack,unauthorized,digital_goods,641.89,1,0,1,0.0,0.0,105,0,7,9,3.643,2025-06-19,2025-06-28,TRK513144852,2025-06-22 13:00:00,Digital items are non-refundable after delivery to the registered account.,0.0736,5,0,1,train,101
94abc34b6904,cust_11785,high_velocity_attack,unauthorized,travel,5839.34,0,0,0,0.0,0.0,0,1,7,11,2.323,2025-08-21,2025-09-01,,,Cancellations follow fare rules. 3DS-authenticated bookings are treated as cardholder-present.,0.0082,7,0,0,train,101
74425f63ce1f,cust_59086,unauthorized_3ds,unauthorized,travel,8791.68,1,1,0,1.0,0.0,31,0,1,23,1.094,2025-03-12,2025-04-04,TRK885193568,2025-03-15 07:00:00,Cancellations follow fare rules. 3DS-authenticated bookings are treated as cardholder-present.,-0.1144,2,0,1,train,101
d3edcda80e3e,cust_38872,no_evidence,not_as_described,digital_goods,3872.26,1,0,0,0.0,0.0,210,1,3,21,0.9,2025-03-05,2025-03-26,TRK222445774,2025-03-08 13:00:00,Digital items are non-refundable after delivery to the registered account.,-0.0097,2,0,0,train,101
64599e39d948,cust_24860,inr_delivery_confirmed,item_not_received,grocery,3494.04,1,0,1,1.0,1.0,551,0,1,8,1.083,2025-08-09,2025-08-17,TRK683323219,2025-08-12 06:00:00,Perishable goods are non-returnable after delivery confirmation.,0.1613,7,0,1,train,101
fe27436b3cda,cust_96069,inr_delivery_confirmed,item_not_received,grocery,3695.34,1,0,1,1.0,0.0,1107,1,1,2,1.259,2025-03-17,2025-03-19,TRK114064117,2025-03-18 14:00:00,Perishable goods are non-returnable after delivery confirmation.,-0.1012,2,0,1,train,101
57d93139e0c3,cust_54242,high_velocity_attack,unauthorized,travel,581.89,0,0,1,,0.0,0,0,3,2,2.296,2025-09-18,2025-09-20,,,Cancellations follow fare rules. 3DS-authenticated bookings are treated as cardholder-present.,-0.139,8,0,0,train,101
f58d01adec27,cust_87524,unauthorized_3ds,unauthorized,digital_goods,3555.18,0,1,1,1.0,0.0,605,1,1,1,0.419,2025-05-15,2025-05-16,,,Digital items are non-refundable after delivery to the registered account.,-0.0132,4,0,1,train,101
901bb2a6ec65,cust_10356,high_velocity_attack,unauthorized,digital_goods,1482.71,0,1,0,0.0,0.0,0,0,8,12,0.173,2025-07-05,2025-07-17,,,Digital items are non-refundable after delivery to the registered account.,0.1689,6,0,1,train,101
d2a2f66452ce,cust_42260,inr_delivery_confirmed,item_not_received,ecommerce,3176.29,1,0,1,1.0,1.0,714,0,1,22,0.837,2025-04-27,2025-05-19,TRK951609798,2025-04-29 11:00:00,30-day returns on unused goods. Signature on delivery is accepted proof of receipt.,-0.1233,3,1,1,train,101
53d939153792,cust_77241,unauthorized_3ds,unauthorized,ecommerce,4470.26,0,0,1,0.0,0.0,220,0,2,21,0.864,2025-02-18,2025-03-11,,,30-day returns on unused goods. Signature on delivery is accepted proof of receipt.,0.0817,1,0,1,train,101
3b3848b1031b,cust_85419,inr_delivery_confirmed,item_not_received,fashion,2572.5,1,1,1,0.0,1.0,281,3,1,12,1.21,2025-02-05,2025-02-17,TRK481065376,2025-02-06 00:00:00,7-day exchange window. Delivery photo and tracking are retained for 180 days.,-0.2033,1,1,0,train,101
f8698c8e82fd,cust_25359,inr_delivery_confirmed,item_not_received,grocery,6117.2,1,0,0,1.0,0.0,57,1,1,5,0.638,2025-04-20,2025-04-25,TRK244216303,2025-04-21 19:00:00,Perishable goods are non-returnable after delivery confirmation.,-0.0885,3,0,1,train,101
68dd6d56b1e5,cust_88023,friendly_fraud_long_tenure,unauthorized,fashion,3900.53,0,1,1,1.0,1.0,1236,2,1,25,,2025-07-15,2025-08-09,,,7-day exchange window. Delivery photo and tracking are retained for 180 days.,-0.1446,6,0,0,train,101
8a48b77f3b68,cust_30764,inr_delivery_confirmed,item_not_received,grocery,4224.08,0,1,1,1.0,1.0,792,1,1,2,1.152,2025-05-27,2025-05-29,,,Perishable goods are non-returnable after delivery confirmation.,-0.1122,4,0,1,train,101
bde731c7e5eb,cust_55615,unauthorized_3ds,unauthorized,travel,10116.01,0,1,1,1.0,1.0,469,1,1,21,0.47,2025-06-24,2025-07-15,,,Cancellations follow fare rules. 3DS-authenticated bookings are treated as cardholder-present.,0.1045,5,0,1,train,101
895811e6fed2,cust_44307,friendly_fraud_long_tenure,unauthorized,subscriptions,3047.38,0,1,1,0.0,0.0,468,4,2,44,1.769,2025-05-20,2025-07-03,,,First billing cycle may be refunded; subsequent cycles require unused-period evidence.,-0.1215,4,1,1,train,101
0e9f436eac53,cust_65679,high_velocity_attack,unauthorized,digital_goods,2488.12,0,0,0,1.0,0.0,43,1,5,12,1.685,2025-02-01,2025-02-13,,,Digital items are non-refundable after delivery to the registered account.,0.1199,1,0,0,train,101
a8e07e2dee37,cust_39356,no_evidence,unauthorized,ecommerce,4143.86,0,0,0,0.0,0.0,0,2,3,43,2.163,2025-07-02,2025-08-14,,,30-day returns on unused goods. Signature on delivery is accepted proof of receipt.,-0.2601,6,0,0,train,101
b098223e7e8e,cust_14639,unauthorized_3ds,unauthorized,digital_goods,3846.27,1,1,1,1.0,1.0,26,0,1,10,1.241,2025-08-09,2025-08-19,TRK496644120,2025-08-10 13:00:00,Digital items are non-refundable after delivery to the registered account.,-0.2689,7,0,0,train,101
a13c48b64fe7,cust_25407,inr_delivery_confirmed,item_not_received,ecommerce,3779.43,1,0,1,1.0,1.0,1070,1,1,12,1.095,2025-06-13,2025-06-25,TRK410933672,2025-06-14 15:00:00,30-day returns on unused goods. Signature on delivery is accepted proof of receipt.,0.1125,5,0,1,train,101
0e15c61d7cc7,cust_80115,high_velocity_attack,unauthorized,travel,1863.72,1,0,0,0.0,1.0,13,0,6,5,4.016,2025-03-12,2025-03-17,TRK198596761,2025-03-15 04:00:00,Cancellations follow fare rules. 3DS-authenticated bookings are treated as cardholder-present.,-0.0199,2,0,1,train,101
8129db7b206c,cust_74187,unauthorized_3ds,unauthorized,digital_goods,2086.53,0,1,0,0.0,0.0,320,1,3,18,1.034,2025-05-03,2025-05-21,,,Digital items are non-refundable after delivery to the registered account.,-0.0422,4,0,1,train,101
e4dc6f3a7d09,cust_13288,high_velocity_attack,unauthorized,ecommerce,2556.0,1,1,0,0.0,0.0,0,0,8,6,3.593,2025-02-23,2025-03-01,TRK150653587,2025-02-24 21:00:00,30-day returns on unused goods. Signature on delivery is accepted proof of receipt.,0.1077,1,0,0,train,101
6eec49251b44,cust_39334,unauthorized_3ds,unauthorized,ecommerce,3591.78,1,1,0,1.0,0.0,390,0,2,1,0.485,2025-09-15,2025-09-16,TRK519351500,2025-09-16 01:00:00,30-day returns on unused goods. Signature on delivery is accepted proof of receipt.,0.0526,8,0,0,train,101
7a7d89746863,cust_36245,no_evidence,not_as_described,services,920.0,0,0,0,0.0,0.0,0,0,1,28,1.981,2025-08-16,2025-09-13,,,Service completion notes and customer confirmation emails are retained.,-0.087,7,0,0,train,101
43d7aa1271b0,cust_48815,unauthorized_3ds,unauthorized,digital_goods,1607.8,1,1,1,1.0,1.0,971,0,3,13,1.12,2025-02-07,2025-02-20,TRK672558192,2025-02-09 08:00:00,Digital items are non-refundable after delivery to the registered account.,0.0826,1,0,0,train,101
a9a5a0144f30,cust_47644,inr_delivery_confirmed,item_not_received,fashion,3295.74,1,1,1,1.0,1.0,7,1,1,32,0.598,2025-08-30,2025-10-01,TRK941323878,2025-09-02 21:00:00,7-day exchange window. Delivery photo and tracking are retained for 180 days.,-0.0831,8,0,0,train,101
d5a42ed57614,cust_52300,high_velocity_attack,unauthorized,digital_goods,2958.97,1,0,0,0.0,0.0,153,0,7,2,0.1,2025-06-18,2025-06-20,TRK857310488,2025-06-21 12:00:00,Digital items are non-refundable after delivery to the registered account.,-0.0046,5,1,0,train,101
db57aba1e1a9,cust_53368,no_evidence,item_not_received,services,3268.33,0,0,0,0.0,0.0,163,1,4,43,0.385,2025-03-13,2025-04-25,,,Service completion notes and customer confirmation emails are retained.,0.0691,2,0,0,train,101
5688eacd468a,cust_93133,inr_delivery_confirmed,item_not_received,fashion,1475.15,1,0,1,1.0,0.0,7,1,1,30,1.647,2025-08-14,2025-09-13,TRK225069926,2025-08-16 10:00:00,7-day exchange window. Delivery photo and tracking are retained for 180 days.,-0.0482,7,0,1,train,101
5a27cc1e8a49,cust_60230,inr_delivery_confirmed,item_not_received,fashion,7690.31,1,1,1,1.0,1.0,997,1,1,18,0.327,2025-06-12,2025-06-30,TRK912102568,2025-06-13 18:00:00,7-day exchange window. Delivery photo and tracking are retained for 180 days.,-0.0293,5,0,1,train,101
8949d801f987,cust_87500,friendly_fraud_long_tenure,unauthorized,fashion,12497.79,1,0,0,1.0,1.0,727,1,1,20,1.859,2025-02-22,2025-03-14,TRK993082685,2025-02-25 17:00:00,7-day exchange window. Delivery photo and tracking are retained for 180 days.,-0.0606,1,0,1,train,101
2fb1d41a7c83,cust_88122,friendly_fraud_long_tenure,item_not_received,digital_goods,4161.39,1,1,0,1.0,1.0,1379,0,1,41,0.236,2025-08-30,2025-10-10,TRK187941083,2025-09-01 08:00:00,Digital items are non-refundable after delivery to the registered account.,-0.0185,8,0,1,train,101
acc3b382b2b0,cust_49684,friendly_fraud_long_tenure,item_not_received,fashion,4422.73,1,0,0,1.0,0.0,1227,1,2,39,2.989,2025-06-05,2025-07-14,TRK136377744,2025-06-06 04:00:00,7-day exchange window. Delivery photo and tracking are retained for 180 days.,-0.1295,5,0,0,train,101
450f12db6bfe,cust_33526,high_velocity_attack,unauthorized,ecommerce,2653.54,0,0,0,0.0,0.0,7,0,8,9,1.609,2025-09-25,2025-10-04,,,30-day returns on unused goods. Signature on delivery is accepted proof of receipt.,0.0154,8,0,0,train,101
ec5cbf5535f7,cust_30066,inr_delivery_confirmed,item_not_received,fashion,1994.46,0,1,1,0.0,1.0,873,1,1,3,0.995,2025-05-16,2025-05-19,,,7-day exchange window. Delivery photo and tracking are retained for 180 days.,0.1457,4,1,0,train,101
6f9c4b625510,cust_96807,no_evidence,item_not_received,digital_goods,3121.88,0,0,1,0.0,0.0,46,0,3,27,2.112,2025-05-22,2025-06-18,,,Digital items are non-refundable after delivery to the registered account.,0.0533,4,0,0,train,101
9740b76678eb,cust_80685,inr_delivery_confirmed,item_not_received,grocery,3603.42,1,1,0,1.0,0.0,958,1,1,32,1.228,2025-06-22,2025-07-24,TRK539980369,2025-06-23 08:00:00,Perishable goods are non-returnable after delivery confirmation.,0.004,5,0,1,train,101
084604288cfa,cust_24939,high_velocity_attack,unauthorized,ecommerce,2132.64,0,0,0,0.0,0.0,66,0,4,4,1.159,2025-07-22,2025-07-26,,,30-day returns on unused goods. Signature on delivery is accepted proof of receipt.,-0.0655,6,0,1,train,101
5a66e2032b3b,cust_73954,high_velocity_attack,unauthorized,travel,7218.74,0,0,1,0.0,0.0,18,0,10,5,3.591,2025-05-27,2025-06-01,,,Cancellations follow fare rules. 3DS-authenticated bookings are treated as cardholder-present.,-0.1301,4,0,0,train,101
9457ea8524c7,cust_42164,friendly_fraud_long_tenure,unauthorized,ecommerce,2490.92,0,0,0,0.0,1.0,1092,3,2,37,1.888,2025-08-21,2025-09-27,,,30-day returns on unused goods. Signature on delivery is accepted proof of receipt.,-0.003,7,0,0,train,101
c5208aa89f29,cust_64587,friendly_fraud_long_tenure,item_not_received,fashion,6933.62,1,1,0,0.0,0.0,1181,0,2,19,,2025-03-16,2025-04-04,TRK863721623,2025-03-19 13:00:00,7-day exchange window. Delivery photo and tracking are retained for 180 days.,-0.0312,2,0,1,train,101
b59126089172,cust_29503,inr_delivery_confirmed,item_not_received,fashion,7851.79,1,0,1,1.0,0.0,587,3,1,16,1.305,2025-08-14,2025-08-30,TRK580810478,2025-08-15 01:00:00,7-day exchange window. Delivery photo and tracking are retained for 180 days.,-0.0214,7,0,1,train,101
830339674f30,cust_71716,inr_delivery_confirmed,item_not_received,fashion,1250.82,0,0,1,1.0,1.0,800,2,2,12,0.801,2025-08-02,2025-08-14,,,7-day exchange window. Delivery photo and tracking are retained for 180 days.,0.0953,7,0,1,train,101
a76374380ea3,cust_97451,inr_delivery_confirmed,item_not_received,fashion,6109.24,1,0,1,0.0,1.0,416,2,1,2,0.995,2025-04-28,2025-04-30,TRK933069261,2025-05-01 12:00:00,7-day exchange window. Delivery photo and tracking are retained for 180 days.,-0.1251,3,0,0,train,101
a0985cb88dce,cust_34507,friendly_fraud_long_tenure,not_as_described,fashion,2683.01,0,0,1,1.0,1.0,880,2,1,23,1.407,2025-03-22,2025-04-14,,,7-day exchange window. Delivery photo and tracking are retained for 180 days.,0.1477,2,0,0,train,101
212c0567ea37,cust_43771,inr_delivery_confirmed,item_not_received,ecommerce,3585.76,1,1,1,0.0,1.0,618,1,1,16,1.439,2025-07-21,2025-08-06,TRK798852959,2025-07-24 02:00:00,30-day returns on unused goods. Signature on delivery is accepted proof of receipt.,-0.097,6,1,1,train,101
3f3de93bba98,cust_42777,high_velocity_attack,unauthorized,digital_goods,1605.39,0,1,0,0.0,0.0,0,0,6,11,2.9,2025-02-08,2025-02-19,,,Digital items are non-refundable after delivery to the registered account.,-0.058,1,0,0,train,101
63fe50a10b68,cust_88073,friendly_fraud_long_tenure,not_as_described,subscriptions,5619.98,0,0,1,0.0,0.0,1342,4,2,31,0.478,2025-02-07,2025-03-10,,,First billing cycle may be refunded; subsequent cycles require unused-period evidence.,-0.1255,1,0,0,train,101
4309547d6ee1,cust_78675,unauthorized_3ds,unauthorized,travel,1551.74,1,1,1,0.0,1.0,423,0,1,6,1.983,2025-09-13,2025-09-19,TRK885785107,2025-09-16 02:00:00,Cancellations follow fare rules. 3DS-authenticated bookings are treated as cardholder-present.,0.0175,8,0,1,train,101
c368ae04efd5,cust_25904,friendly_fraud_long_tenure,unauthorized,ecommerce,3191.47,0,1,0,1.0,0.0,1749,1,2,51,1.488,2025-06-09,2025-07-30,,,30-day returns on unused goods. Signature on delivery is accepted proof of receipt.,-0.1143,5,0,0,train,101
b621acec12f4,cust_88471,inr_delivery_confirmed,item_not_received,ecommerce,4594.58,1,1,1,1.0,0.0,11,0,1,2,0.207,2025-02-27,2025-03-01,TRK752690607,2025-03-01 20:00:00,30-day returns on unused goods. Signature on delivery is accepted proof of receipt.,-0.0792,1,0,1,train,101
cdc25bb47348,cust_62932,friendly_fraud_long_tenure,item_not_received,fashion,6257.08,0,1,1,0.0,0.0,1319,0,1,24,1.348,2025-06-23,2025-07-17,,,7-day exchange window. Delivery photo and tracking are retained for 180 days.,-0.1124,5,0,1,train,101
aad789f01537,cust_45978,no_evidence,not_as_described,services,3269.6,0,0,0,0.0,0.0,272,0,1,17,2.06,2025-03-25,2025-04-11,,,Service completion notes and customer confirmation emails are retained.,0.2609,2,0,0,train,101
bf2c670744ab,cust_97156,friendly_fraud_long_tenure,not_as_described,subscriptions,5615.98,1,0,1,0.0,0.0,214,4,1,12,1.403,2025-08-03,2025-08-15,TRK897577122,2025-08-04 15:00:00,First billing cycle may be refunded; subsequent cycles require unused-period evidence.,0.0604,7,0,1,train,101
40353b567c84,cust_89921,no_evidence,not_as_described,services,3617.25,0,0,0,0.0,,252,2,3,30,1.675,2025-05-08,2025-06-07,,,Service completion notes and customer confirmation emails are retained.,-0.0622,4,0,0,train,101
734c59a3bcb9,cust_50280,inr_delivery_confirmed,item_not_received,grocery,3370.1,1,0,0,1.0,0.0,400,0,1,15,1.198,2025-09-09,2025-09-24,TRK208284075,2025-09-10 05:00:00,Perishable goods are non-returnable after delivery confirmation.,-0.0726,8,1,0,train,101
4fa98d357f7f,cust_39836,friendly_fraud_long_tenure,item_not_received,ecommerce,4717.38,1,1,0,1.0,0.0,633,0,2,23,0.544,2025-04-20,2025-05-13,TRK245843400,2025-04-20 20:00:00,30-day returns on unused goods. Signature on delivery is accepted proof of receipt.,0.1346,3,0,0,train,101
f789c4297e8f,cust_52027,no_evidence,item_not_received,ecommerce,6297.91,0,0,0,0.0,0.0,112,3,1,35,0.883,2025-09-25,2025-10-30,,,30-day returns on unused goods. Signature on delivery is accepted proof of receipt.,0.0648,8,0,0,train,101
c73e64bf8679,cust_94354,friendly_fraud_long_tenure,item_not_received,subscriptions,2848.75,0,0,0,1.0,1.0,941,0,2,22,0.153,2025-08-14,2025-09-05,,,First billing cycle may be refunded; subsequent cycles require unused-period evidence.,0.0774,7,0,0,train,101
608475487a67,cust_15504,inr_delivery_confirmed,item_not_received,grocery,2827.74,1,1,1,0.0,1.0,428,2,1,16,0.765,2025-02-26,2025-03-14,TRK527962857,2025-02-28 22:00:00,Perishable goods are non-returnable after delivery confirmation.,-0.0004,1,0,0,train,101
315e841b1ce3,cust_92117,high_velocity_attack,unauthorized,ecommerce,1662.71,1,0,0,1.0,0.0,20,0,6,14,0.1,2025-03-16,2025-03-30,TRK191945570,2025-03-18 08:00:00,30-day returns on unused goods. Signature on delivery is accepted proof of receipt.,-0.04,2,0,1,train,101
deab4267ce64,cust_38584,friendly_fraud_long_tenure,item_not_received,digital_goods,4658.11,0,0,1,1.0,1.0,505,2,1,29,0.64,2025-09-07,2025-10-06,,,Digital items are non-refundable after delivery to the registered account.,0.0263,8,0,0,train,101
50e5fd37ac2b,cust_15974,friendly_fraud_long_tenure,item_not_received,subscriptions,11981.06,1,1,1,1.0,0.0,550,1,1,14,2.761,2025-04-24,2025-05-08,TRK491517946,2025-04-26 01:00:00,First billing cycle may be refunded; subsequent cycles require unused-period evidence.,-0.0072,3,1,1,train,101
816578818b05,cust_97250,friendly_fraud_long_tenure,item_not_received,fashion,6132.65,1,0,1,0.0,1.0,269,4,2,24,1.266,2025-06-22,2025-07-16,TRK472091406,2025-06-23 12:00:00,7-day exchange window. Delivery photo and tracking are retained for 180 days.,-0.0187,5,0,0,train,101
dfb3c4839034,cust_38041,unauthorized_3ds,unauthorized,digital_goods,6584.43,0,1,0,1.0,1.0,249,1,1,18,1.076,2025-06-05,2025-06-23,,,Digital items are non-refundable after delivery to the registered account.,-0.1267,5,0,1,train,101
893dd5a8a82d,cust_79996,high_velocity_attack,unauthorized,ecommerce,1392.92,0,0,1,1.0,,14,1,9,6,,2025-07-16,2025-07-22,,,30-day returns on unused goods. Signature on delivery is accepted proof of receipt.,-0.0935,6,0,0,train,101
63c85ea23ec2,cust_68188,no_evidence,item_not_received,ecommerce,6533.88,0,0,0,0.0,0.0,33,0,5,41,1.757,2025-04-21,2025-06-01,,,30-day returns on unused goods. Signature on delivery is accepted proof of receipt.,-0.1334,3,0,0,train,101
6a7f8bf4e71c,cust_81784,high_velocity_attack,unauthorized,digital_goods,311.25,0,0,0,0.0,0.0,0,0,6,11,2.35,2025-09-25,2025-10-06,,,Digital items are non-refundable after delivery to the registered account.,0.1093,8,0,0,train,101
3b8ac9f2c2f6,cust_97850,high_velocity_attack,unauthorized,ecommerce,2307.25,1,1,0,0.0,0.0,58,0,5,6,3.721,2025-02-06,2025-02-12,TRK787485035,2025-02-07 00:00:00,30-day returns on unused goods. Signature on delivery is accepted proof of receipt.,-0.0852,1,0,1,train,101
3bd30592e8f9,cust_90076,high_velocity_attack,unauthorized,digital_goods,998.04,0,0,0,0.0,0.0,0,0,7,9,2.592,2025-04-14,2025-04-23,,,Digital items are non-refundable after delivery to the registered account.,-0.0365,3,0,1,train,101
5804cc424241,cust_48705,no_evidence,not_as_described,digital_goods,6801.57,0,0,0,1.0,0.0,213,1,2,49,0.968,2025-02-07,2025-03-28,,,Digital items are non-refundable after delivery to the registered account.,-0.0413,1,0,1,train,101
63ce90a4cdc1,cust_14027,unauthorized_3ds,unauthorized,travel,8711.78,1,1,0,1.0,0.0,239,1,2,16,1.055,2025-06-03,2025-06-19,TRK256649905,2025-06-05 01:00:00,Cancellations follow fare rules. 3DS-authenticated bookings are treated as cardholder-present.,0.041,5,0,0,train,101
3aad08494d82,cust_18842,unauthorized_3ds,unauthorized,digital_goods,4520.62,0,1,1,,0.0,309,0,1,10,0.63,2025-05-26,2025-06-05,,,Digital items are non-refundable after delivery to the registered account.,-0.0969,4,0,1,train,101
ef6bbcdabc42,cust_55270,inr_delivery_confirmed,item_not_received,ecommerce,5155.61,1,0,1,1.0,0.0,651,0,3,9,0.525,2025-04-18,2025-04-27,TRK190336667,2025-04-21 11:00:00,30-day returns on unused goods. Signature on delivery is accepted proof of receipt.,0.0904,3,0,1,train,101
55f0fd135126,cust_69920,no_evidence,item_not_received,services,5077.66,0,0,0,0.0,0.0,96,1,2,43,1.617,2025-06-23,2025-08-05,,,Service completion notes and customer confirmation emails are retained.,-0.0672,5,1,1,train,101
971f334aaabc,cust_70309,high_velocity_attack,unauthorized,ecommerce,1392.05,0,1,0,1.0,0.0,28,0,14,1,1.922,2025-02-23,2025-02-24,,,30-day returns on unused goods. Signature on delivery is accepted proof of receipt.,0.1718,1,0,0,train,101
3f29fe271400,cust_27589,inr_delivery_confirmed,item_not_received,ecommerce,8555.2,1,1,1,0.0,1.0,7,0,2,13,1.12,2025-02-02,2025-02-15,TRK241170664,2025-02-03 17:00:00,30-day returns on unused goods. Signature on delivery is accepted proof of receipt.,0.0084,1,1,0,train,101
76ff251dd931,cust_71413,unauthorized_3ds,unauthorized,travel,1305.96,0,0,1,1.0,1.0,538,0,1,11,1.26,2025-05-10,2025-05-21,,,Cancellations follow fare rules. 3DS-authenticated bookings are treated as cardholder-present.,-0.1104,4,1,1,train,101
d99bd54cd96b,cust_49935,friendly_fraud_long_tenure,unauthorized,digital_goods,2923.68,1,0,1,0.0,1.0,832,1,1,6,1.526,2025-08-31,2025-09-06,TRK353583102,2025-09-02 22:00:00,Digital items are non-refundable after delivery to the registered account.,-0.1161,8,0,1,train,101
f57c890d7a81,cust_40438,unauthorized_3ds,unauthorized,travel,5701.79,1,1,1,0.0,1.0,125,0,1,13,0.809,2025-07-13,2025-07-26,TRK227969101,2025-07-16 16:00:00,Cancellations follow fare rules. 3DS-authenticated bookings are treated as cardholder-present.,-0.0143,6,0,0,train,101
5a1c793a0b00,cust_91369,no_evidence,not_as_described,ecommerce,947.91,0,0,0,0.0,0.0,66,1,1,19,2.364,2025-02-24,2025-03-15,,,30-day returns on unused goods. Signature on delivery is accepted proof of receipt.,-0.0369,1,0,0,train,101
6cd82117fc70,cust_78929,no_evidence,not_as_described,services,3805.04,0,1,1,,0.0,191,1,1,28,0.821,2025-02-01,2025-03-01,,,Service completion notes and customer confirmation emails are retained.,-0.1652,1,0,0,train,101
25d4dc33aa8c,cust_25781,unauthorized_3ds,unauthorized,digital_goods,2418.09,0,1,1,0.0,1.0,924,1,1,1,2.139,2025-07-15,2025-07-16,,,Digital items are non-refundable after delivery to the registered account.,0.0273,6,0,0,train,101
cf2a0288b38b,cust_42563,friendly_fraud_long_tenure,item_not_received,subscriptions,3859.88,1,0,1,1.0,1.0,1807,3,1,25,1.571,2025-03-12,2025-04-06,TRK679674346,2025-03-14 21:00:00,First billing cycle may be refunded; subsequent cycles require unused-period evidence.,-0.0069,2,0,1,train,101
49d7b76436f9,cust_26040,inr_delivery_confirmed,item_not_received,ecommerce,6807.39,1,1,1,,1.0,206,1,1,3,1.741,2025-04-20,2025-04-23,TRK998000593,2025-04-21 23:00:00,30-day returns on unused goods. Signature on delivery is accepted proof of receipt.,0.0161,3,0,1,train,101
8f04dc9afd65,cust_49325,unauthorized_3ds,unauthorized,travel,5739.93,1,1,1,1.0,1.0,565,0,2,21,0.897,2025-05-22,2025-06-12,TRK212718181,2025-05-22 18:00:00,Cancellations follow fare rules. 3DS-authenticated bookings are treated as cardholder-present.,0.0491,4,0,1,train,101
87415680db82,cust_58250,unauthorized_3ds,unauthorized,ecommerce,1936.09,0,1,0,0.0,0.0,445,1,1,8,,2025-04-07,2025-04-15,,,30-day returns on unused goods. Signature on delivery is accepted proof of receipt.,-0.1966,3,0,1,train,101
5ae451468b81,cust_69072,no_evidence,unauthorized,digital_goods,4594.36,0,1,0,0.0,0.0,0,1,6,13,2.005,2025-05-02,2025-05-15,,,Digital items are non-refundable after delivery to the registered account.,0.0328,4,0,0,train,101
305f5f97ff96,cust_82534,high_velocity_attack,unauthorized,travel,1854.15,1,0,0,0.0,0.0,36,1,5,6,0.52,2025-06-26,2025-07-02,TRK413749405,2025-06-27 06:00:00,Cancellations follow fare rules. 3DS-authenticated bookings are treated as cardholder-present.,0.0569,5,0,0,train,101
3a6281194846,cust_37104,unauthorized_3ds,unauthorized,digital_goods,4265.06,1,1,1,1.0,1.0,667,0,1,11,1.832,2025-02-11,2025-02-22,TRK971640182,2025-02-13 01:00:00,Digital items are non-refundable after delivery to the registered account.,-0.0875,1,0,1,train,101
3f4ba97e2b76,cust_17976,unauthorized_3ds,unauthorized,digital_goods,6677.47,0,1,0,0.0,0.0,957,1,2,21,1.102,2025-04-09,2025-04-30,,,Digital items are non-refundable after delivery to the registered account.,0.0667,3,0,0,train,101
928efc535634,cust_23166,no_evidence,unauthorized,ecommerce,7142.9,0,0,0,0.0,0.0,0,1,1,6,0.816,2025-03-19,2025-03-25,,,30-day returns on unused goods. Signature on delivery is accepted proof of receipt.,-0.3047,2,0,0,train,101
e1216833ded2,cust_94289,no_evidence,item_not_received,digital_goods,1773.55,0,0,0,0.0,0.0,0,0,2,27,0.958,2025-08-13,2025-09-09,,,Digital items are non-refundable after delivery to the registered account.,0.2038,7,0,0,train,101
505ddc04b4d0,cust_46769,friendly_fraud_long_tenure,not_as_described,subscriptions,1546.03,0,0,1,1.0,0.0,825,2,1,5,,2025-09-03,2025-09-08,,,First billing cycle may be refunded; subsequent cycles require unused-period evidence.,0.0727,8,1,0,train,101
7ac32c132714,cust_99433,friendly_fraud_long_tenure,unauthorized,subscriptions,2021.78,1,1,1,1.0,0.0,384,3,1,38,0.977,2025-09-06,2025-10-14,TRK131119664,2025-09-09 14:00:00,First billing cycle may be refunded; subsequent cycles require unused-period evidence.,-0.0725,8,0,0,train,101
9828850bccb7,cust_43246,no_evidence,not_as_described,digital_goods,3852.13,0,0,0,0.0,1.0,118,0,1,21,0.538,2025-09-10,2025-10-01,,,Digital items are non-refundable after delivery to the registered account.,-0.0053,8,0,0,train,101
3ef21c5757a3,cust_83790,inr_delivery_confirmed,item_not_received,grocery,3905.68,1,1,1,1.0,0.0,318,0,1,34,0.946,2025-03-29,2025-05-02,TRK880674834,2025-03-31 01:00:00,Perishable goods are non-returnable after delivery confirmation.,0.0816,2,1,1,train,101
cd6129b369e4,cust_90249,inr_delivery_confirmed,item_not_received,grocery,3423.26,1,1,0,0.0,1.0,206,2,1,13,1.002,2025-06-18,2025-07-01,TRK372495570,2025-06-19 10:00:00,Perishable goods are non-returnable after delivery confirmation.,0.0351,5,0,0,train,101
76581387f196,cust_33893,inr_delivery_confirmed,item_not_received,grocery,4969.61,1,1,0,0.0,1.0,792,1,1,24,1.212,2025-09-19,2025-10-13,TRK550587354,2025-09-22 05:00:00,Perishable goods are non-returnable after delivery confirmation.,-0.0193,8,0,1,train,101
f5f221cc1a3e,cust_23762,unauthorized_3ds,unauthorized,travel,6402.18,1,1,1,0.0,1.0,983,1,4,1,1.098,2025-03-11,2025-03-12,TRK848802730,2025-03-14 20:00:00,Cancellations follow fare rules. 3DS-authenticated bookings are treated as cardholder-present.,-0.1344,2,0,1,train,101
ce8f45cbf5ab,cust_13737,inr_delivery_confirmed,item_not_received,ecommerce,3019.27,1,0,0,1.0,1.0,563,1,1,23,1.382,2025-08-17,2025-09-09,TRK463290756,2025-08-18 07:00:00,30-day returns on unused goods. Signature on delivery is accepted proof of receipt.,-0.0392,7,0,0,train,101
af61c90f2f75,cust_64630,no_evidence,unauthorized,services,5974.8,1,0,0,0.0,0.0,141,2,1,36,1.768,2025-09-09,2025-10-15,TRK399527648,2025-09-11 23:00:00,Service completion notes and customer confirmation emails are retained.,0.041,8,0,0,train,101
ab9c87274d9c,cust_13118,no_evidence,item_not_received,ecommerce,2090.88,0,0,0,,0.0,14,1,2,29,3.185,2025-07-18,2025-08-16,,,30-day returns on unused goods. Signature on delivery is accepted proof of receipt.,-0.0485,6,0,0,train,101
7361433804b8,cust_39554,unauthorized_3ds,unauthorized,digital_goods,3934.81,0,1,1,0.0,0.0,971,0,1,11,,2025-09-19,2025-09-30,,,Digital items are non-refundable after delivery to the registered account.,0.0075,8,0,1,train,101
332f1fbb05c1,cust_42339,high_velocity_attack,unauthorized,travel,1836.69,0,0,0,1.0,0.0,61,0,10,9,2.44,2025-07-14,2025-07-23,,,Cancellations follow fare rules. 3DS-authenticated bookings are treated as cardholder-present.,0.1222,6,0,0,train,101
dd783352a5e4,cust_13059,inr_delivery_confirmed,item_not_received,ecommerce,6548.94,0,0,1,1.0,,834,0,2,15,1.033,2025-09-08,2025-09-23,,,30-day returns on unused goods. Signature on delivery is accepted proof of receipt.,-0.028,8,1,0,train,101
83e3b2e2b179,cust_18929,no_evidence,item_not_received,ecommerce,4883.34,0,0,0,0.0,,23,0,1,32,1.878,2025-04-07,2025-05-09,,,30-day returns on unused goods. Signature on delivery is accepted proof of receipt.,-0.0747,3,0,0,train,101
08aaca1731ef,cust_47491,inr_delivery_confirmed,item_not_received,ecommerce,11255.87,1,0,1,0.0,1.0,538,0,2,14,0.981,2025-07-15,2025-07-29,TRK533392594,2025-07-18 10:00:00,30-day returns on unused goods. Signature on delivery is accepted proof of receipt.,-0.1365,6,0,1,train,101
8dbdcc5350b3,cust_75003,inr_delivery_confirmed,item_not_received,ecommerce,2357.12,1,0,1,1.0,,655,0,1,32,0.616,2025-02-09,2025-03-13,TRK683181544,2025-02-10 19:00:00,30-day returns on unused goods. Signature on delivery is accepted proof of receipt.,0.0654,1,0,1,train,101
e17594bff3ca,cust_45087,friendly_fraud_long_tenure,not_as_described,digital_goods,5804.33,1,1,0,1.0,1.0,1357,0,3,50,1.309,2025-09-15,2025-11-04,TRK235917070,2025-09-18 18:00:00,Digital items are non-refundable after delivery to the registered account.,-0.0628,8,1,1,train,101
ea3625d4286a,cust_21175,friendly_fraud_long_tenure,not_as_described,fashion,7307.61,1,0,1,0.0,1.0,682,4,1,13,2.097,2025-03-12,2025-03-25,TRK113415337,2025-03-13 02:00:00,7-day exchange window. Delivery photo and tracking are retained for 180 days.,-0.08,2,0,1,train,101
104fa784a632,cust_66380,friendly_fraud_long_tenure,not_as_described,digital_goods,5319.49,0,1,1,1.0,1.0,480,1,2,13,,2025-08-21,2025-09-03,,,Digital items are non-refundable after delivery to the registered account.,-0.1811,7,0,0,train,101
01d8f703879c,cust_35866,unauthorized_3ds,unauthorized,digital_goods,1744.83,1,1,1,1.0,1.0,239,1,1,1,1.493,2025-05-27,2025-05-28,TRK319313619,2025-05-30 02:00:00,Digital items are non-refundable after delivery to the registered account.,0.2787,4,0,0,train,101
147ad05b0105,cust_26135,inr_delivery_confirmed,item_not_received,ecommerce,3447.43,1,1,1,1.0,1.0,609,2,1,23,1.526,2025-02-04,2025-02-27,TRK122740741,2025-02-06 14:00:00,30-day returns on unused goods. Signature on delivery is accepted proof of receipt.,-0.0468,1,0,1,train,101
baa3f4a9a7ee,cust_61035,friendly_fraud_long_tenure,unauthorized,digital_goods,1587.93,0,0,1,0.0,1.0,1039,1,2,3,1.91,2025-05-21,2025-05-24,,,Digital items are non-refundable after delivery to the registered account.,0.0105,4,0,1,train,101
ad297e787c64,cust_93491,inr_delivery_confirmed,item_not_received,fashion,12016.11,1,1,1,1.0,1.0,806,1,3,3,0.264,2025-07-04,2025-07-07,TRK645711843,2025-07-04 21:00:00,7-day exchange window. Delivery photo and tracking are retained for 180 days.,-0.0515,6,0,1,train,101
a22ec5b6503d,cust_35140,no_evidence,unauthorized,digital_goods,2197.39,0,0,0,0.0,1.0,174,1,1,26,1.548,2025-02-17,2025-03-15,,,Digital items are non-refundable after delivery to the registered account.,0.0611,1,0,0,train,101
e6b92b59f523,cust_12566,inr_delivery_confirmed,item_not_received,fashion,1462.3,1,1,1,1.0,1.0,344,2,2,9,0.673,2025-03-19,2025-03-28,TRK566657503,2025-03-19 21:00:00,7-day exchange window. Delivery photo and tracking are retained for 180 days.,-0.1736,2,0,1,train,101
6c2ea2ec9499,cust_74432,inr_delivery_confirmed,item_not_received,ecommerce,3578.54,1,0,0,1.0,1.0,685,0,1,17,1.063,2025-05-19,2025-06-05,TRK738026996,2025-05-20 07:00:00,30-day returns on unused goods. Signature on delivery is accepted proof of receipt.,-0.0368,4,0,0,train,101
1779fbe2d7ec,cust_37455,unauthorized_3ds,unauthorized,travel,4549.79,1,1,0,1.0,0.0,314,0,4,24,0.824,2025-05-24,2025-06-17,TRK261040850,2025-05-27 23:00:00,Cancellations follow fare rules. 3DS-authenticated bookings are treated as cardholder-present.,-0.0774,4,0,0,train,101
40855e70dba2,cust_86455,friendly_fraud_long_tenure,not_as_described,digital_goods,1927.18,0,0,1,1.0,1.0,414,1,2,22,,2025-04-21,2025-05-13,,,Digital items are non-refundable after delivery to the registered account.,-0.0426,3,0,0,train,101
776bf8d68079,cust_13750,unauthorized_3ds,unauthorized,ecommerce,3618.6,0,1,1,1.0,1.0,54,1,1,22,1.032,2025-03-05,2025-03-27,,,30-day returns on unused goods. Signature on delivery is accepted proof of receipt.,0.1524,2,0,0,train,101
75fe8379e7fb,cust_46047,no_evidence,item_not_received,services,1280.09,0,0,0,0.0,0.0,4,2,3,22,0.306,2025-02-16,2025-03-10,,,Service completion notes and customer confirmation emails are retained.,0.133,1,0,0,train,101
1ef7583a8014,cust_62777,inr_delivery_confirmed,item_not_received,grocery,2782.18,1,1,1,1.0,0.0,375,0,1,14,,2025-03-19,2025-04-02,TRK129280082,2025-03-19 23:00:00,Perishable goods are non-returnable after delivery confirmation.,0.1534,2,0,1,train,101
730263597146,cust_30022,unauthorized_3ds,unauthorized,ecommerce,3023.44,1,1,1,1.0,0.0,665,2,1,25,1.392,2025-05-24,2025-06-18,TRK680284479,2025-05-27 14:00:00,30-day returns on unused goods. Signature on delivery is accepted proof of receipt.,-0.2558,4,0,1,train,101
00a8256c26dd,cust_41399,friendly_fraud_long_tenure,not_as_described,digital_goods,6257.52,1,1,1,0.0,0.0,1390,1,2,10,1.093,2025-05-09,2025-05-19,TRK951532108,2025-05-11 01:00:00,Digital items are non-refundable after delivery to the registered account.,0.2078,4,0,0,train,101
8f43835ccffd,cust_41574,no_evidence,unauthorized,digital_goods,2297.79,0,1,0,1.0,0.0,153,0,5,33,1.244,2025-07-16,2025-08-18,,,Digital items are non-refundable after delivery to the registered account.,0.0009,6,1,1,train,101
e002397a3fc6,cust_98856,high_velocity_attack,unauthorized,travel,1838.73,0,1,0,1.0,0.0,47,1,7,4,2.098,2025-06-14,2025-06-18,,,Cancellations follow fare rules. 3DS-authenticated bookings are treated as cardholder-present.,-0.1011,5,0,0,train,101
398a8a727b9b,cust_37098,friendly_fraud_long_tenure,not_as_described,subscriptions,2737.63,1,0,0,0.0,1.0,263,1,1,3,1.503,2025-08-18,2025-08-21,TRK486059095,2025-08-20 10:00:00,First billing cycle may be refunded; subsequent cycles require unused-period evidence.,0.1453,7,0,1,train,101
19994e0b9e24,cust_42727,no_evidence,not_as_described,digital_goods,3616.53,0,0,0,1.0,0.0,0,1,3,42,2.244,2025-03-28,2025-05-09,,,Digital items are non-refundable after delivery to the registered account.,-0.0369,2,0,1,train,101
39d9f318738a,cust_11633,inr_delivery_confirmed,item_not_received,fashion,2502.83,1,0,1,1.0,1.0,603,0,1,30,0.904,2025-03-07,2025-04-06,TRK175452715,2025-03-08 23:00:00,7-day exchange window. Delivery photo and tracking are retained for 180 days.,-0.1358,2,0,1,train,101
e2852a9ee4c5,cust_23458,unauthorized_3ds,unauthorized,digital_goods,4224.42,0,0,1,1.0,0.0,235,1,1,15,1.251,2025-08-15,2025-08-30,,,Digital items are non-refundable after delivery to the registered account.,0.0053,7,0,1,train,101
6a14aeb5ae03,cust_77442,high_velocity_attack,unauthorized,ecommerce,3703.65,0,0,0,0.0,,0,0,10,5,3.542,2025-09-08,2025-09-13,,,30-day returns on unused goods. Signature on delivery is accepted proof of receipt.,0.1624,8,0,0,train,101
9eb37d3ae219,cust_79704,unauthorized_3ds,unauthorized,travel,3366.7,0,1,0,1.0,0.0,698,0,4,15,0.876,2025-08-21,2025-09-05,,,Cancellations follow fare rules. 3DS-authenticated bookings are treated as cardholder-present.,0.0791,7,0,1,train,101
7894c07899bc,cust_40770,no_evidence,unauthorized,ecommerce,3658.91,0,0,0,0.0,0.0,337,2,3,50,0.1,2025-03-11,2025-04-30,,,30-day returns on unused goods. Signature on delivery is accepted proof of receipt.,-0.0141,2,0,0,train,101
c22aff7d853d,cust_86473,friendly_fraud_long_tenure,unauthorized,fashion,9151.66,0,1,0,1.0,1.0,702,3,1,3,2.468,2025-06-16,2025-06-19,,,7-day exchange window. Delivery photo and tracking are retained for 180 days.,-0.0468,5,0,1,train,101
f5729838a47a,cust_35858,unauthorized_3ds,unauthorized,travel,3151.09,0,1,0,0.0,1.0,551,0,1,15,0.852,2025-05-21,2025-06-05,,,Cancellations follow fare rules. 3DS-authenticated bookings are treated as cardholder-present.,0.0991,4,0,1,train,101
84599f101351,cust_62489,high_velocity_attack,unauthorized,travel,1511.47,1,0,0,0.0,0.0,18,0,7,6,1.39,2025-06-18,2025-06-24,TRK884513996,2025-06-20 23:00:00,Cancellations follow fare rules. 3DS-authenticated bookings are treated as cardholder-present.,0.0134,5,1,1,train,101
a703aa6a6159,cust_29456,no_evidence,not_as_described,digital_goods,9337.14,0,0,0,0.0,0.0,0,0,3,38,1.165,2025-08-23,2025-09-30,,,Digital items are non-refundable after delivery to the registered account.,-0.1136,7,0,0,train,101
aeea0ff8fc87,cust_78095,no_evidence,item_not_received,digital_goods,3911.63,0,0,0,0.0,0.0,4,1,2,32,1.874,2025-05-16,2025-06-17,,,Digital items are non-refundable after delivery to the registered account.,-0.076,4,0,0,train,101
eb6a97245318,cust_15010,inr_delivery_confirmed,item_not_received,ecommerce,2776.74,1,1,0,0.0,0.0,537,0,1,12,1.202,2025-03-29,2025-04-10,TRK771134191,2025-04-01 20:00:00,30-day returns on unused goods. Signature on delivery is accepted proof of receipt.,-0.1035,2,0,1,train,101
e08d41355a38,cust_94460,friendly_fraud_long_tenure,item_not_received,ecommerce,2562.08,1,0,1,1.0,0.0,628,0,1,32,0.897,2025-08-21,2025-09-22,TRK591061100,2025-08-21 19:00:00,30-day returns on unused goods. Signature on delivery is accepted proof of receipt.,0.0896,7,0,0,train,101
d12808bfbfe3,cust_31227,inr_delivery_confirmed,item_not_received,ecommerce,2987.35,1,1,1,1.0,1.0,1189,0,2,24,1.611,2025-04-14,2025-05-08,TRK434003728,2025-04-15 16:00:00,30-day returns on unused goods. Signature on delivery is accepted proof of receipt.,-0.0247,3,0,1,train,101
3cda1c66e8d8,cust_20834,inr_delivery_confirmed,item_not_received,grocery,3543.64,1,1,1,1.0,,7,0,1,5,1.411,2025-08-18,2025-08-23,TRK570686783,2025-08-20 22:00:00,Perishable goods are non-returnable after delivery confirmation.,-0.0403,7,0,1,train,101
106026538d2a,cust_27449,high_velocity_attack,unauthorized,travel,751.01,0,0,0,0.0,0.0,48,0,4,7,3.299,2025-07-04,2025-07-11,,,Cancellations follow fare rules. 3DS-authenticated bookings are treated as cardholder-present.,0.1084,6,0,0,train,101
8ad3ad9fd82a,cust_27295,friendly_fraud_long_tenure,unauthorized,fashion,3830.27,1,0,1,1.0,1.0,663,1,1,33,1.675,2025-09-03,2025-10-06,TRK598886340,2025-09-04 12:00:00,7-day exchange window. Delivery photo and tracking are retained for 180 days.,0.0757,8,0,0,train,101
ecf803c7bc41,cust_18000,inr_delivery_confirmed,item_not_received,fashion,3067.53,1,1,1,1.0,1.0,387,1,2,17,0.97,2025-08-12,2025-08-29,TRK434235914,2025-08-15 14:00:00,7-day exchange window. Delivery photo and tracking are retained for 180 days.,0.0496,7,0,1,train,101
2b3d2e26ebbc,cust_59320,unauthorized_3ds,unauthorized,digital_goods,2118.06,1,1,0,0.0,1.0,14,1,1,18,0.675,2025-06-18,2025-07-06,TRK794375120,2025-06-20 22:00:00,Digital items are non-refundable after delivery to the registered account.,-0.0378,5,0,1,train,101
db4beeccd503,cust_40620,friendly_fraud_long_tenure,not_as_described,ecommerce,5466.02,0,0,0,1.0,0.0,726,1,1,27,1.267,2025-08-15,2025-09-11,,,30-day returns on unused goods. Signature on delivery is accepted proof of receipt.,-0.0235,7,0,0,train,101
b8ff3774a1cf,cust_74943,inr_delivery_confirmed,item_not_received,ecommerce,2092.72,1,1,0,1.0,1.0,434,1,1,22,1.274,2025-03-28,2025-04-19,TRK638426132,2025-03-31 14:00:00,30-day returns on unused goods. Signature on delivery is accepted proof of receipt.,0.0697,2,0,0,train,101
6324e5176cfe,cust_97542,inr_delivery_confirmed,item_not_received,grocery,5884.83,1,1,1,1.0,1.0,543,0,1,13,0.569,2025-06-17,2025-06-30,TRK987803631,2025-06-18 09:00:00,Perishable goods are non-returnable after delivery confirmation.,-0.1757,5,0,0,train,101
f8818830317f,cust_98731,unauthorized_3ds,unauthorized,digital_goods,3449.24,1,1,1,0.0,1.0,725,0,1,4,1.131,2025-05-09,2025-05-13,TRK223617855,2025-05-11 23:00:00,Digital items are non-refundable after delivery to the registered account.,-0.0987,4,0,0,train,101
f82fc1e2b0a1,cust_15703,friendly_fraud_long_tenure,unauthorized,fashion,5309.61,0,1,1,1.0,0.0,917,1,4,12,0.781,2025-06-09,2025-06-21,,,7-day exchange window. Delivery photo and tracking are retained for 180 days.,0.0492,5,0,0,train,101
a323355d12ca,cust_13196,unauthorized_3ds,unauthorized,ecommerce,10388.37,0,1,1,1.0,0.0,606,1,1,12,1.183,2025-09-09,2025-09-21,,,30-day returns on unused goods. Signature on delivery is accepted proof of receipt.,0.0091,8,0,1,train,101
1b50083a73c1,cust_10693,inr_delivery_confirmed,item_not_received,ecommerce,2962.27,1,1,1,1.0,1.0,115,2,1,15,0.838,2025-05-31,2025-06-15,TRK927854959,2025-06-03 16:00:00,30-day returns on unused goods. Signature on delivery is accepted proof of receipt.,0.2296,5,1,0,train,101
66c20be044a5,cust_30336,no_evidence,item_not_received,ecommerce,6591.98,0,1,0,1.0,0.0,0,0,1,29,,2025-03-12,2025-04-10,,,30-day returns on unused goods. Signature on delivery is accepted proof of receipt.,0.1256,2,0,0,train,101
12d9e03e1b94,cust_87361,high_velocity_attack,unauthorized,travel,2144.98,1,0,0,0.0,0.0,0,0,4,6,1.864,2025-05-14,2025-05-20,TRK730350462,2025-05-15 05:00:00,Cancellations follow fare rules. 3DS-authenticated bookings are treated as cardholder-present.,0.0285,4,0,0,train,101
b9003f66496e,cust_20514,inr_delivery_confirmed,item_not_received,ecommerce,1124.53,1,0,1,1.0,1.0,716,3,1,11,0.307,2025-03-04,2025-03-15,TRK688048828,2025-03-07 21:00:00,30-day returns on unused goods. Signature on delivery is accepted proof of receipt.,-0.0044,2,0,1,train,101
ca7d7322ce2b,cust_20278,high_velocity_attack,unauthorized,travel,694.98,0,0,0,1.0,0.0,42,0,12,11,0.1,2025-05-21,2025-06-01,,,Cancellations follow fare rules. 3DS-authenticated bookings are treated as cardholder-present.,0.0564,4,0,0,train,101
67505a2e6a1a,cust_32898,unauthorized_3ds,unauthorized,ecommerce,1456.85,0,1,0,0.0,0.0,662,0,1,20,1.136,2025-07-24,2025-08-13,,,30-day returns on unused goods. Signature on delivery is accepted proof of receipt.,0.0337,6,0,1,train,101
b63795262d34,cust_16154,inr_delivery_confirmed,item_not_received,ecommerce,3979.38,1,0,1,0.0,1.0,803,0,1,3,0.482,2025-06-23,2025-06-26,TRK363443590,2025-06-25 14:00:00,30-day returns on unused goods. Signature on delivery is accepted proof of receipt.,-0.0184,5,1,0,train,101
587c2741ce15,cust_85989,friendly_fraud_long_tenure,item_not_received,ecommerce,5945.85,0,1,1,1.0,0.0,582,1,1,7,1.682,2025-07-03,2025-07-10,,,30-day returns on unused goods. Signature on delivery is accepted proof of receipt.,-0.0504,6,0,0,train,101
319f33cededb,cust_65802,inr_delivery_confirmed,item_not_received,fashion,1941.17,1,0,1,1.0,0.0,603,0,1,17,,2025-03-19,2025-04-05,TRK254324445,2025-03-21 00:00:00,7-day exchange window. Delivery photo and tracking are retained for 180 days.,0.0972,2,0,1,train,101
7bef4fa8c128,cust_26197,no_evidence,unauthorized,digital_goods,989.27,0,0,0,0.0,,76,0,2,31,0.544,2025-07-02,2025-08-02,,,Digital items are non-refundable after delivery to the registered account.,0.0408,6,1,1,train,101
66dcf59de213,cust_52850,inr_delivery_confirmed,item_not_received,fashion,4523.97,0,1,0,0.0,1.0,482,0,2,25,1.112,2025-04-04,2025-04-29,,,7-day exchange window. Delivery photo and tracking are retained for 180 days.,0.0956,3,0,0,train,101
bfa6966535f6,cust_81253,inr_delivery_confirmed,item_not_received,ecommerce,5823.76,1,1,0,1.0,1.0,758,0,1,16,0.5,2025-07-21,2025-08-06,TRK640764889,2025-07-22 08:00:00,30-day returns on unused goods. Signature on delivery is accepted proof of receipt.,-0.089,6,0,1,train,101
26fbf40255bf,cust_83171,friendly_fraud_long_tenure,not_as_described,subscriptions,2866.33,1,0,1,1.0,0.0,682,2,4,33,0.1,2025-09-19,2025-10-22,TRK840794231,2025-09-22 09:00:00,First billing cycle may be refunded; subsequent cycles require unused-period evidence.,-0.167,8,0,1,train,101
810b6bcbda27,cust_31051,unauthorized_3ds,unauthorized,travel,5318.53,1,1,1,1.0,1.0,388,0,1,1,1.297,2025-06-25,2025-06-26,TRK581464692,2025-06-28 07:00:00,Cancellations follow fare rules. 3DS-authenticated bookings are treated as cardholder-present.,0.0333,5,0,1,train,101
054199fce009,cust_19718,high_velocity_attack,unauthorized,digital_goods,1293.49,0,0,0,0.0,1.0,19,0,10,9,3.15,2025-04-24,2025-05-03,,,Digital items are non-refundable after delivery to the registered account.,-0.0026,3,0,1,train,101
999a164a3cd3,cust_74223,high_velocity_attack,unauthorized,travel,1600.93,0,0,0,1.0,0.0,54,0,8,12,0.156,2025-07-06,2025-07-18,,,Cancellations follow fare rules. 3DS-authenticated bookings are treated as cardholder-present.,-0.0698,6,0,1,train,101
56cf26b646d6,cust_98250,inr_delivery_confirmed,item_not_received,fashion,4252.12,1,0,0,1.0,1.0,119,2,1,22,0.614,2025-08-16,2025-09-07,TRK716852904,2025-08-19 11:00:00,7-day exchange window. Delivery photo and tracking are retained for 180 days.,0.026,7,0,1,train,101
157d5c78dc66,cust_94288,inr_delivery_confirmed,item_not_received,grocery,2677.71,1,0,0,1.0,1.0,653,0,1,15,0.593,2025-09-22,2025-10-07,TRK925760975,2025-09-25 21:00:00,Perishable goods are non-returnable after delivery confirmation.,0.1995,8,0,0,train,101
cf156a3c3762,cust_84050,high_velocity_attack,unauthorized,travel,1084.17,0,1,0,0.0,0.0,48,0,9,6,0.852,2025-08-10,2025-08-16,,,Cancellations follow fare rules. 3DS-authenticated bookings are treated as cardholder-present.,-0.1373,7,0,1,train,101
e7bce8abe1d4,cust_25044,inr_delivery_confirmed,item_not_received,fashion,2617.5,1,0,0,1.0,1.0,730,1,1,25,1.279,2025-08-05,2025-08-30,TRK297688909,2025-08-07 08:00:00,7-day exchange window. Delivery photo and tracking are retained for 180 days.,0.0995,7,0,1,train,101
55399c078afb,cust_47112,high_velocity_attack,unauthorized,digital_goods,1775.6,0,0,1,1.0,1.0,83,1,7,7,2.974,2025-05-15,2025-05-22,,,Digital items are non-refundable after delivery to the registered account.,0.1122,4,0,0,train,101
736b6ef79b9f,cust_58312,no_evidence,not_as_described,services,3152.17,0,0,0,1.0,1.0,3,1,3,33,0.972,2025-06-08,2025-07-11,,,Service completion notes and customer confirmation emails are retained.,0.1598,5,0,0,train,101
cd4247a41f80,cust_49820,unauthorized_3ds,unauthorized,ecommerce,4040.49,1,1,1,1.0,1.0,373,0,1,2,1.154,2025-02-09,2025-02-11,TRK389712925,2025-02-11 13:00:00,30-day returns on unused goods. Signature on delivery is accepted proof of receipt.,-0.0712,1,0,1,train,101
7f47f49489cb,cust_39335,unauthorized_3ds,unauthorized,digital_goods,1832.61,0,1,1,0.0,0.0,14,0,1,7,1.131,2025-09-03,2025-09-10,,,Digital items are non-refundable after delivery to the registered account.,0.0743,8,0,1,train,101
69ae873e7d19,cust_23398,friendly_fraud_long_tenure,unauthorized,digital_goods,6178.97,0,1,1,1.0,1.0,637,3,3,24,1.729,2025-09-01,2025-09-25,,,Digital items are non-refundable after delivery to the registered account.,0.0718,8,0,1,train,101
97323e7134ce,cust_72284,high_velocity_attack,unauthorized,digital_goods,8354.85,0,0,0,0.0,0.0,32,0,8,6,,2025-08-03,2025-08-09,,,Digital items are non-refundable after delivery to the registered account.,-0.02,7,0,0,train,101
dd158825c7a2,cust_97020,unauthorized_3ds,unauthorized,digital_goods,7480.82,1,0,1,1.0,1.0,328,0,2,6,1.266,2025-03-24,2025-03-30,TRK752973252,2025-03-27 04:00:00,Digital items are non-refundable after delivery to the registered account.,0.0685,2,0,1,train,101
9122e3366877,cust_90010,no_evidence,item_not_received,digital_goods,6564.63,0,0,0,0.0,0.0,0,2,1,21,1.462,2025-08-17,2025-09-07,,,Digital items are non-refundable after delivery to the registered account.,0.3521,7,0,0,train,101
d661e57ee08a,cust_21225,unauthorized_3ds,unauthorized,travel,5611.35,0,1,1,1.0,1.0,164,0,1,15,0.777,2025-02-08,2025-02-23,,,Cancellations follow fare rules. 3DS-authenticated bookings are treated as cardholder-present.,-0.1515,1,0,1,train,101
8a88d23e318f,cust_86188,inr_delivery_confirmed,item_not_received,grocery,3543.17,1,1,1,0.0,1.0,575,0,1,2,1.225,2025-08-25,2025-08-27,TRK679995375,2025-08-28 21:00:00,Perishable goods are non-returnable after delivery confirmation.,-0.0641,7,0,0,train,101
46a2ff7e6482,cust_65839,inr_delivery_confirmed,item_not_received,grocery,1095.32,1,1,1,1.0,1.0,308,0,1,17,1.186,2025-06-09,2025-06-26,TRK718969604,2025-06-11 14:00:00,Perishable goods are non-returnable after delivery confirmation.,-0.0124,5,1,1,train,101
45cc14374b6a,cust_63395,inr_delivery_confirmed,item_not_received,fashion,2332.36,1,1,1,1.0,1.0,133,0,1,2,0.691,2025-03-18,2025-03-20,TRK569934989,2025-03-20 00:00:00,7-day exchange window. Delivery photo and tracking are retained for 180 days.,-0.0203,2,1,0,train,101
9cda8eefcafc,cust_67603,inr_delivery_confirmed,item_not_received,grocery,5132.0,1,0,1,1.0,,539,1,1,8,1.251,2025-09-04,2025-09-12,TRK193303854,2025-09-05 18:00:00,Perishable goods are non-returnable after delivery confirmation.,-0.0287,8,0,1,train,101
4b041156e12e,cust_20148,inr_delivery_confirmed,item_not_received,fashion,770.85,1,1,0,1.0,,78,1,1,2,0.899,2025-04-13,2025-04-15,TRK442430141,2025-04-14 13:00:00,7-day exchange window. Delivery photo and tracking are retained for 180 days.,-0.114,3,0,0,train,101
61d896469282,cust_20411,high_velocity_attack,unauthorized,travel,1970.47,0,0,1,,0.0,125,0,8,8,1.282,2025-06-02,2025-06-10,,,Cancellations follow fare rules. 3DS-authenticated bookings are treated as cardholder-present.,0.0248,5,0,0,train,101
752ff053fe50,cust_62287,friendly_fraud_long_tenure,item_not_received,digital_goods,3838.6,0,1,1,1.0,0.0,582,1,1,3,1.801,2025-03-09,2025-03-12,,,Digital items are non-refundable after delivery to the registered account.,-0.1583,2,0,1,train,101
653b2870f457,cust_63629,unauthorized_3ds,unauthorized,digital_goods,3375.07,1,1,1,1.0,0.0,1227,0,2,15,1.686,2025-09-25,2025-10-10,TRK373839184,2025-09-26 16:00:00,Digital items are non-refundable after delivery to the registered account.,0.1342,8,0,0,train,101
f6f1a0e47e92,cust_62293,inr_delivery_confirmed,item_not_received,grocery,4893.48,1,1,0,1.0,1.0,239,0,1,17,0.785,2025-07-09,2025-07-26,TRK173113843,2025-07-11 17:00:00,Perishable goods are non-returnable after delivery confirmation.,-0.0267,6,1,0,train,101
18271cec3ab6,cust_88070,friendly_fraud_long_tenure,item_not_received,subscriptions,4015.24,1,0,0,0.0,1.0,399,2,2,15,1.447,2025-08-20,2025-09-04,TRK575130017,2025-08-21 22:00:00,First billing cycle may be refunded; subsequent cycles require unused-period evidence.,0.0201,7,0,1,train,101
5b59a52d38d8,cust_17236,inr_delivery_confirmed,item_not_received,ecommerce,3196.6,1,0,0,0.0,1.0,117,0,1,40,1.109,2025-03-24,2025-05-03,TRK842349886,2025-03-26 15:00:00,30-day returns on unused goods. Signature on delivery is accepted proof of receipt.,-0.0908,2,0,1,train,101
61c36c38599b,cust_56743,high_velocity_attack,unauthorized,digital_goods,2330.66,0,0,0,,0.0,20,0,6,8,1.781,2025-05-15,2025-05-23,,,Digital items are non-refundable after delivery to the registered account.,-0.0326,4,0,0,train,101
bb87ad1bdec5,cust_24852,friendly_fraud_long_tenure,item_not_received,subscriptions,6135.83,1,0,0,1.0,1.0,895,2,2,25,0.864,2025-09-17,2025-10-12,TRK472632055,2025-09-19 02:00:00,First billing cycle may be refunded; subsequent cycles require unused-period evidence.,0.1006,8,0,1,train,101
6a1ef7ee3fa4,cust_51053,unauthorized_3ds,unauthorized,travel,2687.9,1,1,1,1.0,0.0,803,0,1,1,1.016,2025-03-05,2025-03-06,TRK993641471,2025-03-07 11:00:00,Cancellations follow fare rules. 3DS-authenticated bookings are treated as cardholder-present.,-0.0165,2,0,1,train,101
4f655d36cb7e,cust_82340,inr_delivery_confirmed,item_not_received,fashion,5609.8,1,1,1,0.0,0.0,325,0,1,37,0.964,2025-06-11,2025-07-18,TRK662799719,2025-06-13 17:00:00,7-day exchange window. Delivery photo and tracking are retained for 180 days.,-0.1174,5,0,1,train,101
0b815b50e990,cust_43485,high_velocity_attack,unauthorized,digital_goods,2268.81,1,0,1,0.0,1.0,11,1,6,13,1.615,2025-09-09,2025-09-22,TRK871015002,2025-09-10 11:00:00,Digital items are non-refundable after delivery to the registered account.,0.2738,8,1,1,train,101
fb4334ebaf73,cust_49197,inr_delivery_confirmed,item_not_received,fashion,2199.04,0,1,1,0.0,1.0,190,0,1,17,1.339,2025-08-25,2025-09-11,,,7-day exchange window. Delivery photo and tracking are retained for 180 days.,0.0046,7,0,1,train,101
3c58b55160eb,cust_92769,no_evidence,item_not_received,digital_goods,1218.16,0,0,1,1.0,1.0,56,0,1,5,1.104,2025-08-08,2025-08-13,,,Digital items are non-refundable after delivery to the registered account.,0.0751,7,0,0,train,101
8edf6b03e37f,cust_77956,unauthorized_3ds,unauthorized,digital_goods,3951.31,1,1,1,1.0,1.0,367,0,1,16,0.81,2025-05-03,2025-05-19,TRK511999003,2025-05-05 00:00:00,Digital items are non-refundable after delivery to the registered account.,0.0884,4,0,1,train,101
30fa04213cc7,cust_26735,no_evidence,item_not_received,digital_goods,1690.39,0,0,0,0.0,0.0,0,1,1,10,,2025-09-24,2025-10-04,,,Digital items are non-refundable after delivery to the registered account.,-0.0541,8,0,0,train,101
d423e5adb4d0,cust_54012,high_velocity_attack,unauthorized,ecommerce,972.36,0,0,0,0.0,0.0,110,0,3,2,2.059,2025-06-13,2025-06-15,,,30-day returns on unused goods. Signature on delivery is accepted proof of receipt.,-0.1874,5,0,0,train,101
f93ae95a151e,cust_38151,high_velocity_attack,unauthorized,digital_goods,2201.77,0,0,0,0.0,0.0,103,1,7,1,1.262,2025-06-04,2025-06-05,,,Digital items are non-refundable after delivery to the registered account.,-0.0547,5,0,0,train,101
e7f97476a948,cust_73131,inr_delivery_confirmed,item_not_received,grocery,3575.18,1,1,1,,1.0,535,1,1,12,0.866,2025-04-07,2025-04-19,TRK699614818,2025-04-08 18:00:00,Perishable goods are non-returnable after delivery confirmation.,-0.1156,3,0,0,train,101
e3d586ddf3ea,cust_84110,no_evidence,not_as_described,digital_goods,11048.91,0,0,0,0.0,0.0,32,1,5,25,1.617,2025-04-20,2025-05-15,,,Digital items are non-refundable after delivery to the registered account.,0.0143,3,0,0,train,101
be333edaf164,cust_15961,inr_delivery_confirmed,item_not_received,fashion,3573.51,1,1,1,1.0,,238,0,1,21,0.615,2025-05-11,2025-06-01,TRK295424360,2025-05-13 20:00:00,7-day exchange window. Delivery photo and tracking are retained for 180 days.,0.2186,4,0,0,train,101
c83255b46bb0,cust_88479,friendly_fraud_long_tenure,not_as_described,digital_goods,4483.3,1,0,0,1.0,1.0,476,0,2,32,0.967,2025-06-15,2025-07-17,TRK108770620,2025-06-18 03:00:00,Digital items are non-refundable after delivery to the registered account.,-0.0887,5,0,1,train,101
e8548e65b9bc,cust_47349,friendly_fraud_long_tenure,not_as_described,fashion,7003.01,0,0,1,1.0,0.0,297,1,1,32,1.265,2025-02-25,2025-03-29,,,7-day exchange window. Delivery photo and tracking are retained for 180 days.,0.0708,1,0,1,train,101
d14029ada3dc,cust_20790,no_evidence,unauthorized,ecommerce,3002.63,1,0,1,0.0,0.0,35,0,3,46,1.478,2025-06-22,2025-08-07,TRK263419587,2025-06-24 15:00:00,30-day returns on unused goods. Signature on delivery is accepted proof of receipt.,0.1638,5,0,0,train,101
e73bb87accb2,cust_70078,unauthorized_3ds,unauthorized,travel,9349.2,1,1,1,1.0,1.0,288,1,1,8,1.007,2025-08-26,2025-09-03,TRK201203336,2025-08-27 20:00:00,Cancellations follow fare rules. 3DS-authenticated bookings are treated as cardholder-present.,0.1419,7,0,1,train,101
a48b378e130d,cust_62048,high_velocity_attack,unauthorized,ecommerce,2090.3,0,0,0,0.0,0.0,82,0,8,13,,2025-05-19,2025-06-01,,,30-day returns on unused goods. Signature on delivery is accepted proof of receipt.,0.1219,4,1,1,train,101
f9208e39d63b,cust_60443,unauthorized_3ds,unauthorized,travel,1773.91,0,1,0,,0.0,640,0,1,10,1.069,2025-06-09,2025-06-19,,,Cancellations follow fare rules. 3DS-authenticated bookings are treated as cardholder-present.,0.1857,5,0,1,train,101
6ce3aed675eb,cust_97299,friendly_fraud_long_tenure,item_not_received,fashion,1725.79,0,1,1,1.0,1.0,180,0,2,16,1.583,2025-03-22,2025-04-07,,,7-day exchange window. Delivery photo and tracking are retained for 180 days.,0.2306,2,0,1,train,101
56e32d9d42e9,cust_13816,high_velocity_attack,unauthorized,ecommerce,4941.67,0,0,1,0.0,0.0,32,0,9,13,3.652,2025-09-06,2025-09-19,,,30-day returns on unused goods. Signature on delivery is accepted proof of receipt.,-0.0497,8,0,0,train,101
cbb0bd3de5c4,cust_86099,high_velocity_attack,unauthorized,travel,3104.88,1,0,0,0.0,0.0,16,0,6,4,1.28,2025-06-01,2025-06-05,TRK431330451,2025-06-04 04:00:00,Cancellations follow fare rules. 3DS-authenticated bookings are treated as cardholder-present.,0.0156,5,1,1,train,101
66137c1bd141,cust_56330,unauthorized_3ds,unauthorized,digital_goods,6324.46,0,1,0,,1.0,675,1,1,5,0.362,2025-03-16,2025-03-21,,,Digital items are non-refundable after delivery to the registered account.,0.0006,2,0,0,train,101
3bd8701d30e2,cust_97564,high_velocity_attack,unauthorized,digital_goods,998.42,1,1,1,0.0,0.0,66,0,7,3,3.461,2025-08-31,2025-09-03,TRK930601525,2025-09-02 09:00:00,Digital items are non-refundable after delivery to the registered account.,0.0709,8,0,0,train,101
d4f860e222c6,cust_30250,no_evidence,unauthorized,services,8050.74,0,0,0,0.0,0.0,74,3,1,23,2.642,2025-04-19,2025-05-12,,,Service completion notes and customer confirmation emails are retained.,-0.3079,3,0,0,train,101
dc2f1a71438c,cust_82113,inr_delivery_confirmed,item_not_received,fashion,5111.06,1,0,1,1.0,1.0,647,0,1,5,0.854,2025-09-08,2025-09-13,TRK569033868,2025-09-11 02:00:00,7-day exchange window. Delivery photo and tracking are retained for 180 days.,0.084,8,0,1,train,101
019aa81f8eb0,cust_38216,no_evidence,item_not_received,digital_goods,1848.04,0,0,0,0.0,0.0,156,0,1,60,0.1,2025-04-23,2025-06-22,,,Digital items are non-refundable after delivery to the registered account.,0.0392,3,0,0,train,101
a639cc70ff24,cust_41264,unauthorized_3ds,unauthorized,digital_goods,2583.06,1,1,0,1.0,,117,0,3,10,1.639,2025-07-25,2025-08-04,TRK557565474,2025-07-27 14:00:00,Digital items are non-refundable after delivery to the registered account.,-0.1137,6,0,1,train,101
421d4652d1b3,cust_61333,inr_delivery_confirmed,item_not_received,grocery,1768.3,1,1,1,1.0,0.0,427,1,4,14,0.925,2025-04-15,2025-04-29,TRK381084953,2025-04-18 09:00:00,Perishable goods are non-returnable after delivery confirmation.,-0.0307,3,0,1,train,101
3aecae9141ac,cust_16235,friendly_fraud_long_tenure,unauthorized,digital_goods,3823.69,1,0,0,0.0,1.0,1050,5,1,28,2.032,2025-02-03,2025-03-03,TRK669051851,2025-02-06 17:00:00,Digital items are non-refundable after delivery to the registered account.,0.0416,1,0,0,train,101
9287f8b2237f,cust_51687,friendly_fraud_long_tenure,unauthorized,ecommerce,1625.02,1,0,1,1.0,0.0,502,4,1,28,1.729,2025-08-15,2025-09-12,TRK231366951,2025-08-18 07:00:00,30-day returns on unused goods. Signature on delivery is accepted proof of receipt.,0.0529,7,0,0,train,101
161f3e14762c,cust_91005,inr_delivery_confirmed,item_not_received,ecommerce,6228.17,0,1,1,0.0,0.0,284,0,1,13,0.977,2025-07-14,2025-07-27,,,30-day returns on unused goods. Signature on delivery is accepted proof of receipt.,-0.0264,6,0,0,train,101
f666bd506a2d,cust_58556,friendly_fraud_long_tenure,item_not_received,fashion,2176.96,0,0,0,1.0,1.0,997,1,1,31,,2025-03-04,2025-04-04,,,7-day exchange window. Delivery photo and tracking are retained for 180 days.,0.0431,2,0,1,train,101
9181d306c969,cust_15519,inr_delivery_confirmed,item_not_received,grocery,3272.61,1,1,0,1.0,1.0,552,0,1,27,0.644,2025-03-09,2025-04-05,TRK956945486,2025-03-12 13:00:00,Perishable goods are non-returnable after delivery confirmation.,0.0018,2,1,1,train,101
774442c117c9,cust_71481,friendly_fraud_long_tenure,not_as_described,fashion,3542.0,0,1,0,1.0,0.0,1148,2,1,7,1.665,2025-09-08,2025-09-15,,,7-day exchange window. Delivery photo and tracking are retained for 180 days.,-0.1155,8,0,0,train,101
3038ad2055ca,cust_41576,inr_delivery_confirmed,item_not_received,ecommerce,1662.59,1,1,1,0.0,1.0,249,1,1,20,0.923,2025-05-24,2025-06-13,TRK573164773,2025-05-27 22:00:00,30-day returns on unused goods. Signature on delivery is accepted proof of receipt.,-0.13,4,0,1,train,101
c369ad9fab29,cust_32029,inr_delivery_confirmed,item_not_received,ecommerce,1646.12,1,1,0,1.0,0.0,814,1,2,25,1.551,2025-09-10,2025-10-05,TRK743008043,2025-09-10 21:00:00,30-day returns on unused goods. Signature on delivery is accepted proof of receipt.,-0.0093,8,0,1,train,101
d19a34b1dee3,cust_57454,no_evidence,unauthorized,ecommerce,1980.57,0,0,0,0.0,0.0,218,2,1,34,1.038,2025-09-20,2025-10-24,,,30-day returns on unused goods. Signature on delivery is accepted proof of receipt.,0.0205,8,0,0,train,101
923d1eb970e1,cust_52009,friendly_fraud_long_tenure,unauthorized,digital_goods,7879.86,0,1,1,1.0,1.0,620,0,1,4,2.61,2025-08-15,2025-08-19,,,Digital items are non-refundable after delivery to the registered account.,0.0358,7,0,1,train,101
5c41bff7fa1e,cust_55691,inr_delivery_confirmed,item_not_received,fashion,4551.82,1,1,1,0.0,1.0,548,0,1,14,1.085,2025-03-12,2025-03-26,TRK626313284,2025-03-15 05:00:00,7-day exchange window. Delivery photo and tracking are retained for 180 days.,-0.2818,2,0,1,train,101
073f4a2c8f96,cust_86250,high_velocity_attack,unauthorized,ecommerce,7102.25,0,0,0,0.0,0.0,76,0,9,10,1.683,2025-02-14,2025-02-24,,,30-day returns on unused goods. Signature on delivery is accepted proof of receipt.,-0.0923,1,0,0,train,101
8a1ec683b990,cust_16991,no_evidence,item_not_received,ecommerce,3919.8,0,0,0,0.0,0.0,225,2,2,16,1.447,2025-02-11,2025-02-27,,,30-day returns on unused goods. Signature on delivery is accepted proof of receipt.,0.1889,1,0,0,train,101
846515404600,cust_55803,unauthorized_3ds,unauthorized,digital_goods,12557.02,0,1,1,1.0,0.0,964,0,1,17,1.385,2025-09-05,2025-09-22,,,Digital items are non-refundable after delivery to the registered account.,-0.0699,8,0,0,train,101
63b0ca2b69b9,cust_25906,no_evidence,unauthorized,digital_goods,5059.12,0,0,0,0.0,0.0,89,1,2,42,1.879,2025-04-27,2025-06-08,,,Digital items are non-refundable after delivery to the registered account.,-0.0069,3,1,1,train,101
fb81f7daac14,cust_16245,friendly_fraud_long_tenure,not_as_described,digital_goods,2218.57,0,0,1,1.0,1.0,882,1,3,21,,2025-06-09,2025-06-30,,,Digital items are non-refundable after delivery to the registered account.,-0.0715,5,0,0,train,101
f0e9907cd6ac,cust_26862,high_velocity_attack,unauthorized,digital_goods,6479.96,1,0,1,0.0,0.0,72,0,7,8,1.416,2025-07-04,2025-07-12,TRK957803046,2025-07-05 15:00:00,Digital items are non-refundable after delivery to the registered account.,0.1324,6,1,1,train,101
3d3155e8a8b3,cust_71932,inr_delivery_confirmed,item_not_received,fashion,1932.33,1,1,1,0.0,0.0,926,1,3,24,1.62,2025-02-12,2025-03-08,TRK789272315,2025-02-13 10:00:00,7-day exchange window. Delivery photo and tracking are retained for 180 days.,-0.1576,1,0,0,train,101
70a57bb98768,cust_49070,unauthorized_3ds,unauthorized,digital_goods,1710.66,0,1,1,1.0,1.0,875,0,1,23,1.064,2025-09-04,2025-09-27,,,Digital items are non-refundable after delivery to the registered account.,-0.0299,8,0,0,train,101
d72fe40b86c9,cust_31888,high_velocity_attack,unauthorized,travel,740.84,0,0,0,0.0,0.0,12,0,8,6,2.267,2025-07-23,2025-07-29,,,Cancellations follow fare rules. 3DS-authenticated bookings are treated as cardholder-present.,0.2134,6,0,0,train,101
f46c126cdf12,cust_31912,no_evidence,not_as_described,digital_goods,2797.52,0,0,0,0.0,,101,0,2,30,1.814,2025-05-01,2025-05-31,,,Digital items are non-refundable after delivery to the registered account.,0.198,4,1,1,train,101
7244d47b5a07,cust_96146,no_evidence,unauthorized,ecommerce,1564.41,0,0,0,0.0,1.0,207,1,2,15,2.649,2025-04-17,2025-05-02,,,30-day returns on unused goods. Signature on delivery is accepted proof of receipt.,0.0885,3,0,0,train,101
cc8256b20c28,cust_55637,friendly_fraud_long_tenure,not_as_described,subscriptions,7283.78,1,0,1,,0.0,274,1,2,20,2.257,2025-04-06,2025-04-26,TRK133178271,2025-04-08 17:00:00,First billing cycle may be refunded; subsequent cycles require unused-period evidence.,-0.0072,3,0,0,train,101
41188a80aba7,cust_68150,unauthorized_3ds,unauthorized,travel,4853.19,1,1,1,0.0,0.0,582,0,1,19,1.471,2025-08-19,2025-09-07,TRK633457382,2025-08-22 00:00:00,Cancellations follow fare rules. 3DS-authenticated bookings are treated as cardholder-present.,-0.1436,7,0,1,train,101
7f48cee35e67,cust_66205,friendly_fraud_long_tenure,item_not_received,subscriptions,21048.84,1,0,1,1.0,1.0,308,4,2,5,1.389,2025-04-17,2025-04-22,TRK618273344,2025-04-18 14:00:00,First billing cycle may be refunded; subsequent cycles require unused-period evidence.,0.0063,3,1,1,train,101
cf59bcc1a15a,cust_74442,inr_delivery_confirmed,item_not_received,fashion,3003.48,1,1,0,0.0,1.0,108,1,2,15,1.256,2025-04-18,2025-05-03,TRK206217904,2025-04-21 08:00:00,7-day exchange window. Delivery photo and tracking are retained for 180 days.,-0.1192,3,0,1,train,101
e18eab219edf,cust_69937,unauthorized_3ds,unauthorized,travel,963.27,0,1,1,1.0,1.0,409,0,1,12,1.042,2025-03-14,2025-03-26,,,Cancellations follow fare rules. 3DS-authenticated bookings are treated as cardholder-present.,-0.2765,2,0,1,train,101
eb17cd8e1b55,cust_54660,friendly_fraud_long_tenure,unauthorized,subscriptions,6228.91,1,1,1,,1.0,966,2,1,5,0.42,2025-07-08,2025-07-13,TRK659529193,2025-07-08 21:00:00,First billing cycle may be refunded; subsequent cycles require unused-period evidence.,-0.1405,6,0,1,train,101
a043870598a4,cust_25683,friendly_fraud_long_tenure,unauthorized,subscriptions,2929.35,0,1,1,0.0,1.0,867,3,2,36,0.825,2025-04-12,2025-05-18,,,First billing cycle may be refunded; subsequent cycles require unused-period evidence.,-0.101,3,0,1,train,101
8caa1ee4a700,cust_98888,inr_delivery_confirmed,item_not_received,ecommerce,2076.83,1,1,1,1.0,1.0,1014,1,1,24,1.137,2025-05-06,2025-05-30,TRK912648775,2025-05-07 05:00:00,30-day returns on unused goods. Signature on delivery is accepted proof of receipt.,0.1326,4,0,0,train,101
20436387b7d9,cust_61227,friendly_fraud_long_tenure,not_as_described,fashion,7058.46,0,0,1,0.0,1.0,1076,1,1,39,1.392,2025-09-16,2025-10-25,,,7-day exchange window. Delivery photo and tracking are retained for 180 days.,-0.0917,8,0,1,train,101
1dc9ee66e1ad,cust_50709,no_evidence,unauthorized,ecommerce,2843.17,0,0,0,0.0,0.0,109,1,3,45,2.272,2025-07-10,2025-08-24,,,30-day returns on unused goods. Signature on delivery is accepted proof of receipt.,0.1488,6,1,1,train,101
6085cc7baa1c,cust_83244,inr_delivery_confirmed,item_not_received,grocery,4971.76,1,0,1,1.0,0.0,1062,0,1,14,0.684,2025-02-21,2025-03-07,TRK202904779,2025-02-24 22:00:00,Perishable goods are non-returnable after delivery confirmation.,-0.0785,1,0,1,train,101
64e60dba5750,cust_73343,unauthorized_3ds,unauthorized,ecommerce,4373.53,1,0,1,1.0,0.0,395,0,2,6,0.854,2025-05-12,2025-05-18,TRK738143091,2025-05-13 06:00:00,30-day returns on unused goods. Signature on delivery is accepted proof of receipt.,0.1034,4,0,0,train,101
25adaba52900,cust_93660,unauthorized_3ds,unauthorized,travel,1295.04,1,1,1,1.0,0.0,606,0,1,25,0.108,2025-06-01,2025-06-26,TRK815118142,2025-06-01 22:00:00,Cancellations follow fare rules. 3DS-authenticated bookings are treated as cardholder-present.,0.0843,5,1,0,train,101
fa9593f23bf5,cust_40043,friendly_fraud_long_tenure,unauthorized,subscriptions,4341.78,0,0,1,0.0,1.0,689,4,1,16,1.623,2025-02-25,2025-03-13,,,First billing cycle may be refunded; subsequent cycles require unused-period evidence.,0.2201,1,0,1,train,101
40e742895d14,cust_14269,friendly_fraud_long_tenure,unauthorized,subscriptions,1207.32,0,1,1,1.0,0.0,1102,1,3,36,,2025-02-23,2025-03-31,,,First billing cycle may be refunded; subsequent cycles require unused-period evidence.,-0.0897,1,0,0,train,101
97078da26493,cust_12040,high_velocity_attack,unauthorized,ecommerce,2873.11,0,0,0,0.0,0.0,85,0,5,9,2.987,2025-09-03,2025-09-12,,,30-day returns on unused goods. Signature on delivery is accepted proof of receipt.,0.1389,8,0,0,train,101
48d76f52bab0,cust_58607,inr_delivery_confirmed,item_not_received,grocery,3228.58,1,1,0,1.0,1.0,863,0,2,14,1.021,2025-06-30,2025-07-14,TRK799574872,2025-07-01 06:00:00,Perishable goods are non-returnable after delivery confirmation.,0.0035,6,0,1,train,101
422c9bcf7058,cust_84915,no_evidence,unauthorized,digital_goods,2278.46,0,0,0,0.0,0.0,53,0,1,11,0.435,2025-02-20,2025-03-03,,,Digital items are non-refundable after delivery to the registered account.,-0.0644,1,1,1,train,101
d8d94bff8c2a,cust_27506,friendly_fraud_long_tenure,unauthorized,digital_goods,2275.35,0,1,1,1.0,1.0,449,2,1,49,0.901,2025-09-09,2025-10-28,,,Digital items are non-refundable after delivery to the registered account.,0.2006,8,0,0,train,101
1f1078b3dba4,cust_87092,friendly_fraud_long_tenure,unauthorized,subscriptions,4120.64,0,0,0,1.0,0.0,1012,1,1,32,1.046,2025-05-20,2025-06-21,,,First billing cycle may be refunded; subsequent cycles require unused-period evidence.,0.0199,4,0,1,train,101
52715cd24678,cust_19561,friendly_fraud_long_tenure,unauthorized,ecommerce,1662.1,0,1,1,0.0,0.0,893,0,3,23,0.462,2025-05-20,2025-06-12,,,30-day returns on unused goods. Signature on delivery is accepted proof of receipt.,0.1808,4,0,0,train,101
8d4f88d77c58,cust_27053,high_velocity_attack,unauthorized,ecommerce,594.38,0,0,0,0.0,1.0,52,0,10,5,0.667,2025-05-31,2025-06-05,,,30-day returns on unused goods. Signature on delivery is accepted proof of receipt.,-0.1938,5,0,0,train,101
3812eddae7c5,cust_21711,friendly_fraud_long_tenure,item_not_received,fashion,4396.74,1,1,1,0.0,0.0,425,3,2,14,1.066,2025-07-10,2025-07-24,TRK897107700,2025-07-13 23:00:00,7-day exchange window. Delivery photo and tracking are retained for 180 days.,-0.1061,6,0,0,train,101
81e71d630ee3,cust_80625,no_evidence,unauthorized,digital_goods,2751.96,0,0,0,0.0,0.0,78,2,1,55,0.596,2025-06-10,2025-08-04,,,Digital items are non-refundable after delivery to the registered account.,-0.0118,5,0,1,train,101
51ab3cd3f0cc,cust_93230,unauthorized_3ds,unauthorized,ecommerce,2367.65,1,1,1,0.0,1.0,924,0,1,25,2.003,2025-02-09,2025-03-06,TRK793076554,2025-02-10 23:00:00,30-day returns on unused goods. Signature on delivery is accepted proof of receipt.,-0.0137,1,0,1,train,101
74c85b5e3604,cust_36753,no_evidence,item_not_received,services,5034.67,0,0,0,1.0,0.0,0,1,1,39,1.543,2025-03-19,2025-04-27,,,Service completion notes and customer confirmation emails are retained.,-0.0341,2,0,0,train,101
d7d217fa6e63,cust_32951,friendly_fraud_long_tenure,item_not_received,fashion,2162.42,1,0,1,0.0,1.0,1112,1,1,12,0.839,2025-08-26,2025-09-07,TRK311215891,2025-08-28 22:00:00,7-day exchange window. Delivery photo and tracking are retained for 180 days.,0.0435,7,0,1,train,101
23ae2b117254,cust_10136,inr_delivery_confirmed,item_not_received,fashion,2435.76,1,1,1,1.0,1.0,406,1,1,17,1.222,2025-03-02,2025-03-19,TRK951470595,2025-03-05 22:00:00,7-day exchange window. Delivery photo and tracking are retained for 180 days.,0.1111,2,0,1,train,101
627581bda249,cust_94080,friendly_fraud_long_tenure,not_as_described,subscriptions,7043.62,1,0,0,1.0,1.0,762,1,1,20,1.922,2025-05-28,2025-06-17,TRK684680868,2025-05-28 18:00:00,First billing cycle may be refunded; subsequent cycles require unused-period evidence.,-0.1338,4,0,0,train,101
035c3ed47e78,cust_10672,high_velocity_attack,unauthorized,travel,1796.49,0,0,0,0.0,1.0,158,0,7,6,1.74,2025-06-25,2025-07-01,,,Cancellations follow fare rules. 3DS-authenticated bookings are treated as cardholder-present.,0.0143,5,0,0,train,101
0f2ff0abafe6,cust_95218,unauthorized_3ds,unauthorized,ecommerce,3128.28,1,1,1,1.0,0.0,630,1,1,10,0.535,2025-02-25,2025-03-07,TRK297467013,2025-02-26 02:00:00,30-day returns on unused goods. Signature on delivery is accepted proof of receipt.,-0.1173,1,0,1,train,101
0d6cb9561e3e,cust_57349,unauthorized_3ds,unauthorized,digital_goods,6098.42,1,1,1,1.0,1.0,406,0,2,10,1.656,2025-04-04,2025-04-14,TRK762727383,2025-04-05 21:00:00,Digital items are non-refundable after delivery to the registered account.,0.1855,3,0,0,train,101
64112141d74e,cust_56407,inr_delivery_confirmed,item_not_received,fashion,4860.84,1,1,1,0.0,0.0,890,0,1,15,0.61,2025-05-27,2025-06-11,TRK611895976,2025-05-29 16:00:00,7-day exchange window. Delivery photo and tracking are retained for 180 days.,-0.0888,4,0,1,train,101
ccfb692fe882,cust_89049,no_evidence,not_as_described,digital_goods,2599.52,0,0,0,0.0,0.0,164,0,7,54,1.786,2025-03-09,2025-05-02,,,Digital items are non-refundable after delivery to the registered account.,0.1392,2,0,0,train,101
11eaedf9e6d9,cust_29409,unauthorized_3ds,unauthorized,digital_goods,4957.78,1,1,0,0.0,0.0,219,0,1,18,1.311,2025-02-18,2025-03-08,TRK573275813,2025-02-21 19:00:00,Digital items are non-refundable after delivery to the registered account.,-0.1812,1,0,1,train,101
29dcf6897184,cust_56808,high_velocity_attack,unauthorized,travel,1301.11,0,0,0,1.0,0.0,28,0,6,2,2.417,2025-08-12,2025-08-14,,,Cancellations follow fare rules. 3DS-authenticated bookings are treated as cardholder-present.,-0.054,7,0,0,train,101
2d915277b489,cust_74050,unauthorized_3ds,unauthorized,digital_goods,2451.52,1,1,1,1.0,1.0,519,0,1,1,2.335,2025-03-21,2025-03-22,TRK176184674,2025-03-23 19:00:00,Digital items are non-refundable after delivery to the registered account.,-0.0474,2,0,0,train,101
39a845ab3bd6,cust_93877,inr_delivery_confirmed,item_not_received,ecommerce,2577.18,0,1,0,1.0,1.0,1175,1,3,8,0.458,2025-03-03,2025-03-11,,,30-day returns on unused goods. Signature on delivery is accepted proof of receipt.,-0.0422,2,1,0,train,101
f911b530b9eb,cust_40772,unauthorized_3ds,unauthorized,ecommerce,4913.69,0,1,1,,1.0,571,1,3,25,1.486,2025-02-26,2025-03-23,,,30-day returns on unused goods. Signature on delivery is accepted proof of receipt.,-0.2522,1,0,1,train,101
536f408d2fe3,cust_65754,inr_delivery_confirmed,item_not_received,ecommerce,2677.96,1,1,1,0.0,1.0,258,1,2,18,1.172,2025-04-11,2025-04-29,TRK580296306,2025-04-14 17:00:00,30-day returns on unused goods. Signature on delivery is accepted proof of receipt.,-0.1262,3,0,0,train,101
df090d9bfb3f,cust_19249,friendly_fraud_long_tenure,not_as_described,fashion,10395.58,0,1,0,1.0,1.0,1129,6,2,15,1.617,2025-07-09,2025-07-24,,,7-day exchange window. Delivery photo and tracking are retained for 180 days.,-0.1867,6,0,0,train,101
e10a3fe61172,cust_95345,inr_delivery_confirmed,item_not_received,fashion,3468.1,0,0,0,0.0,1.0,25,1,1,31,0.1,2025-07-11,2025-08-11,,,7-day exchange window. Delivery photo and tracking are retained for 180 days.,-0.0842,6,0,1,train,101
baff0c61b9c2,cust_50602,inr_delivery_confirmed,item_not_received,fashion,1388.76,1,0,0,1.0,1.0,228,2,4,24,1.349,2025-09-02,2025-09-26,TRK677642877,2025-09-05 04:00:00,7-day exchange window. Delivery photo and tracking are retained for 180 days.,0.0363,8,0,0,train,101
984a808df222,cust_96671,inr_delivery_confirmed,item_not_received,grocery,2925.58,1,1,1,0.0,1.0,688,2,1,2,0.375,2025-02-11,2025-02-13,TRK991933819,2025-02-13 01:00:00,Perishable goods are non-returnable after delivery confirmation.,0.1248,1,0,0,train,101
f59b0f7018ff,cust_45668,unauthorized_3ds,unauthorized,digital_goods,3031.01,1,1,1,1.0,0.0,587,0,2,20,1.047,2025-07-15,2025-08-04,TRK117536066,2025-07-17 11:00:00,Digital items are non-refundable after delivery to the registered account.,-0.187,6,0,1,train,101
375af5644388,cust_54631,high_velocity_attack,unauthorized,ecommerce,2672.57,1,0,0,0.0,0.0,70,1,9,7,1.573,2025-04-26,2025-05-03,TRK540317297,2025-04-28 21:00:00,30-day returns on unused goods. Signature on delivery is accepted proof of receipt.,0.1082,3,0,0,train,101
15482fcc9bcc,cust_48875,inr_delivery_confirmed,item_not_received,fashion,2792.48,1,1,0,1.0,1.0,480,0,4,2,1.144,2025-05-10,2025-05-12,TRK687772224,2025-05-11 05:00:00,7-day exchange window. Delivery photo and tracking are retained for 180 days.,0.0364,4,1,1,train,101
9288dced48f1,cust_37453,no_evidence,item_not_received,digital_goods,7479.68,1,0,0,0.0,0.0,35,2,4,34,2.022,2025-09-03,2025-10-07,TRK411436833,2025-09-05 20:00:00,Digital items are non-refundable after delivery to the registered account.,0.0461,8,0,0,train,101
808a38683d6c,cust_81274,inr_delivery_confirmed,item_not_received,fashion,3230.5,1,0,1,1.0,1.0,525,2,1,27,,2025-03-11,2025-04-07,TRK720307032,2025-03-14 08:00:00,7-day exchange window. Delivery photo and tracking are retained for 180 days.,-0.0473,2,0,0,train,101
42d3cf23cebe,cust_72737,friendly_fraud_long_tenure,not_as_described,digital_goods,3495.85,1,0,0,0.0,0.0,925,1,1,26,0.1,2025-09-19,2025-10-15,TRK847478453,2025-09-20 12:00:00,Digital items are non-refundable after delivery to the registered account.,-0.1662,8,0,1,train,101
81a09edb0582,cust_62744,friendly_fraud_long_tenure,not_as_described,digital_goods,11432.04,0,0,1,0.0,1.0,550,3,1,30,0.823,2025-07-07,2025-08-06,,,Digital items are non-refundable after delivery to the registered account.,0.0275,6,0,1,train,101
4b4988286f84,cust_39401,friendly_fraud_long_tenure,not_as_described,digital_goods,4026.75,0,0,1,0.0,1.0,935,1,1,16,1.444,2025-09-05,2025-09-21,,,Digital items are non-refundable after delivery to the registered account.,-0.0824,8,0,0,train,101
6fa742f25403,cust_53932,unauthorized_3ds,unauthorized,travel,2987.79,0,1,1,1.0,1.0,304,1,1,15,0.91,2025-02-05,2025-02-20,,,Cancellations follow fare rules. 3DS-authenticated bookings are treated as cardholder-present.,-0.0597,1,0,0,train,101
0ed171c37d1e,cust_79137,unauthorized_3ds,unauthorized,digital_goods,2836.65,1,1,1,1.0,1.0,157,0,1,20,1.704,2025-09-19,2025-10-09,TRK119883932,2025-09-22 17:00:00,Digital items are non-refundable after delivery to the registered account.,0.1473,8,0,0,train,101
15a39b21e782,cust_45414,no_evidence,item_not_received,digital_goods,2876.05,0,1,0,0.0,0.0,195,1,5,10,0.572,2025-09-06,2025-09-16,,,Digital items are non-refundable after delivery to the registered account.,0.0597,8,0,0,train,101
9b346fc39b23,cust_11626,inr_delivery_confirmed,item_not_received,grocery,4379.34,1,1,1,1.0,1.0,7,1,1,19,1.089,2025-01-31,2025-02-19,TRK784477461,2025-02-02 09:00:00,Perishable goods are non-returnable after delivery confirmation.,0.0675,1,0,1,train,101
50ab20602a5c,cust_52691,inr_delivery_confirmed,item_not_received,ecommerce,5022.14,1,0,1,0.0,0.0,790,1,2,16,0.726,2025-09-24,2025-10-10,TRK182457767,2025-09-25 15:00:00,30-day returns on unused goods. Signature on delivery is accepted proof of receipt.,-0.0732,8,0,1,train,101
1c6285faaf23,cust_58944,inr_delivery_confirmed,item_not_received,grocery,4341.83,0,1,0,1.0,1.0,223,1,2,21,0.671,2025-05-01,2025-05-22,,,Perishable goods are non-returnable after delivery confirmation.,0.2539,4,0,1,train,101
5ed1bd86ebcc,cust_18874,unauthorized_3ds,unauthorized,ecommerce,9514.35,1,1,1,1.0,0.0,682,1,2,17,,2025-08-21,2025-09-07,TRK501356275,2025-08-23 04:00:00,30-day returns on unused goods. Signature on delivery is accepted proof of receipt.,0.0621,7,0,1,train,101
458a8f144dbe,cust_76503,unauthorized_3ds,unauthorized,travel,4327.84,0,1,1,0.0,1.0,529,0,1,11,0.951,2025-09-06,2025-09-17,,,Cancellations follow fare rules. 3DS-authenticated bookings are treated as cardholder-present.,-0.0619,8,1,0,train,101
ca77b483a664,cust_38014,high_velocity_attack,unauthorized,travel,897.82,0,0,0,1.0,0.0,98,2,7,6,2.867,2025-09-04,2025-09-10,,,Cancellations follow fare rules. 3DS-authenticated bookings are treated as cardholder-present.,0.0883,8,0,0,train,101
5098facf8356,cust_45155,no_evidence,item_not_received,ecommerce,2436.35,0,0,0,0.0,0.0,163,1,2,32,0.336,2025-03-18,2025-04-19,,,30-day returns on unused goods. Signature on delivery is accepted proof of receipt.,0.1912,2,0,0,train,101
9de01f97deb1,cust_49056,unauthorized_3ds,unauthorized,ecommerce,4162.36,1,1,1,1.0,,703,0,2,13,0.897,2025-05-14,2025-05-27,TRK627135894,2025-05-15 22:00:00,30-day returns on unused goods. Signature on delivery is accepted proof of receipt.,-0.0504,4,0,0,train,101
41a03c3640f7,cust_86126,inr_delivery_confirmed,item_not_received,fashion,4742.01,1,0,1,1.0,1.0,1025,1,1,2,1.102,2025-06-20,2025-06-22,TRK984530064,2025-06-23 05:00:00,7-day exchange window. Delivery photo and tracking are retained for 180 days.,-0.1665,5,0,1,train,101
31d0da2e4dac,cust_45784,no_evidence,not_as_described,digital_goods,3057.11,0,0,0,0.0,1.0,7,0,2,48,0.475,2025-08-29,2025-10-16,,,Digital items are non-refundable after delivery to the registered account.,0.1239,8,0,0,train,101
4d613e355953,cust_25090,unauthorized_3ds,unauthorized,digital_goods,5185.37,1,1,1,0.0,0.0,14,0,1,22,1.152,2025-05-01,2025-05-23,TRK563759259,2025-05-02 15:00:00,Digital items are non-refundable after delivery to the registered account.,0.0219,4,0,0,train,101
482fe6235b5b,cust_31752,inr_delivery_confirmed,item_not_received,grocery,2249.68,1,0,0,1.0,1.0,818,0,1,21,0.925,2025-07-15,2025-08-05,TRK428681259,2025-07-18 23:00:00,Perishable goods are non-returnable after delivery confirmation.,0.0657,6,1,1,train,101
eeb834070e1a,cust_61920,inr_delivery_confirmed,item_not_received,fashion,2023.12,1,0,1,1.0,1.0,7,0,1,17,1.034,2025-07-01,2025-07-18,TRK398024366,2025-07-03 12:00:00,7-day exchange window. Delivery photo and tracking are retained for 180 days.,0.0174,6,0,1,train,101
23ca251de23e,cust_84215,no_evidence,not_as_described,services,7968.87,0,0,0,,0.0,288,0,4,13,2.081,2025-05-20,2025-06-02,,,Service completion notes and customer confirmation emails are retained.,0.157,4,0,0,train,101
547edc91acb6,cust_54539,friendly_fraud_long_tenure,not_as_described,subscriptions,7263.97,0,1,0,1.0,0.0,1691,2,1,20,2.153,2025-03-12,2025-04-01,,,First billing cycle may be refunded; subsequent cycles require unused-period evidence.,0.1359,2,0,1,train,101
7f97f6551821,cust_66317,high_velocity_attack,unauthorized,digital_goods,1169.1,0,0,0,0.0,0.0,27,0,11,8,1.926,2025-09-13,2025-09-21,,,Digital items are non-refundable after delivery to the registered account.,0.0121,8,0,0,train,101
abd398064b52,cust_50349,inr_delivery_confirmed,item_not_received,grocery,2924.34,1,0,0,1.0,0.0,184,2,1,31,1.021,2025-06-15,2025-07-16,TRK311801445,2025-06-18 00:00:00,Perishable goods are non-returnable after delivery confirmation.,0.0631,5,0,1,train,101
4c0ab6420b41,cust_11999,inr_delivery_confirmed,item_not_received,ecommerce,1561.77,1,0,0,1.0,1.0,669,0,1,16,0.945,2025-07-14,2025-07-30,TRK731379603,2025-07-15 07:00:00,30-day returns on unused goods. Signature on delivery is accepted proof of receipt.,-0.0318,6,0,1,train,101
78959d901641,cust_64832,unauthorized_3ds,unauthorized,ecommerce,10401.95,0,1,1,1.0,1.0,592,0,2,2,1.747,2025-09-18,2025-09-20,,,30-day returns on unused goods. Signature on delivery is accepted proof of receipt.,0.1872,8,0,1,train,101
37f5d27a5b70,cust_31583,no_evidence,not_as_described,services,6008.77,0,0,0,,,289,1,1,33,1.724,2025-05-10,2025-06-12,,,Service completion notes and customer confirmation emails are retained.,0.1435,4,0,0,train,101
e514edb0a407,cust_13682,no_evidence,item_not_received,services,3556.14,0,0,0,0.0,0.0,66,0,2,5,2.662,2025-08-29,2025-09-03,,,Service completion notes and customer confirmation emails are retained.,-0.131,8,0,0,train,101
739fd9b14268,cust_58948,unauthorized_3ds,unauthorized,digital_goods,4613.04,1,0,1,0.0,0.0,517,0,1,13,,2025-02-03,2025-02-16,TRK794759355,2025-02-04 09:00:00,Digital items are non-refundable after delivery to the registered account.,-0.2698,1,0,0,train,101
51f91e1a981e,cust_74558,no_evidence,not_as_described,ecommerce,1350.45,0,0,0,0.0,0.0,40,0,5,23,1.872,2025-04-18,2025-05-11,,,30-day returns on unused goods. Signature on delivery is accepted proof of receipt.,-0.185,3,0,0,train,101
4669a8bea447,cust_33682,unauthorized_3ds,unauthorized,travel,3662.03,1,1,1,0.0,0.0,923,1,2,1,0.623,2025-09-15,2025-09-16,TRK103512029,2025-09-16 19:00:00,Cancellations follow fare rules. 3DS-authenticated bookings are treated as cardholder-present.,-0.0129,8,0,1,train,101
36ba9e2b1ff3,cust_17017,friendly_fraud_long_tenure,unauthorized,fashion,3291.32,0,0,1,1.0,1.0,815,2,2,10,0.54,2025-04-24,2025-05-04,,,7-day exchange window. Delivery photo and tracking are retained for 180 days.,0.0497,3,0,0,train,101
cf4f2755e55a,cust_72217,inr_delivery_confirmed,item_not_received,grocery,4651.96,1,0,1,1.0,1.0,287,0,1,16,0.149,2025-05-10,2025-05-26,TRK107707313,2025-05-12 11:00:00,Perishable goods are non-returnable after delivery confirmation.,-0.084,4,1,0,train,101
01d64e3e8933,cust_74420,friendly_fraud_long_tenure,item_not_received,digital_goods,10577.06,0,0,0,0.0,1.0,399,1,1,24,1.615,2025-03-26,2025-04-19,,,Digital items are non-refundable after delivery to the registered account.,0.0063,2,0,0,train,101
66703e558ffe,cust_33220,friendly_fraud_long_tenure,unauthorized,fashion,4444.27,1,0,0,0.0,0.0,852,2,1,7,2.141,2025-08-21,2025-08-28,TRK146847980,2025-08-23 22:00:00,7-day exchange window. Delivery photo and tracking are retained for 180 days.,-0.0523,7,0,1,train,101
e8bd1c43f6e3,cust_59151,inr_delivery_confirmed,item_not_received,ecommerce,3363.9,1,0,0,,0.0,590,2,1,36,0.897,2025-07-04,2025-08-09,TRK786742989,2025-07-06 17:00:00,30-day returns on unused goods. Signature on delivery is accepted proof of receipt.,-0.21,6,0,1,train,101
6e68b7e12ae2,cust_99225,high_velocity_attack,unauthorized,ecommerce,3536.57,0,1,0,0.0,0.0,135,0,9,4,2.825,2025-02-23,2025-02-27,,,30-day returns on unused goods. Signature on delivery is accepted proof of receipt.,0.1589,1,0,0,train,101
9b509548e13a,cust_29679,inr_delivery_confirmed,item_not_received,ecommerce,1934.55,1,0,1,,1.0,400,1,2,27,1.193,2025-02-02,2025-03-01,TRK369382443,2025-02-05 06:00:00,30-day returns on unused goods. Signature on delivery is accepted proof of receipt.,-0.0551,1,0,1,train,101
7243a32d41a2,cust_26967,no_evidence,item_not_received,services,2313.46,1,1,0,0.0,0.0,86,1,3,15,1.73,2025-06-19,2025-07-04,TRK854512766,2025-06-20 17:00:00,Service completion notes and customer confirmation emails are retained.,-0.0229,5,0,1,train,101
418b64d2a998,cust_14968,high_velocity_attack,unauthorized,digital_goods,1405.69,1,0,0,0.0,0.0,38,0,8,6,3.006,2025-02-07,2025-02-13,TRK780047030,2025-02-07 23:00:00,Digital items are non-refundable after delivery to the registered account.,0.0414,1,0,0,train,101
d5eb1685cd30,cust_96575,friendly_fraud_long_tenure,item_not_received,ecommerce,3186.19,0,0,1,1.0,0.0,365,4,1,3,,2025-04-24,2025-04-27,,,30-day returns on unused goods. Signature on delivery is accepted proof of receipt.,0.0677,3,1,1,train,101
d252ba45a540,cust_89399,high_velocity_attack,unauthorized,digital_goods,2916.5,0,0,0,0.0,0.0,0,0,9,7,1.186,2025-04-22,2025-04-29,,,Digital items are non-refundable after delivery to the registered account.,-0.0032,3,0,0,train,101
f90e9f1b79cf,cust_88807,inr_delivery_confirmed,item_not_received,grocery,2408.93,1,1,1,1.0,1.0,1007,0,1,34,1.279,2025-06-17,2025-07-21,TRK434436589,2025-06-18 23:00:00,Perishable goods are non-returnable after delivery confirmation.,-0.0807,5,0,1,train,101
a4cdbb731783,cust_56044,no_evidence,not_as_described,digital_goods,14056.09,0,0,0,1.0,,55,2,2,20,2.743,2025-05-26,2025-06-15,,,Digital items are non-refundable after delivery to the registered account.,-0.0341,4,1,1,train,101
5e80c855e826,cust_51973,unauthorized_3ds,unauthorized,ecommerce,1534.39,0,1,1,1.0,0.0,357,0,2,14,0.923,2025-02-08,2025-02-22,,,30-day returns on unused goods. Signature on delivery is accepted proof of receipt.,-0.1204,1,0,1,train,101
16119ac3c787,cust_33624,inr_delivery_confirmed,item_not_received,grocery,2321.71,1,0,1,1.0,1.0,268,5,1,20,0.703,2025-09-11,2025-10-01,TRK909525535,2025-09-12 20:00:00,Perishable goods are non-returnable after delivery confirmation.,-0.0176,8,0,1,train,101
8b799d709182,cust_68747,unauthorized_3ds,unauthorized,digital_goods,5896.6,1,1,0,,0.0,317,0,1,6,,2025-05-12,2025-05-18,TRK128372941,2025-05-13 08:00:00,Digital items are non-refundable after delivery to the registered account.,0.2548,4,0,1,train,101
acdafb26955f,cust_65897,friendly_fraud_long_tenure,item_not_received,digital_goods,2563.68,0,0,0,1.0,1.0,1224,0,2,28,0.429,2025-07-16,2025-08-13,,,Digital items are non-refundable after delivery to the registered account.,-0.0697,6,0,0,train,101
f4ba1f5224fd,cust_59166,friendly_fraud_long_tenure,unauthorized,subscriptions,2511.33,1,1,1,1.0,1.0,1040,1,2,9,0.666,2025-06-02,2025-06-11,TRK245481399,2025-06-04 11:00:00,First billing cycle may be refunded; subsequent cycles require unused-period evidence.,0.3037,5,0,1,train,101
295b8de35739,cust_90643,high_velocity_attack,unauthorized,digital_goods,6198.79,0,0,0,0.0,0.0,41,0,2,2,2.208,2025-05-07,2025-05-09,,,Digital items are non-refundable after delivery to the registered account.,0.0297,4,0,0,train,101
2aa46c6765f9,cust_27634,unauthorized_3ds,unauthorized,ecommerce,2481.33,1,1,1,0.0,0.0,290,0,1,18,0.893,2025-02-27,2025-03-17,TRK381847328,2025-03-01 02:00:00,30-day returns on unused goods. Signature on delivery is accepted proof of receipt.,-0.0693,1,0,0,train,101
97a66935c058,cust_40398,inr_delivery_confirmed,item_not_received,fashion,4397.95,1,0,1,0.0,1.0,1049,2,1,19,0.344,2025-02-01,2025-02-20,TRK416719225,2025-02-03 07:00:00,7-day exchange window. Delivery photo and tracking are retained for 180 days.,-0.0168,1,0,1,train,101
3333e7937621,cust_60724,inr_delivery_confirmed,item_not_received,grocery,2254.71,1,0,1,,1.0,378,1,2,25,0.725,2025-04-02,2025-04-27,TRK286560847,2025-04-05 07:00:00,Perishable goods are non-returnable after delivery confirmation.,0.0236,3,0,1,train,101
d557970fae40,cust_79390,inr_delivery_confirmed,item_not_received,grocery,6179.61,1,0,1,0.0,1.0,599,0,1,11,0.836,2025-07-06,2025-07-17,TRK139133670,2025-07-09 01:00:00,Perishable goods are non-returnable after delivery confirmation.,0.0529,6,0,1,train,101
8eb52314fe87,cust_44236,unauthorized_3ds,unauthorized,ecommerce,2690.71,1,1,1,1.0,0.0,421,1,1,9,1.061,2025-09-12,2025-09-21,TRK767839647,2025-09-13 09:00:00,30-day returns on unused goods. Signature on delivery is accepted proof of receipt.,0.0877,8,0,1,train,101
a2d4d8dad946,cust_61313,unauthorized_3ds,unauthorized,ecommerce,2577.49,0,1,1,1.0,1.0,622,1,1,21,1.241,2025-02-07,2025-02-28,,,30-day returns on unused goods. Signature on delivery is accepted proof of receipt.,0.2098,1,1,0,train,101
116052075f4a,cust_66919,unauthorized_3ds,unauthorized,travel,8449.02,1,1,0,,0.0,843,1,1,17,0.708,2025-06-06,2025-06-23,TRK614599571,2025-06-06 20:00:00,Cancellations follow fare rules. 3DS-authenticated bookings are treated as cardholder-present.,-0.0497,5,1,0,train,101
fa5bb98a5f66,cust_29527,unauthorized_3ds,unauthorized,ecommerce,10227.65,1,1,1,0.0,1.0,370,0,2,1,0.456,2025-09-21,2025-09-22,TRK760376118,2025-09-22 07:00:00,30-day returns on unused goods. Signature on delivery is accepted proof of receipt.,0.033,8,0,0,train,101
1cbb890e7dbe,cust_97814,unauthorized_3ds,unauthorized,travel,8105.5,0,1,1,1.0,1.0,618,0,2,1,1.127,2025-05-13,2025-05-14,,,Cancellations follow fare rules. 3DS-authenticated bookings are treated as cardholder-present.,0.0958,4,0,0,train,101
156331bb075f,cust_47852,unauthorized_3ds,unauthorized,travel,2275.29,1,1,0,1.0,0.0,96,1,2,12,0.926,2025-09-19,2025-10-01,TRK150264415,2025-09-22 13:00:00,Cancellations follow fare rules. 3DS-authenticated bookings are treated as cardholder-present.,0.1592,8,0,1,train,101
21a0d547ce18,cust_92175,no_evidence,unauthorized,ecommerce,3634.9,0,0,0,,0.0,127,1,1,20,2.757,2025-07-19,2025-08-08,,,30-day returns on unused goods. Signature on delivery is accepted proof of receipt.,0.1683,6,0,0,train,101
885f8c1bc2ca,cust_22901,no_evidence,unauthorized,services,1048.35,0,1,0,0.0,1.0,0,0,3,26,1.568,2025-05-08,2025-06-03,,,Service completion notes and customer confirmation emails are retained.,0.2767,4,0,0,train,101
ba71144790fe,cust_28842,high_velocity_attack,unauthorized,digital_goods,1121.97,1,0,0,1.0,0.0,12,0,11,6,2.742,2025-07-08,2025-07-14,TRK110863477,2025-07-10 05:00:00,Digital items are non-refundable after delivery to the registered account.,0.0262,6,0,1,train,101
119e424384ad,cust_98726,high_velocity_attack,unauthorized,travel,1187.9,1,1,0,1.0,,31,0,6,7,3.712,2025-04-23,2025-04-30,TRK464166997,2025-04-25 02:00:00,Cancellations follow fare rules. 3DS-authenticated bookings are treated as cardholder-present.,-0.0825,3,0,0,train,101
62011c1ef1ce,cust_18059,friendly_fraud_long_tenure,item_not_received,subscriptions,1629.51,0,1,0,0.0,1.0,1587,1,1,24,1.541,2025-08-15,2025-09-08,,,First billing cycle may be refunded; subsequent cycles require unused-period evidence.,0.074,7,0,1,train,101
84c27c656038,cust_20356,unauthorized_3ds,unauthorized,digital_goods,4508.07,1,0,1,0.0,0.0,404,1,1,2,0.884,2025-05-04,2025-05-06,TRK862065221,2025-05-06 01:00:00,Digital items are non-refundable after delivery to the registered account.,0.0101,4,0,1,train,101
8d0d5eb00be6,cust_33113,high_velocity_attack,unauthorized,ecommerce,1475.31,0,0,0,0.0,0.0,133,0,6,13,3.538,2025-02-06,2025-02-19,,,30-day returns on unused goods. Signature on delivery is accepted proof of receipt.,0.0316,1,0,0,train,101
8f27144518c3,cust_40050,inr_delivery_confirmed,item_not_received,fashion,6872.26,1,0,1,0.0,1.0,278,0,1,27,0.288,2025-04-07,2025-05-04,TRK225969129,2025-04-09 13:00:00,7-day exchange window. Delivery photo and tracking are retained for 180 days.,-0.0484,3,1,1,train,101
5f1ca208c49f,cust_42536,unauthorized_3ds,unauthorized,digital_goods,2051.41,0,1,1,1.0,0.0,222,2,1,17,1.524,2025-03-14,2025-03-31,,,Digital items are non-refundable after delivery to the registered account.,-0.0122,2,1,0,train,101
468fc2220ece,cust_92013,friendly_fraud_long_tenure,not_as_described,subscriptions,2605.59,1,0,0,0.0,0.0,1182,0,3,15,1.115,2025-04-21,2025-05-06,TRK634026724,2025-04-23 05:00:00,First billing cycle may be refunded; subsequent cycles require unused-period evidence.,0.1357,3,0,0,train,101
81699cbd33f8,cust_96724,unauthorized_3ds,unauthorized,travel,1242.13,1,0,1,1.0,0.0,174,0,1,7,1.496,2025-09-12,2025-09-19,TRK611956632,2025-09-15 07:00:00,Cancellations follow fare rules. 3DS-authenticated bookings are treated as cardholder-present.,-0.2738,8,0,0,train,101
bada2ab49cd6,cust_11207,high_velocity_attack,unauthorized,ecommerce,4163.2,1,0,0,1.0,0.0,57,0,8,8,2.682,2025-06-23,2025-07-01,TRK613866854,2025-06-24 20:00:00,30-day returns on unused goods. Signature on delivery is accepted proof of receipt.,-0.0681,5,0,0,train,101
9e2e2e520ac1,cust_69222,inr_delivery_confirmed,item_not_received,ecommerce,3254.76,1,0,1,1.0,0.0,1051,2,1,18,0.777,2025-08-04,2025-08-22,TRK979027954,2025-08-05 21:00:00,30-day returns on unused goods. Signature on delivery is accepted proof of receipt.,0.063,7,0,0,train,101
955768bf50d5,cust_27627,no_evidence,not_as_described,digital_goods,6921.16,0,0,0,0.0,0.0,73,4,2,26,0.643,2025-04-09,2025-05-05,,,Digital items are non-refundable after delivery to the registered account.,0.1214,3,0,0,train,101
906d1188e181,cust_21429,friendly_fraud_long_tenure,not_as_described,subscriptions,6154.73,0,1,0,0.0,0.0,683,3,1,20,1.211,2025-03-26,2025-04-15,,,First billing cycle may be refunded; subsequent cycles require unused-period evidence.,-0.1308,2,1,1,train,101
876a1f81c04b,cust_75221,friendly_fraud_long_tenure,item_not_received,digital_goods,8294.66,1,1,1,1.0,0.0,1159,1,1,33,0.386,2025-08-09,2025-09-11,TRK201253749,2025-08-10 01:00:00,Digital items are non-refundable after delivery to the registered account.,0.1093,7,0,1,train,101
97526d46f5fc,cust_65023,inr_delivery_confirmed,item_not_received,grocery,2524.58,1,0,1,1.0,,1150,0,2,26,0.923,2025-06-07,2025-07-03,TRK580739331,2025-06-08 04:00:00,Perishable goods are non-returnable after delivery confirmation.,-0.1235,5,0,0,train,101
5fc26c6195d6,cust_47620,unauthorized_3ds,unauthorized,ecommerce,1128.88,0,1,1,1.0,0.0,366,0,1,11,,2025-06-12,2025-06-23,,,30-day returns on unused goods. Signature on delivery is accepted proof of receipt.,0.0476,5,1,1,train,101
aeefd6a15ce6,cust_94230,inr_delivery_confirmed,item_not_received,fashion,3635.05,1,1,1,1.0,1.0,69,0,1,25,1.577,2025-09-03,2025-09-28,TRK890313265,2025-09-05 15:00:00,7-day exchange window. Delivery photo and tracking are retained for 180 days.,0.0099,8,0,0,train,101
27fa837baa9c,cust_20213,no_evidence,unauthorized,digital_goods,2901.22,0,0,0,0.0,0.0,30,0,1,5,0.641,2025-05-03,2025-05-08,,,Digital items are non-refundable after delivery to the registered account.,-0.2586,4,0,0,train,101
0995515052be,cust_23994,unauthorized_3ds,unauthorized,digital_goods,2290.99,0,0,1,1.0,1.0,545,0,1,10,0.728,2025-06-15,2025-06-25,,,Digital items are non-refundable after delivery to the registered account.,-0.1299,5,0,1,train,101
3a5840056282,cust_83747,unauthorized_3ds,unauthorized,digital_goods,2015.07,1,1,1,1.0,0.0,480,0,1,8,0.663,2025-08-10,2025-08-18,TRK418424386,2025-08-12 12:00:00,Digital items are non-refundable after delivery to the registered account.,0.099,7,1,0,train,101
6928c5559a1d,cust_23048,unauthorized_3ds,unauthorized,ecommerce,4584.43,1,1,1,1.0,0.0,490,0,2,2,1.335,2025-05-17,2025-05-19,TRK731654468,2025-05-18 19:00:00,30-day returns on unused goods. Signature on delivery is accepted proof of receipt.,-0.0693,4,0,1,train,101
2c543574bc14,cust_31981,high_velocity_attack,unauthorized,digital_goods,2139.42,0,0,0,0.0,0.0,15,0,5,6,1.914,2025-06-08,2025-06-14,,,Digital items are non-refundable after delivery to the registered account.,-0.1623,5,0,0,train,101
0280823c26b1,cust_87337,inr_delivery_confirmed,item_not_received,fashion,1965.12,1,1,0,1.0,,473,0,3,2,0.728,2025-02-05,2025-02-07,TRK196752143,2025-02-07 05:00:00,7-day exchange window. Delivery photo and tracking are retained for 180 days.,-0.0564,1,0,1,train,101
e4d927255134,cust_26535,friendly_fraud_long_tenure,unauthorized,fashion,5953.07,0,1,1,1.0,0.0,945,0,1,28,1.654,2025-08-31,2025-09-28,,,7-day exchange window. Delivery photo and tracking are retained for 180 days.,-0.0784,8,0,0,train,101
ab44ae0b4c81,cust_12936,inr_delivery_confirmed,item_not_received,fashion,2821.89,0,1,0,1.0,1.0,319,2,1,9,1.061,2025-09-10,2025-09-19,,,7-day exchange window. Delivery photo and tracking are retained for 180 days.,-0.0576,8,0,1,train,101
e823a9eaf365,cust_51546,high_velocity_attack,unauthorized,digital_goods,1744.19,0,0,0,0.0,1.0,32,0,6,4,2.065,2025-07-06,2025-07-10,,,Digital items are non-refundable after delivery to the registered account.,0.1805,6,0,0,train,101
b12c34b88e2a,cust_27355,unauthorized_3ds,unauthorized,travel,2229.89,1,1,1,1.0,0.0,14,1,1,10,0.847,2025-04-23,2025-05-03,TRK807499126,2025-04-26 19:00:00,Cancellations follow fare rules. 3DS-authenticated bookings are treated as cardholder-present.,0.0444,3,0,1,train,101
fc0bc5e552a8,cust_89327,friendly_fraud_long_tenure,unauthorized,ecommerce,5801.51,0,0,0,1.0,0.0,815,2,1,6,1.094,2025-02-03,2025-02-09,,,30-day returns on unused goods. Signature on delivery is accepted proof of receipt.,0.0973,1,0,0,train,101
f89558eaa698,cust_69402,high_velocity_attack,unauthorized,travel,3141.94,0,0,0,0.0,0.0,20,0,7,2,0.959,2025-08-21,2025-08-23,,,Cancellations follow fare rules. 3DS-authenticated bookings are treated as cardholder-present.,0.0186,7,0,0,train,101
b55bd849fa0c,cust_33909,inr_delivery_confirmed,item_not_received,fashion,2080.03,1,1,0,1.0,1.0,404,2,1,29,0.863,2025-07-31,2025-08-29,TRK940585947,2025-08-01 01:00:00,7-day exchange window. Delivery photo and tracking are retained for 180 days.,0.1455,7,0,0,train,101
ee23e3b401e5,cust_51179,no_evidence,not_as_described,ecommerce,7949.49,0,0,0,0.0,0.0,17,1,4,5,,2025-06-21,2025-06-26,,,30-day returns on unused goods. Signature on delivery is accepted proof of receipt.,0.1812,5,0,0,train,101
f2b6bae05f1d,cust_15143,unauthorized_3ds,unauthorized,digital_goods,2746.9,1,1,1,1.0,0.0,487,0,3,21,1.648,2025-09-06,2025-09-27,TRK807489981,2025-09-09 19:00:00,Digital items are non-refundable after delivery to the registered account.,-0.0499,8,0,0,train,101
0fc1edecb0ac,cust_17176,no_evidence,not_as_described,digital_goods,1794.82,0,0,0,0.0,0.0,115,0,4,8,0.142,2025-03-06,2025-03-14,,,Digital items are non-refundable after delivery to the registered account.,-0.0565,2,0,0,train,101
555876f7d1a8,cust_87879,high_velocity_attack,unauthorized,travel,2951.19,1,0,0,0.0,0.0,59,0,8,2,2.536,2025-09-08,2025-09-10,TRK973798408,2025-09-10 15:00:00,Cancellations follow fare rules. 3DS-authenticated bookings are treated as cardholder-present.,0.0831,8,0,0,train,101
2cad591512ff,cust_56976,no_evidence,not_as_described,services,2464.59,0,0,1,1.0,0.0,207,0,2,50,2.674,2025-03-22,2025-05-11,,,Service completion notes and customer confirmation emails are retained.,0.0194,2,0,0,train,101
13df66f63982,cust_84626,friendly_fraud_long_tenure,unauthorized,fashion,3654.51,0,1,1,1.0,0.0,640,2,6,6,0.269,2025-09-21,2025-09-27,,,7-day exchange window. Delivery photo and tracking are retained for 180 days.,-0.0892,8,1,1,train,101
007e75f7016c,cust_55971,inr_delivery_confirmed,item_not_received,ecommerce,2662.38,1,1,1,1.0,1.0,449,0,1,21,0.637,2025-07-15,2025-08-05,TRK966745751,2025-07-15 23:00:00,30-day returns on unused goods. Signature on delivery is accepted proof of receipt.,-0.1237,6,0,1,train,101
071f25e2aa97,cust_72015,high_velocity_attack,unauthorized,digital_goods,2367.31,0,0,1,0.0,1.0,26,0,8,7,2.089,2025-08-06,2025-08-13,,,Digital items are non-refundable after delivery to the registered account.,0.2882,7,0,0,train,101
887fc8805b42,cust_47952,no_evidence,not_as_described,ecommerce,2049.6,0,0,0,0.0,0.0,194,3,1,13,,2025-09-01,2025-09-14,,,30-day returns on unused goods. Signature on delivery is accepted proof of receipt.,-0.2442,8,0,0,train,101
6ad89f1177b5,cust_45022,inr_delivery_confirmed,item_not_received,grocery,931.52,1,1,1,1.0,0.0,228,0,1,24,1.038,2025-07-19,2025-08-12,TRK731666338,2025-07-22 13:00:00,Perishable goods are non-returnable after delivery confirmation.,0.0196,6,1,0,train,101
d7e5e317efaa,cust_36972,friendly_fraud_long_tenure,unauthorized,digital_goods,8047.29,0,0,1,1.0,1.0,930,3,1,38,,2025-06-08,2025-07-16,,,Digital items are non-refundable after delivery to the registered account.,0.019,5,0,0,train,101
d534ffb7b6c5,cust_53127,friendly_fraud_long_tenure,unauthorized,subscriptions,5434.69,0,1,1,1.0,0.0,1116,1,2,33,,2025-06-22,2025-07-25,,,First billing cycle may be refunded; subsequent cycles require unused-period evidence.,0.1956,5,0,0,train,101
e99e3e6383ed,cust_24650,unauthorized_3ds,unauthorized,travel,6521.69,1,1,1,0.0,0.0,641,0,1,10,0.168,2025-06-11,2025-06-21,TRK414942795,2025-06-12 21:00:00,Cancellations follow fare rules. 3DS-authenticated bookings are treated as cardholder-present.,0.0099,5,0,1,train,101
6cb3ad624940,cust_72497,friendly_fraud_long_tenure,item_not_received,ecommerce,3407.16,0,0,0,,1.0,846,1,2,6,0.978,2025-05-05,2025-05-11,,,30-day returns on unused goods. Signature on delivery is accepted proof of receipt.,0.2808,4,0,0,train,101
e09de96a4f09,cust_58357,inr_delivery_confirmed,item_not_received,grocery,2056.24,1,0,1,1.0,0.0,675,1,1,9,,2025-08-21,2025-08-30,TRK456098901,2025-08-24 10:00:00,Perishable goods are non-returnable after delivery confirmation.,-0.1575,7,0,1,train,101
aa6f6a1fc1d0,cust_42366,no_evidence,item_not_received,services,12906.6,0,0,0,0.0,0.0,185,0,1,42,2.295,2025-05-21,2025-07-02,,,Service completion notes and customer confirmation emails are retained.,-0.0747,4,0,0,train,101
711be21aecfb,cust_49666,high_velocity_attack,unauthorized,travel,4190.98,1,0,0,0.0,0.0,0,0,10,3,3.736,2025-06-19,2025-06-22,TRK407554146,2025-06-22 05:00:00,Cancellations follow fare rules. 3DS-authenticated bookings are treated as cardholder-present.,-0.0174,5,0,0,train,101
708fd67ef122,cust_73583,no_evidence,item_not_received,ecommerce,4106.97,0,0,1,0.0,0.0,0,1,2,38,2.027,2025-09-20,2025-10-28,,,30-day returns on unused goods. Signature on delivery is accepted proof of receipt.,0.0889,8,1,1,train,101
bbb108b78ec8,cust_40775,unauthorized_3ds,unauthorized,travel,2752.14,1,1,1,1.0,1.0,343,0,2,11,0.87,2025-05-16,2025-05-27,TRK945305713,2025-05-18 20:00:00,Cancellations follow fare rules. 3DS-authenticated bookings are treated as cardholder-present.,0.087,4,0,0,train,101
8a2bb69b0005,cust_44928,high_velocity_attack,unauthorized,travel,2162.8,0,0,1,0.0,0.0,50,0,6,4,3.374,2025-07-04,2025-07-08,,,Cancellations follow fare rules. 3DS-authenticated bookings are treated as cardholder-present.,0.1073,6,0,0,train,101
9a042d6a7a78,cust_13928,unauthorized_3ds,unauthorized,ecommerce,3331.76,0,1,1,,0.0,278,1,2,8,0.629,2025-03-07,2025-03-15,,,30-day returns on unused goods. Signature on delivery is accepted proof of receipt.,0.2272,2,0,0,train,101
aaa568cd62c8,cust_94989,friendly_fraud_long_tenure,not_as_described,fashion,3165.63,1,1,1,1.0,1.0,272,2,2,28,1.186,2025-09-03,2025-10-01,TRK436486753,2025-09-04 21:00:00,7-day exchange window. Delivery photo and tracking are retained for 180 days.,0.1116,8,0,0,train,101
1db968d32358,cust_29409,unauthorized_3ds,unauthorized,ecommerce,2933.1,0,1,1,0.0,,60,1,1,11,1.337,2025-08-31,2025-09-11,,,30-day returns on unused goods. Signature on delivery is accepted proof of receipt.,-0.0494,8,0,0,train,101
dd06c7118a28,cust_73159,high_velocity_attack,unauthorized,ecommerce,7507.66,0,0,0,0.0,0.0,19,0,3,6,4.225,2025-05-12,2025-05-18,,,30-day returns on unused goods. Signature on delivery is accepted proof of receipt.,0.1584,4,1,1,train,101
475525eec707,cust_88173,friendly_fraud_long_tenure,unauthorized,subscriptions,10285.53,0,1,0,0.0,1.0,865,1,2,30,,2025-05-07,2025-06-06,,,First billing cycle may be refunded; subsequent cycles require unused-period evidence.,0.0562,4,0,1,train,101
a34b428f1ff6,cust_58799,friendly_fraud_long_tenure,unauthorized,digital_goods,2274.02,1,0,0,0.0,1.0,823,3,1,13,1.689,2025-06-17,2025-06-30,TRK522432075,2025-06-20 03:00:00,Digital items are non-refundable after delivery to the registered account.,-0.0433,5,0,1,train,101
c1eb7ee66151,cust_78935,no_evidence,not_as_described,ecommerce,5392.37,0,0,0,0.0,1.0,209,1,3,45,0.676,2025-06-20,2025-08-04,,,30-day returns on unused goods. Signature on delivery is accepted proof of receipt.,0.154,5,0,0,train,101
99df0d007b33,cust_33639,friendly_fraud_long_tenure,item_not_received,subscriptions,3552.83,0,0,1,0.0,1.0,1108,3,2,23,0.1,2025-06-22,2025-07-15,,,First billing cycle may be refunded; subsequent cycles require unused-period evidence.,0.0034,5,0,0,train,101
7090751a7359,cust_97340,inr_delivery_confirmed,item_not_received,fashion,2296.34,1,0,1,1.0,0.0,705,1,1,14,0.769,2025-04-01,2025-04-15,TRK128729881,2025-04-03 05:00:00,7-day exchange window. Delivery photo and tracking are retained for 180 days.,-0.1803,3,0,0,train,101
3165c2d3d350,cust_49240,unauthorized_3ds,unauthorized,travel,6370.8,0,1,1,1.0,1.0,408,1,2,7,1.005,2025-08-23,2025-08-30,,,Cancellations follow fare rules. 3DS-authenticated bookings are treated as cardholder-present.,0.31,7,1,1,train,101
499fa6108056,cust_26432,high_velocity_attack,unauthorized,ecommerce,526.83,0,0,1,0.0,0.0,14,0,8,4,1.452,2025-06-22,2025-06-26,,,30-day returns on unused goods. Signature on delivery is accepted proof of receipt.,0.0747,5,0,0,train,101
fe3bff22cbd3,cust_10655,friendly_fraud_long_tenure,item_not_received,digital_goods,9998.02,1,0,0,0.0,1.0,577,2,2,27,2.415,2025-02-25,2025-03-24,TRK973541352,2025-02-27 03:00:00,Digital items are non-refundable after delivery to the registered account.,0.0719,1,0,1,train,101
b2783a70c6b1,cust_68147,unauthorized_3ds,unauthorized,digital_goods,6436.55,0,1,1,0.0,1.0,915,0,2,14,0.691,2025-08-20,2025-09-03,,,Digital items are non-refundable after delivery to the registered account.,0.0115,7,0,1,train,101
ba2af5ce183d,cust_49870,inr_delivery_confirmed,item_not_received,ecommerce,1868.41,1,0,1,1.0,1.0,299,1,1,4,1.748,2025-05-15,2025-05-19,TRK813547432,2025-05-17 04:00:00,30-day returns on unused goods. Signature on delivery is accepted proof of receipt.,-0.0225,4,0,1,train,101
daff0136edeb,cust_13568,friendly_fraud_long_tenure,item_not_received,digital_goods,3305.19,1,0,1,1.0,1.0,754,2,1,10,0.498,2025-05-31,2025-06-10,TRK344264735,2025-06-01 17:00:00,Digital items are non-refundable after delivery to the registered account.,0.0955,5,0,0,train,101
544b9b5aa9a8,cust_98478,no_evidence,item_not_received,ecommerce,7872.69,0,0,1,0.0,1.0,200,0,1,47,0.98,2025-07-02,2025-08-18,,,30-day returns on unused goods. Signature on delivery is accepted proof of receipt.,0.0908,6,0,0,train,101
98394d1efeba,cust_77039,inr_delivery_confirmed,item_not_received,grocery,2709.78,1,0,1,,1.0,518,0,1,25,1.519,2025-07-13,2025-08-07,TRK709480392,2025-07-13 23:00:00,Perishable goods are non-returnable after delivery confirmation.,0.0498,6,0,1,train,101
1bd27d856f97,cust_37312,friendly_fraud_long_tenure,unauthorized,fashion,2446.77,1,1,1,1.0,0.0,1459,1,1,22,1.496,2025-07-04,2025-07-26,TRK639220301,2025-07-05 08:00:00,7-day exchange window. Delivery photo and tracking are retained for 180 days.,-0.137,6,0,0,train,101
adb1f49150c1,cust_29643,unauthorized_3ds,unauthorized,travel,2937.98,0,1,1,1.0,1.0,856,0,4,7,0.599,2025-06-19,2025-06-26,,,Cancellations follow fare rules. 3DS-authenticated bookings are treated as cardholder-present.,0.2242,5,0,0,train,101
cf086f0cfdc4,cust_56685,no_evidence,not_as_described,digital_goods,4110.38,0,0,0,0.0,,121,2,3,21,1.006,2025-09-23,2025-10-14,,,Digital items are non-refundable after delivery to the registered account.,-0.0509,8,0,0,train,101
a0e7938443af,cust_35430,friendly_fraud_long_tenure,not_as_described,subscriptions,8522.65,0,1,1,1.0,1.0,803,3,1,28,1.781,2025-05-24,2025-06-21,,,First billing cycle may be refunded; subsequent cycles require unused-period evidence.,0.18,4,0,1,train,101
bb600cbca225,cust_73060,friendly_fraud_long_tenure,item_not_received,fashion,7859.29,0,0,1,1.0,0.0,1442,1,1,25,1.193,2025-08-09,2025-09-03,,,7-day exchange window. Delivery photo and tracking are retained for 180 days.,0.0,7,1,1,train,101
3f37a1a2f6ef,cust_58147,high_velocity_attack,unauthorized,travel,4332.32,0,0,1,0.0,0.0,25,1,6,7,2.44,2025-07-16,2025-07-23,,,Cancellations follow fare rules. 3DS-authenticated bookings are treated as cardholder-present.,0.0231,6,0,0,train,101
5f39ef715c62,cust_96128,unauthorized_3ds,unauthorized,digital_goods,3456.17,1,1,1,1.0,1.0,336,0,1,1,0.64,2025-09-08,2025-09-09,TRK162844004,2025-09-11 10:00:00,Digital items are non-refundable after delivery to the registered account.,-0.1783,8,0,1,train,101
3fed054c9317,cust_96410,inr_delivery_confirmed,item_not_received,grocery,2090.52,1,1,1,1.0,1.0,949,1,3,5,0.954,2025-07-13,2025-07-18,TRK627855408,2025-07-15 12:00:00,Perishable goods are non-returnable after delivery confirmation.,-0.0972,6,0,0,train,101
197f64df361a,cust_98885,high_velocity_attack,unauthorized,digital_goods,1489.74,0,0,0,1.0,0.0,59,0,5,7,2.71,2025-09-10,2025-09-17,,,Digital items are non-refundable after delivery to the registered account.,-0.108,8,1,1,train,101
fcdec2915d7c,cust_49086,friendly_fraud_long_tenure,unauthorized,fashion,4065.67,0,1,0,0.0,1.0,992,2,1,25,1.54,2025-04-17,2025-05-12,,,7-day exchange window. Delivery photo and tracking are retained for 180 days.,0.2678,3,0,0,train,101
c7e99a679876,cust_28268,friendly_fraud_long_tenure,not_as_described,digital_goods,8052.57,1,0,1,1.0,1.0,373,0,2,20,1.194,2025-08-04,2025-08-24,TRK951330928,2025-08-07 16:00:00,Digital items are non-refundable after delivery to the registered account.,0.0612,7,0,1,train,101
f52762d742e3,cust_46637,unauthorized_3ds,unauthorized,digital_goods,4307.97,1,1,1,1.0,0.0,418,1,1,16,1.786,2025-03-25,2025-04-10,TRK326494089,2025-03-26 11:00:00,Digital items are non-refundable after delivery to the registered account.,0.1127,2,0,1,train,101
a28d6ea10002,cust_33660,no_evidence,item_not_received,ecommerce,12249.65,1,0,0,1.0,1.0,0,0,3,34,1.657,2025-03-25,2025-04-28,TRK504614608,2025-03-25 18:00:00,30-day returns on unused goods. Signature on delivery is accepted proof of receipt.,-0.0686,2,0,0,train,101
64e846030c79,cust_50159,unauthorized_3ds,unauthorized,digital_goods,5078.12,0,1,1,1.0,1.0,62,0,1,24,0.273,2025-09-19,2025-10-13,,,Digital items are non-refundable after delivery to the registered account.,-0.0412,8,0,0,train,101
71054854f555,cust_12133,no_evidence,unauthorized,digital_goods,6643.2,1,0,0,0.0,0.0,162,0,3,25,1.276,2025-07-21,2025-08-15,TRK834123031,2025-07-24 20:00:00,Digital items are non-refundable after delivery to the registered account.,0.0753,6,0,0,train,101
ff12e983018c,cust_90056,friendly_fraud_long_tenure,unauthorized,subscriptions,4686.29,1,0,0,0.0,,969,2,2,45,1.136,2025-07-11,2025-08-25,TRK909173543,2025-07-13 13:00:00,First billing cycle may be refunded; subsequent cycles require unused-period evidence.,0.0041,6,0,0,train,101
cd36096d7a0c,cust_63017,no_evidence,item_not_received,services,1416.32,0,0,0,1.0,0.0,13,0,4,13,2.042,2025-06-04,2025-06-17,,,Service completion notes and customer confirmation emails are retained.,0.0881,5,0,0,train,101
1a47f2bc4f50,cust_39833,no_evidence,unauthorized,digital_goods,4566.28,0,0,0,0.0,1.0,78,2,1,10,2.527,2025-02-20,2025-03-02,,,Digital items are non-refundable after delivery to the registered account.,0.0029,1,0,0,train,101
ff526bddf7b6,cust_75326,inr_delivery_confirmed,item_not_received,grocery,2538.14,1,1,1,0.0,1.0,504,0,1,21,0.714,2025-07-26,2025-08-16,TRK985064189,2025-07-27 14:00:00,Perishable goods are non-returnable after delivery confirmation.,-0.0582,6,0,0,train,101
6b70c37e5ce1,cust_62963,friendly_fraud_long_tenure,unauthorized,ecommerce,7142.5,0,1,1,,1.0,1140,3,1,5,1.542,2025-08-09,2025-08-14,,,30-day returns on unused goods. Signature on delivery is accepted proof of receipt.,0.0383,7,0,0,train,101
ee98443185dc,cust_51029,high_velocity_attack,unauthorized,travel,3931.23,1,0,1,1.0,0.0,74,0,11,4,2.663,2025-05-27,2025-05-31,TRK909137987,2025-05-30 06:00:00,Cancellations follow fare rules. 3DS-authenticated bookings are treated as cardholder-present.,0.0836,4,0,0,train,101
e7748a76930e,cust_21335,unauthorized_3ds,unauthorized,ecommerce,3408.83,1,1,1,1.0,1.0,705,0,1,8,1.235,2025-08-05,2025-08-13,TRK139282202,2025-08-08 14:00:00,30-day returns on unused goods. Signature on delivery is accepted proof of receipt.,-0.1394,7,0,1,train,101
a78c6a2cdb61,cust_53647,friendly_fraud_long_tenure,not_as_described,ecommerce,9319.44,1,0,1,1.0,1.0,1140,1,1,3,1.195,2025-07-14,2025-07-17,TRK980096987,2025-07-16 05:00:00,30-day returns on unused goods. Signature on delivery is accepted proof of receipt.,0.0453,6,0,0,train,101
acbbb7a6a336,cust_49974,high_velocity_attack,unauthorized,ecommerce,3745.78,0,0,0,0.0,0.0,87,1,4,11,3.842,2025-02-20,2025-03-03,,,30-day returns on unused goods. Signature on delivery is accepted proof of receipt.,0.1844,1,0,0,train,101
3bc3e360a4bf,cust_22565,inr_delivery_confirmed,item_not_received,fashion,959.43,1,1,1,,1.0,539,0,1,13,1.384,2025-06-05,2025-06-18,TRK507512192,2025-06-07 03:00:00,7-day exchange window. Delivery photo and tracking are retained for 180 days.,0.1623,5,0,1,train,101
e35eafc4ca0f,cust_18372,no_evidence,not_as_described,services,1913.76,0,0,0,0.0,0.0,0,2,5,21,2.139,2025-03-08,2025-03-29,,,Service completion notes and customer confirmation emails are retained.,0.3989,2,0,0,train,101
082f17328de7,cust_28158,friendly_fraud_long_tenure,item_not_received,digital_goods,5101.7,0,1,0,1.0,0.0,1073,3,3,21,1.271,2025-07-18,2025-08-08,,,Digital items are non-refundable after delivery to the registered account.,0.0881,6,0,0,train,101
5b10916cc7f5,cust_55626,no_evidence,not_as_described,services,1295.31,0,0,1,0.0,,0,0,2,11,2.46,2025-02-02,2025-02-13,,,Service completion notes and customer confirmation emails are retained.,-0.0154,1,0,0,train,101
72050c518be1,cust_22981,inr_delivery_confirmed,item_not_received,fashion,4291.32,1,1,1,1.0,1.0,1184,0,2,18,1.228,2025-07-13,2025-07-31,TRK540457815,2025-07-14 21:00:00,7-day exchange window. Delivery photo and tracking are retained for 180 days.,-0.2614,6,0,0,train,101
b1cfd4f7031b,cust_50381,high_velocity_attack,unauthorized,ecommerce,1087.0,0,0,0,1.0,0.0,55,2,7,10,2.502,2025-06-18,2025-06-28,,,30-day returns on unused goods. Signature on delivery is accepted proof of receipt.,-0.053,5,0,0,train,101
348ee4428623,cust_34087,high_velocity_attack,unauthorized,ecommerce,2836.73,1,0,0,1.0,0.0,0,0,5,9,1.975,2025-04-28,2025-05-07,TRK483432720,2025-04-29 14:00:00,30-day returns on unused goods. Signature on delivery is accepted proof of receipt.,0.0205,3,0,0,train,101
ec719b115ad9,cust_73056,unauthorized_3ds,unauthorized,ecommerce,2638.21,1,1,1,1.0,1.0,823,0,2,7,,2025-09-05,2025-09-12,TRK800374710,2025-09-06 13:00:00,30-day returns on unused goods. Signature on delivery is accepted proof of receipt.,-0.1543,8,0,1,train,101
9384d925d568,cust_48605,high_velocity_attack,unauthorized,ecommerce,940.64,0,0,1,0.0,0.0,80,0,5,1,2.741,2025-02-23,2025-02-24,,,30-day returns on unused goods. Signature on delivery is accepted proof of receipt.,0.1018,1,0,0,train,101
277f7722f189,cust_64426,no_evidence,unauthorized,ecommerce,5013.41,0,0,0,0.0,0.0,224,1,1,5,1.277,2025-02-27,2025-03-04,,,30-day returns on unused goods. Signature on delivery is accepted proof of receipt.,-0.097,1,0,0,train,101
2666a7b9faeb,cust_57944,unauthorized_3ds,unauthorized,ecommerce,2470.1,0,1,0,1.0,0.0,628,0,2,18,1.296,2025-09-17,2025-10-05,,,30-day returns on unused goods. Signature on delivery is accepted proof of receipt.,-0.0371,8,0,0,train,101
07b526135603,cust_12736,friendly_fraud_long_tenure,item_not_received,digital_goods,9156.9,1,0,0,1.0,0.0,1121,0,2,25,1.277,2025-06-20,2025-07-15,TRK776475600,2025-06-23 21:00:00,Digital items are non-refundable after delivery to the registered account.,-0.1155,5,0,0,train,101
ae6c08e13de2,cust_49748,no_evidence,not_as_described,ecommerce,1705.8,1,0,0,0.0,0.0,199,0,1,38,0.792,2025-04-20,2025-05-28,TRK544041847,2025-04-21 15:00:00,30-day returns on unused goods. Signature on delivery is accepted proof of receipt.,0.0335,3,0,0,train,101
2e54941fb66a,cust_10122,no_evidence,unauthorized,ecommerce,3204.31,0,0,0,0.0,0.0,0,0,1,23,0.201,2025-09-10,2025-10-03,,,30-day returns on unused goods. Signature on delivery is accepted proof of receipt.,0.2134,8,0,0,train,101
d601957d4865,cust_34852,unauthorized_3ds,unauthorized,travel,3692.23,1,1,1,1.0,0.0,585,1,2,1,1.256,2025-06-04,2025-06-05,TRK825730093,2025-06-05 00:00:00,Cancellations follow fare rules. 3DS-authenticated bookings are treated as cardholder-present.,-0.0621,5,0,1,train,101
e79edf8618d5,cust_27210,friendly_fraud_long_tenure,unauthorized,digital_goods,5576.73,0,0,1,0.0,,741,2,1,38,0.551,2025-07-17,2025-08-24,,,Digital items are non-refundable after delivery to the registered account.,0.0202,6,0,0,train,101
a5315a7c1789,cust_42714,unauthorized_3ds,unauthorized,digital_goods,5665.17,1,1,1,1.0,0.0,569,0,2,22,0.733,2025-05-06,2025-05-28,TRK926487435,2025-05-08 09:00:00,Digital items are non-refundable after delivery to the registered account.,-0.077,4,0,1,train,101
1a6e8ac7fe87,cust_40406,inr_delivery_confirmed,item_not_received,fashion,1867.58,1,0,1,1.0,0.0,216,1,1,19,1.314,2025-08-04,2025-08-23,TRK958987727,2025-08-05 22:00:00,7-day exchange window. Delivery photo and tracking are retained for 180 days.,-0.0397,7,0,0,train,101
b87d64462e90,cust_32817,inr_delivery_confirmed,item_not_received,ecommerce,1411.68,1,0,0,1.0,0.0,246,0,1,17,1.494,2025-03-07,2025-03-24,TRK500309365,2025-03-08 02:00:00,30-day returns on unused goods. Signature on delivery is accepted proof of receipt.,0.0929,2,0,1,train,101
428029dc7c4a,cust_69095,friendly_fraud_long_tenure,not_as_described,ecommerce,4443.04,0,1,0,1.0,1.0,600,0,1,24,0.815,2025-02-13,2025-03-09,,,30-day returns on unused goods. Signature on delivery is accepted proof of receipt.,-0.0708,1,0,0,train,101
cc97d5a46aad,cust_56681,inr_delivery_confirmed,item_not_received,ecommerce,2735.33,0,1,0,1.0,1.0,670,3,2,27,1.469,2025-07-04,2025-07-31,,,30-day returns on unused goods. Signature on delivery is accepted proof of receipt.,-0.0911,6,0,1,train,101
78eae86c085b,cust_80708,high_velocity_attack,unauthorized,digital_goods,2092.65,0,0,0,0.0,0.0,50,0,6,10,3.027,2025-09-17,2025-09-27,,,Digital items are non-refundable after delivery to the registered account.,0.1159,8,0,0,train,101
29df865ee3b1,cust_29002,inr_delivery_confirmed,item_not_received,grocery,2710.74,1,1,0,0.0,1.0,843,0,1,35,,2025-03-07,2025-04-11,TRK646452704,2025-03-10 22:00:00,Perishable goods are non-returnable after delivery confirmation.,-0.0469,2,0,1,train,101
0116edbe8b56,cust_67697,no_evidence,unauthorized,ecommerce,6318.47,0,0,0,0.0,0.0,399,1,1,40,0.591,2025-08-22,2025-10-01,,,30-day returns on unused goods. Signature on delivery is accepted proof of receipt.,0.0664,7,0,0,train,101
2df5b51ab8d6,cust_94171,high_velocity_attack,unauthorized,travel,1198.09,0,0,0,0.0,0.0,54,0,6,12,1.396,2025-03-25,2025-04-06,,,Cancellations follow fare rules. 3DS-authenticated bookings are treated as cardholder-present.,-0.084,2,0,0,train,101
041f645dfe23,cust_83503,inr_delivery_confirmed,item_not_received,ecommerce,5769.8,1,1,1,1.0,1.0,431,2,3,18,0.424,2025-07-18,2025-08-05,TRK821721047,2025-07-19 17:00:00,30-day returns on unused goods. Signature on delivery is accepted proof of receipt.,0.0882,6,0,1,train,101
a67015c52197,cust_90427,high_velocity_attack,unauthorized,travel,7960.97,0,0,0,0.0,0.0,19,0,9,7,0.838,2025-06-14,2025-06-21,,,Cancellations follow fare rules. 3DS-authenticated bookings are treated as cardholder-present.,0.2419,5,0,0,train,101
e2395f826704,cust_59872,no_evidence,item_not_received,ecommerce,10905.25,0,0,0,0.0,0.0,161,0,1,53,1.589,2025-09-02,2025-10-25,,,30-day returns on unused goods. Signature on delivery is accepted proof of receipt.,0.3023,8,0,0,train,101
9d164fd142fe,cust_77595,no_evidence,item_not_received,digital_goods,2302.49,0,0,1,0.0,,188,0,2,17,2.038,2025-03-13,2025-03-30,,,Digital items are non-refundable after delivery to the registered account.,-0.0357,2,0,0,train,101
65e9e00c6f35,cust_20086,inr_delivery_confirmed,item_not_received,ecommerce,5145.78,1,1,1,1.0,0.0,524,0,1,22,1.101,2025-05-17,2025-06-08,TRK515995249,2025-05-19 05:00:00,30-day returns on unused goods. Signature on delivery is accepted proof of receipt.,0.1002,4,0,0,train,101
7db0cc71113c,cust_31950,friendly_fraud_long_tenure,item_not_received,ecommerce,3921.4,1,0,0,0.0,1.0,876,0,3,16,0.501,2025-08-16,2025-09-01,TRK811552973,2025-08-19 02:00:00,30-day returns on unused goods. Signature on delivery is accepted proof of receipt.,-0.0479,7,0,1,train,101
84fbbc66e8f9,cust_14023,friendly_fraud_long_tenure,not_as_described,ecommerce,4852.15,0,1,1,0.0,0.0,180,1,1,20,2.582,2025-08-31,2025-09-20,,,30-day returns on unused goods. Signature on delivery is accepted proof of receipt.,0.0351,8,1,1,train,101
a85b734e1a54,cust_95402,no_evidence,unauthorized,ecommerce,5377.83,0,0,0,0.0,0.0,2,0,1,50,0.616,2025-02-14,2025-04-05,,,30-day returns on unused goods. Signature on delivery is accepted proof of receipt.,0.008,1,1,1,train,101
e3097d0a615b,cust_54535,unauthorized_3ds,unauthorized,ecommerce,2723.75,0,1,0,1.0,0.0,14,1,1,18,1.331,2025-08-31,2025-09-18,,,30-day returns on unused goods. Signature on delivery is accepted proof of receipt.,0.0573,8,0,0,train,101
7a9a97d88633,cust_57728,inr_delivery_confirmed,item_not_received,ecommerce,4363.79,1,1,1,1.0,1.0,764,0,1,31,1.075,2025-03-11,2025-04-11,TRK787506523,2025-03-14 13:00:00,30-day returns on unused goods. Signature on delivery is accepted proof of receipt.,-0.2298,2,1,0,train,101
d7643a3c5138,cust_47748,unauthorized_3ds,unauthorized,travel,2712.83,1,0,1,1.0,0.0,664,0,3,9,0.795,2025-08-05,2025-08-14,TRK363858554,2025-08-07 14:00:00,Cancellations follow fare rules. 3DS-authenticated bookings are treated as cardholder-present.,0.0343,7,0,1,train,101
411f0bd20b13,cust_70851,friendly_fraud_long_tenure,not_as_described,fashion,11066.01,0,0,0,1.0,0.0,1187,1,1,29,2.413,2025-08-16,2025-09-14,,,7-day exchange window. Delivery photo and tracking are retained for 180 days.,0.0068,7,0,0,train,101
dd15ae8b6ac6,cust_88144,unauthorized_3ds,unauthorized,digital_goods,2029.8,1,1,1,1.0,1.0,307,1,1,29,0.888,2025-06-10,2025-07-09,TRK294589401,2025-06-11 18:00:00,Digital items are non-refundable after delivery to the registered account.,0.0031,5,0,1,train,101
794752ff1858,cust_17455,no_evidence,item_not_received,digital_goods,2604.93,0,0,1,1.0,0.0,93,0,3,34,1.006,2025-02-16,2025-03-22,,,Digital items are non-refundable after delivery to the registered account.,-0.0906,1,1,1,train,101
ad985fbc4110,cust_26180,high_velocity_attack,unauthorized,travel,1536.55,0,0,0,1.0,0.0,51,0,6,5,3.09,2025-02-16,2025-02-21,,,Cancellations follow fare rules. 3DS-authenticated bookings are treated as cardholder-present.,-0.0283,1,0,1,train,101
d7cb2ae0f404,cust_91366,friendly_fraud_long_tenure,unauthorized,ecommerce,7933.34,0,1,1,0.0,0.0,1433,1,1,14,1.197,2025-09-24,2025-10-08,,,30-day returns on unused goods. Signature on delivery is accepted proof of receipt.,0.0183,8,0,0,train,101
5fbc2214d9e9,cust_28223,inr_delivery_confirmed,item_not_received,ecommerce,5072.78,1,1,1,1.0,1.0,489,1,1,14,1.511,2025-05-27,2025-06-10,TRK146302818,2025-05-30 03:00:00,30-day returns on unused goods. Signature on delivery is accepted proof of receipt.,0.1079,4,0,0,train,101
bd603b5a6187,cust_14087,high_velocity_attack,unauthorized,digital_goods,2198.04,0,1,0,0.0,1.0,57,0,14,7,,2025-02-08,2025-02-15,,,Digital items are non-refundable after delivery to the registered account.,0.1149,1,0,0,train,101
5c4f3471df93,cust_29389,high_velocity_attack,unauthorized,travel,4063.77,1,0,1,0.0,0.0,46,0,8,3,0.203,2025-06-17,2025-06-20,TRK426011992,2025-06-19 11:00:00,Cancellations follow fare rules. 3DS-authenticated bookings are treated as cardholder-present.,0.0197,5,1,1,train,101
3e9e1fdd3aa2,cust_22696,unauthorized_3ds,unauthorized,travel,4371.42,0,1,1,1.0,0.0,659,0,2,2,0.929,2025-04-07,2025-04-09,,,Cancellations follow fare rules. 3DS-authenticated bookings are treated as cardholder-present.,-0.0932,3,0,0,train,101
426541f3e385,cust_45782,no_evidence,not_as_described,services,3884.99,0,1,0,0.0,1.0,93,2,5,30,1.582,2025-05-19,2025-06-18,,,Service completion notes and customer confirmation emails are retained.,0.079,4,0,0,train,101
07ab61e7c851,cust_54316,inr_delivery_confirmed,item_not_received,fashion,2621.29,1,0,1,1.0,1.0,597,1,2,2,0.769,2025-09-23,2025-09-25,TRK214945541,2025-09-26 04:00:00,7-day exchange window. Delivery photo and tracking are retained for 180 days.,0.1159,8,0,1,train,101
1b1c5a55e5b0,cust_27040,no_evidence,not_as_described,services,3171.29,0,0,0,0.0,0.0,0,0,5,41,1.021,2025-07-23,2025-09-02,,,Service completion notes and customer confirmation emails are retained.,-0.0547,6,0,0,train,101
1a7596560c63,cust_32745,friendly_fraud_long_tenure,not_as_described,fashion,6065.62,1,1,1,1.0,,1069,3,5,27,2.337,2025-07-31,2025-08-27,TRK892711765,2025-08-01 18:00:00,7-day exchange window. Delivery photo and tracking are retained for 180 days.,0.2287,7,0,1,train,101
839d876fc5f4,cust_30682,no_evidence,item_not_received,ecommerce,1758.4,0,0,1,0.0,0.0,36,0,2,26,,2025-07-11,2025-08-06,,,30-day returns on unused goods. Signature on delivery is accepted proof of receipt.,0.0618,6,0,0,train,101
350e1e1aeb53,cust_49734,inr_delivery_confirmed,item_not_received,fashion,1613.53,1,1,1,,1.0,449,0,2,10,0.948,2025-02-01,2025-02-11,TRK834501568,2025-02-03 03:00:00,7-day exchange window. Delivery photo and tracking are retained for 180 days.,0.0966,1,0,0,train,101
1a78508b6363,cust_20142,friendly_fraud_long_tenure,unauthorized,subscriptions,8698.82,0,0,1,1.0,1.0,526,1,2,15,1.112,2025-03-12,2025-03-27,,,First billing cycle may be refunded; subsequent cycles require unused-period evidence.,0.0689,2,0,0,train,101
76a15a6a0da3,cust_10783,unauthorized_3ds,unauthorized,digital_goods,1684.88,1,1,1,0.0,1.0,119,0,1,20,1.347,2025-06-07,2025-06-27,TRK211663254,2025-06-10 13:00:00,Digital items are non-refundable after delivery to the registered account.,0.0987,5,0,0,train,101
2d94ebdb3d63,cust_61996,inr_delivery_confirmed,item_not_received,grocery,4155.51,1,1,1,0.0,0.0,808,3,1,40,0.902,2025-06-01,2025-07-11,TRK595261307,2025-06-02 16:00:00,Perishable goods are non-returnable after delivery confirmation.,-0.0955,5,0,1,train,101
99f274284c7f,cust_18992,friendly_fraud_long_tenure,unauthorized,fashion,8468.16,0,0,1,0.0,0.0,896,2,1,28,2.822,2025-04-20,2025-05-18,,,7-day exchange window. Delivery photo and tracking are retained for 180 days.,-0.1133,3,0,0,train,101
81d418cfe7cc,cust_75111,inr_delivery_confirmed,item_not_received,ecommerce,2627.62,1,1,1,0.0,1.0,307,0,1,32,0.912,2025-08-21,2025-09-22,TRK166923896,2025-08-23 07:00:00,30-day returns on unused goods. Signature on delivery is accepted proof of receipt.,-0.0034,7,0,1,train,101
866ff67190cf,cust_60588,no_evidence,item_not_received,ecommerce,1340.39,0,0,0,0.0,1.0,49,0,4,32,1.47,2025-03-04,2025-04-05,,,30-day returns on unused goods. Signature on delivery is accepted proof of receipt.,0.2013,2,0,0,train,101
d22b475af84a,cust_51646,no_evidence,unauthorized,digital_goods,3350.96,0,0,0,1.0,,45,0,2,44,0.844,2025-05-17,2025-06-30,,,Digital items are non-refundable after delivery to the registered account.,-0.1756,4,0,1,train,101
c6582b70df63,cust_92341,no_evidence,not_as_described,ecommerce,6781.83,0,0,0,,0.0,0,0,3,25,1.872,2025-07-19,2025-08-13,,,30-day returns on unused goods. Signature on delivery is accepted proof of receipt.,-0.1183,6,0,0,train,101
7ab183174dad,cust_86668,friendly_fraud_long_tenure,not_as_described,digital_goods,2715.32,1,0,1,1.0,1.0,674,2,2,3,0.531,2025-05-04,2025-05-07,TRK768576498,2025-05-07 00:00:00,Digital items are non-refundable after delivery to the registered account.,0.0548,4,0,1,train,101
5596738b9591,cust_99688,no_evidence,unauthorized,services,13610.17,1,1,0,1.0,0.0,180,0,1,18,1.285,2025-04-01,2025-04-19,TRK235549050,2025-04-04 14:00:00,Service completion notes and customer confirmation emails are retained.,-0.1041,3,0,0,train,101
c900c2596f2c,cust_54240,friendly_fraud_long_tenure,not_as_described,fashion,9524.75,0,1,0,1.0,1.0,180,2,1,15,1.978,2025-07-10,2025-07-25,,,7-day exchange window. Delivery photo and tracking are retained for 180 days.,0.0718,6,0,0,train,101
5d832e13a484,cust_42140,high_velocity_attack,unauthorized,ecommerce,2384.11,0,0,0,0.0,0.0,125,0,9,3,0.746,2025-08-26,2025-08-29,,,30-day returns on unused goods. Signature on delivery is accepted proof of receipt.,-0.251,7,0,0,train,101
7f529c8570d6,cust_34749,no_evidence,item_not_received,digital_goods,3181.8,1,0,0,0.0,0.0,0,0,1,29,2.463,2025-04-25,2025-05-24,TRK868401505,2025-04-27 15:00:00,Digital items are non-refundable after delivery to the registered account.,-0.2,3,0,0,train,101
914698222d20,cust_93889,inr_delivery_confirmed,item_not_received,ecommerce,3139.16,1,1,1,1.0,0.0,483,0,1,23,0.822,2025-07-18,2025-08-10,TRK599545140,2025-07-20 07:00:00,30-day returns on unused goods. Signature on delivery is accepted proof of receipt.,0.1571,6,0,0,train,101
4ce7ef538ac9,cust_34709,no_evidence,unauthorized,ecommerce,9385.56,1,0,0,0.0,0.0,0,1,1,17,1.619,2025-04-04,2025-04-21,TRK314580274,2025-04-06 09:00:00,30-day returns on unused goods. Signature on delivery is accepted proof of receipt.,0.054,3,0,0,train,101
2e7aa0980cdf,cust_89912,high_velocity_attack,unauthorized,digital_goods,825.5,1,0,0,0.0,0.0,72,0,10,2,2.924,2025-05-11,2025-05-13,TRK801135979,2025-05-13 11:00:00,Digital items are non-refundable after delivery to the registered account.,-0.0177,4,0,1,train,101
fc7a7deba734,cust_47801,high_velocity_attack,unauthorized,ecommerce,1199.21,1,0,0,1.0,,0,0,12,6,4.342,2025-02-02,2025-02-08,TRK713204143,2025-02-03 13:00:00,30-day returns on unused goods. Signature on delivery is accepted proof of receipt.,0.0893,1,0,1,train,101
b0a5c6cf5d76,cust_67638,unauthorized_3ds,unauthorized,travel,2718.43,1,1,0,1.0,1.0,420,1,1,7,1.21,2025-07-07,2025-07-14,TRK426003255,2025-07-08 17:00:00,Cancellations follow fare rules. 3DS-authenticated bookings are treated as cardholder-present.,0.1221,6,0,1,train,101
2627ba3ee7da,cust_39276,unauthorized_3ds,unauthorized,travel,5480.15,0,0,1,1.0,0.0,195,1,1,11,0.695,2025-04-13,2025-04-24,,,Cancellations follow fare rules. 3DS-authenticated bookings are treated as cardholder-present.,0.0721,3,0,1,train,101
6e6d655b1ff3,cust_14831,inr_delivery_confirmed,item_not_received,ecommerce,2893.82,1,1,1,1.0,1.0,562,0,1,24,0.848,2025-07-14,2025-08-07,TRK695921538,2025-07-16 00:00:00,30-day returns on unused goods. Signature on delivery is accepted proof of receipt.,0.1161,6,0,0,train,101
48e9c8392257,cust_22368,no_evidence,unauthorized,services,1452.47,0,0,0,0.0,0.0,172,1,1,37,1.323,2025-09-12,2025-10-19,,,Service completion notes and customer confirmation emails are retained.,0.1107,8,0,1,train,101
4144b12f65ca,cust_23014,unauthorized_3ds,unauthorized,digital_goods,4469.33,0,1,1,1.0,0.0,468,0,2,6,,2025-07-30,2025-08-05,,,Digital items are non-refundable after delivery to the registered account.,-0.22,7,0,1,train,101
87d647ef6610,cust_37142,high_velocity_attack,unauthorized,digital_goods,978.32,0,1,0,0.0,0.0,22,0,6,1,1.579,2025-07-06,2025-07-07,,,Digital items are non-refundable after delivery to the registered account.,0.1515,6,0,0,train,101
26d374efeacb,cust_49581,unauthorized_3ds,unauthorized,digital_goods,6370.73,1,1,1,1.0,1.0,932,0,1,16,0.691,2025-04-19,2025-05-05,TRK136234534,2025-04-20 13:00:00,Digital items are non-refundable after delivery to the registered account.,0.1356,3,0,0,train,101
d472409cf196,cust_50079,no_evidence,not_as_described,digital_goods,1995.9,1,0,0,1.0,0.0,24,1,2,49,2.272,2025-03-26,2025-05-14,TRK866413930,2025-03-27 22:00:00,Digital items are non-refundable after delivery to the registered account.,0.0832,2,0,0,train,101
5a8ac8739f26,cust_73849,unauthorized_3ds,unauthorized,digital_goods,3450.07,1,1,1,1.0,0.0,354,0,1,7,0.942,2025-05-19,2025-05-26,TRK480411394,2025-05-19 18:00:00,Digital items are non-refundable after delivery to the registered account.,0.0138,4,0,1,train,101
b87a92a3c4c1,cust_29034,no_evidence,unauthorized,digital_goods,6284.15,0,0,0,1.0,0.0,65,1,2,5,1.706,2025-08-09,2025-08-14,,,Digital items are non-refundable after delivery to the registered account.,-0.0144,7,0,0,train,101
8b41ec78a521,cust_19108,no_evidence,not_as_described,ecommerce,2985.23,0,0,0,0.0,0.0,146,0,1,30,1.735,2025-08-22,2025-09-21,,,30-day returns on unused goods. Signature on delivery is accepted proof of receipt.,-0.0172,7,0,1,train,101
9cce32a38ac3,cust_11923,unauthorized_3ds,unauthorized,ecommerce,9990.4,0,1,1,1.0,1.0,572,1,1,14,0.693,2025-09-05,2025-09-19,,,30-day returns on unused goods. Signature on delivery is accepted proof of receipt.,0.0474,8,0,0,train,101
72f0898863e4,cust_94994,high_velocity_attack,unauthorized,ecommerce,966.82,0,0,0,0.0,0.0,92,0,8,5,2.012,2025-04-12,2025-04-17,,,30-day returns on unused goods. Signature on delivery is accepted proof of receipt.,0.0678,3,0,0,train,101
bee54ff791de,cust_37311,inr_delivery_confirmed,item_not_received,fashion,6952.14,0,1,0,1.0,1.0,780,0,2,11,,2025-08-05,2025-08-16,,,7-day exchange window. Delivery photo and tracking are retained for 180 days.,-0.0939,7,0,1,train,101
0408089e5ddc,cust_54091,high_velocity_attack,unauthorized,digital_goods,1171.41,0,0,0,0.0,1.0,101,1,8,1,2.905,2025-05-18,2025-05-19,,,Digital items are non-refundable after delivery to the registered account.,-0.0092,4,0,0,train,101
ba9141a28b79,cust_16925,unauthorized_3ds,unauthorized,travel,3369.85,0,1,0,1.0,1.0,508,1,1,14,0.348,2025-06-27,2025-07-11,,,Cancellations follow fare rules. 3DS-authenticated bookings are treated as cardholder-present.,-0.1724,5,0,1,train,101
0895159dcde0,cust_72718,unauthorized_3ds,unauthorized,ecommerce,2458.09,1,1,1,0.0,0.0,312,2,1,1,1.052,2025-06-15,2025-06-16,TRK850206352,2025-06-18 19:00:00,30-day returns on unused goods. Signature on delivery is accepted proof of receipt.,0.1771,5,0,0,train,101
23b563f54b1b,cust_54675,unauthorized_3ds,unauthorized,ecommerce,7718.75,0,1,1,1.0,1.0,363,1,1,18,1.394,2025-07-25,2025-08-12,,,30-day returns on unused goods. Signature on delivery is accepted proof of receipt.,-0.0009,6,0,1,train,101
df3c30de8477,cust_84168,friendly_fraud_long_tenure,not_as_described,ecommerce,3701.53,0,1,1,1.0,1.0,339,1,3,31,1.888,2025-05-31,2025-07-01,,,30-day returns on unused goods. Signature on delivery is accepted proof of receipt.,0.1722,5,0,0,train,101
519efa9e5ebc,cust_82061,high_velocity_attack,unauthorized,digital_goods,1496.89,0,1,0,,1.0,0,1,6,8,2.427,2025-02-23,2025-03-03,,,Digital items are non-refundable after delivery to the registered account.,-0.034,1,1,0,train,101
6066028bd952,cust_43020,no_evidence,item_not_received,digital_goods,647.88,0,0,0,0.0,,414,0,2,32,0.53,2025-07-20,2025-08-21,,,Digital items are non-refundable after delivery to the registered account.,-0.1086,6,0,0,train,101
09c589137cb1,cust_44571,friendly_fraud_long_tenure,not_as_described,subscriptions,10799.01,0,0,0,1.0,0.0,889,3,1,8,,2025-02-14,2025-02-22,,,First billing cycle may be refunded; subsequent cycles require unused-period evidence.,-0.0917,1,0,0,train,101
388433cc6f53,cust_72053,unauthorized_3ds,unauthorized,digital_goods,1554.84,0,1,1,0.0,0.0,530,1,1,7,0.518,2025-05-03,2025-05-10,,,Digital items are non-refundable after delivery to the registered account.,0.224,4,0,1,train,101
872140ad6109,cust_45310,inr_delivery_confirmed,item_not_received,grocery,7419.96,1,1,0,,1.0,559,0,1,4,0.998,2025-03-17,2025-03-21,TRK242718549,2025-03-20 19:00:00,Perishable goods are non-returnable after delivery confirmation.,-0.0486,2,0,0,train,101
464df4f7a57f,cust_19801,unauthorized_3ds,unauthorized,digital_goods,5863.3,1,1,1,0.0,1.0,487,0,2,27,1.804,2025-09-01,2025-09-28,TRK885563670,2025-09-03 18:00:00,Digital items are non-refundable after delivery to the registered account.,-0.0995,8,0,1,train,101
f60d5d22c3e2,cust_27584,high_velocity_attack,unauthorized,ecommerce,1118.18,0,0,0,0.0,1.0,16,0,7,9,3.365,2025-05-10,2025-05-19,,,30-day returns on unused goods. Signature on delivery is accepted proof of receipt.,0.2398,4,0,0,train,101
a9be60671c5f,cust_89751,friendly_fraud_long_tenure,item_not_received,digital_goods,2170.3,1,0,0,1.0,1.0,1730,1,3,19,2.328,2025-04-08,2025-04-27,TRK498982128,2025-04-11 02:00:00,Digital items are non-refundable after delivery to the registered account.,0.0039,3,0,1,train,101
9c5a11051ba7,cust_73126,no_evidence,item_not_received,services,3826.76,0,1,1,0.0,0.0,39,0,1,34,,2025-02-06,2025-03-12,,,Service completion notes and customer confirmation emails are retained.,0.0819,1,0,0,train,101
cbef90b0a57d,cust_87578,no_evidence,not_as_described,services,3147.67,0,0,1,1.0,0.0,0,2,1,18,1.239,2025-06-03,2025-06-21,,,Service completion notes and customer confirmation emails are retained.,0.0111,5,0,0,train,101
c100d5f1577e,cust_42473,unauthorized_3ds,unauthorized,travel,3144.29,0,1,1,1.0,0.0,927,2,1,11,0.859,2025-04-09,2025-04-20,,,Cancellations follow fare rules. 3DS-authenticated bookings are treated as cardholder-present.,-0.0264,3,0,0,train,101
b8a69be871c0,cust_13640,inr_delivery_confirmed,item_not_received,ecommerce,2641.73,1,1,1,1.0,1.0,1293,0,1,25,1.258,2025-02-10,2025-03-07,TRK809336511,2025-02-11 18:00:00,30-day returns on unused goods. Signature on delivery is accepted proof of receipt.,0.1248,1,0,1,train,101
6fb1a2ca7de8,cust_44182,unauthorized_3ds,unauthorized,ecommerce,3936.61,1,1,0,1.0,,503,2,1,7,0.72,2025-03-03,2025-03-10,TRK107582483,2025-03-04 07:00:00,30-day returns on unused goods. Signature on delivery is accepted proof of receipt.,-0.1668,2,0,1,train,101
e1d17add7f41,cust_86748,high_velocity_attack,unauthorized,travel,1813.05,1,0,0,0.0,0.0,92,0,11,7,2.533,2025-09-08,2025-09-15,TRK435936671,2025-09-11 03:00:00,Cancellations follow fare rules. 3DS-authenticated bookings are treated as cardholder-present.,-0.0502,8,0,0,train,101
07dd77fb993c,cust_88103,inr_delivery_confirmed,item_not_received,grocery,3314.55,1,0,0,0.0,1.0,279,1,1,35,0.799,2025-08-15,2025-09-19,TRK864018064,2025-08-18 23:00:00,Perishable goods are non-returnable after delivery confirmation.,-0.24,7,0,1,train,101
9643f9d7e64b,cust_24983,friendly_fraud_long_tenure,item_not_received,fashion,5558.52,0,0,0,0.0,0.0,1004,2,4,25,2.728,2025-02-14,2025-03-11,,,7-day exchange window. Delivery photo and tracking are retained for 180 days.,0.081,1,1,1,train,101
a4386da445dd,cust_52204,high_velocity_attack,unauthorized,ecommerce,781.87,0,1,1,0.0,0.0,0,0,10,1,2.799,2025-03-14,2025-03-15,,,30-day returns on unused goods. Signature on delivery is accepted proof of receipt.,-0.1969,2,0,0,train,101
2343e65f47bc,cust_82204,high_velocity_attack,unauthorized,ecommerce,1185.51,0,0,0,1.0,0.0,160,0,7,2,1.67,2025-04-12,2025-04-14,,,30-day returns on unused goods. Signature on delivery is accepted proof of receipt.,0.0345,3,0,0,train,101
0abb91d58549,cust_31470,friendly_fraud_long_tenure,unauthorized,ecommerce,7025.66,0,1,1,1.0,0.0,336,2,1,21,1.246,2025-07-23,2025-08-13,,,30-day returns on unused goods. Signature on delivery is accepted proof of receipt.,0.0076,6,0,0,train,101
cf717137208e,cust_26525,unauthorized_3ds,unauthorized,travel,1801.68,1,1,1,1.0,1.0,324,0,2,24,1.467,2025-05-16,2025-06-09,TRK530691658,2025-05-18 14:00:00,Cancellations follow fare rules. 3DS-authenticated bookings are treated as cardholder-present.,0.0792,4,0,0,train,101
8c6b21da8223,cust_10586,high_velocity_attack,unauthorized,travel,6169.65,0,1,0,0.0,0.0,88,1,3,4,,2025-05-26,2025-05-30,,,Cancellations follow fare rules. 3DS-authenticated bookings are treated as cardholder-present.,-0.0822,4,0,0,train,101
9adcd7f12491,cust_67197,unauthorized_3ds,unauthorized,digital_goods,4380.05,1,1,1,1.0,,712,1,1,2,0.61,2025-09-22,2025-09-24,TRK723237627,2025-09-25 07:00:00,Digital items are non-refundable after delivery to the registered account.,-0.1236,8,0,1,train,101
c24f630d3924,cust_26979,inr_delivery_confirmed,item_not_received,fashion,1565.74,1,0,1,1.0,,1461,0,2,2,1.334,2025-04-12,2025-04-14,TRK133463402,2025-04-15 01:00:00,7-day exchange window. Delivery photo and tracking are retained for 180 days.,-0.112,3,0,1,train,101
6cfb8a1b3558,cust_46538,no_evidence,not_as_described,digital_goods,2651.24,0,0,1,1.0,0.0,0,1,1,35,,2025-09-25,2025-10-30,,,Digital items are non-refundable after delivery to the registered account.,0.1113,8,0,0,train,101
48898f5760ec,cust_99864,unauthorized_3ds,unauthorized,travel,3881.71,0,1,1,0.0,0.0,517,0,2,21,0.576,2025-05-25,2025-06-15,,,Cancellations follow fare rules. 3DS-authenticated bookings are treated as cardholder-present.,-0.1176,4,0,1,train,101
fc3e704c58cb,cust_51586,unauthorized_3ds,unauthorized,digital_goods,6267.28,0,1,1,1.0,1.0,996,0,1,1,0.789,2025-07-20,2025-07-21,,,Digital items are non-refundable after delivery to the registered account.,-0.2455,6,0,1,train,101
9c329fb5a7b4,cust_49278,friendly_fraud_long_tenure,unauthorized,subscriptions,3534.33,1,0,1,1.0,0.0,1036,2,1,32,1.564,2025-05-26,2025-06-27,TRK758747934,2025-05-29 17:00:00,First billing cycle may be refunded; subsequent cycles require unused-period evidence.,-0.1942,4,0,0,train,101
76aee65b2877,cust_13269,inr_delivery_confirmed,item_not_received,fashion,2376.0,1,0,1,1.0,1.0,874,0,1,8,1.143,2025-02-19,2025-02-27,TRK910858568,2025-02-20 13:00:00,7-day exchange window. Delivery photo and tracking are retained for 180 days.,-0.0059,1,0,1,train,101
c7da778c766b,cust_10022,friendly_fraud_long_tenure,not_as_described,digital_goods,4992.21,1,0,1,0.0,0.0,856,1,1,39,0.814,2025-04-04,2025-05-13,TRK458659661,2025-04-07 10:00:00,Digital items are non-refundable after delivery to the registered account.,0.1174,3,0,0,train,101
80201340dc60,cust_98907,unauthorized_3ds,unauthorized,travel,1016.62,0,1,1,1.0,0.0,354,0,1,8,1.108,2025-07-10,2025-07-18,,,Cancellations follow fare rules. 3DS-authenticated bookings are treated as cardholder-present.,0.037,6,0,0,train,101
537b8fb34f7e,cust_61922,inr_delivery_confirmed,item_not_received,ecommerce,1272.49,1,1,0,0.0,0.0,312,1,1,37,0.397,2025-05-10,2025-06-16,TRK383460316,2025-05-13 17:00:00,30-day returns on unused goods. Signature on delivery is accepted proof of receipt.,0.1275,4,0,1,train,101
3dd8864ab34c,cust_17465,high_velocity_attack,unauthorized,travel,1861.81,0,1,0,1.0,1.0,0,0,8,4,3.162,2025-09-04,2025-09-08,,,Cancellations follow fare rules. 3DS-authenticated bookings are treated as cardholder-present.,0.1938,8,0,0,train,101
1d83d5a05b67,cust_11503,friendly_fraud_long_tenure,item_not_received,ecommerce,6960.21,0,1,0,1.0,0.0,516,3,1,17,1.237,2025-05-13,2025-05-30,,,30-day returns on unused goods. Signature on delivery is accepted proof of receipt.,-0.0699,4,0,0,train,101
e72202ac6dd9,cust_50923,unauthorized_3ds,unauthorized,travel,3278.79,1,1,0,1.0,0.0,761,0,1,9,1.284,2025-09-23,2025-10-02,TRK643391207,2025-09-25 12:00:00,Cancellations follow fare rules. 3DS-authenticated bookings are treated as cardholder-present.,-0.005,8,0,1,train,101
a99fc01a7af1,cust_10408,no_evidence,not_as_described,digital_goods,18210.25,0,0,0,0.0,1.0,139,0,3,27,1.868,2025-04-10,2025-05-07,,,Digital items are non-refundable after delivery to the registered account.,0.1038,3,0,0,train,101
b4235fb1c6e3,cust_78773,inr_delivery_confirmed,item_not_received,grocery,4602.11,1,1,0,0.0,0.0,235,0,1,27,0.518,2025-02-27,2025-03-26,TRK354690030,2025-02-28 12:00:00,Perishable goods are non-returnable after delivery confirmation.,-0.0672,1,0,0,train,101
4cc4fe5f68ba,cust_49014,unauthorized_3ds,unauthorized,ecommerce,2732.98,1,1,0,1.0,0.0,389,1,2,1,1.789,2025-07-22,2025-07-23,TRK955457866,2025-07-25 02:00:00,30-day returns on unused goods. Signature on delivery is accepted proof of receipt.,0.0147,6,0,0,train,101
f748dff3c8ba,cust_36537,unauthorized_3ds,unauthorized,digital_goods,1470.88,1,1,0,1.0,0.0,14,0,2,24,0.902,2025-05-18,2025-06-11,TRK100553807,2025-05-20 04:00:00,Digital items are non-refundable after delivery to the registered account.,-0.1072,4,0,1,train,101
74adc9d42ef6,cust_76262,inr_delivery_confirmed,item_not_received,ecommerce,2487.95,1,0,1,1.0,1.0,62,0,1,19,0.939,2025-04-22,2025-05-11,TRK456042054,2025-04-24 20:00:00,30-day returns on unused goods. Signature on delivery is accepted proof of receipt.,-0.1341,3,0,1,train,101
c2ab84730551,cust_11681,inr_delivery_confirmed,item_not_received,grocery,1764.3,1,1,1,0.0,1.0,7,0,1,14,0.782,2025-09-14,2025-09-28,TRK593348120,2025-09-16 21:00:00,Perishable goods are non-returnable after delivery confirmation.,-0.015,8,0,1,train,101
6eb918e9cc2f,cust_12290,unauthorized_3ds,unauthorized,ecommerce,3284.02,1,1,1,,0.0,276,0,1,2,1.489,2025-08-11,2025-08-13,TRK409219210,2025-08-12 08:00:00,30-day returns on unused goods. Signature on delivery is accepted proof of receipt.,0.1138,7,0,0,train,101
a5eb042484f8,cust_52469,unauthorized_3ds,unauthorized,digital_goods,2485.5,1,1,1,0.0,1.0,703,0,1,14,1.334,2025-09-13,2025-09-27,TRK336982219,2025-09-14 05:00:00,Digital items are non-refundable after delivery to the registered account.,0.1188,8,0,0,train,101
1fdf601e159f,cust_22781,no_evidence,not_as_described,digital_goods,2270.32,0,0,0,0.0,0.0,0,0,2,25,0.992,2025-07-27,2025-08-21,,,Digital items are non-refundable after delivery to the registered account.,0.0364,6,0,0,train,101
6cd1ccf35a2c,cust_60371,no_evidence,not_as_described,digital_goods,1901.0,0,0,1,0.0,0.0,0,0,2,27,1.867,2025-05-09,2025-06-05,,,Digital items are non-refundable after delivery to the registered account.,0.0735,4,0,1,train,101
f22df470d9c6,cust_20490,no_evidence,item_not_received,digital_goods,7303.37,0,0,0,1.0,0.0,7,0,1,40,2.236,2025-09-09,2025-10-19,,,Digital items are non-refundable after delivery to the registered account.,-0.0666,8,0,0,train,101
0d461789b659,cust_16103,unauthorized_3ds,unauthorized,travel,2422.25,0,1,1,1.0,1.0,218,0,1,20,1.067,2025-07-09,2025-07-29,,,Cancellations follow fare rules. 3DS-authenticated bookings are treated as cardholder-present.,0.243,6,1,0,train,101
c13095147975,cust_43769,no_evidence,unauthorized,digital_goods,12694.24,0,0,1,0.0,1.0,147,1,4,29,2.043,2025-06-17,2025-07-16,,,Digital items are non-refundable after delivery to the registered account.,0.1148,5,0,0,train,101
9b5d22ebddd8,cust_91350,high_velocity_attack,unauthorized,digital_goods,4322.28,0,0,1,0.0,0.0,0,0,5,3,2.066,2025-08-13,2025-08-16,,,Digital items are non-refundable after delivery to the registered account.,-0.1141,7,0,1,train,101
2062e71b330d,cust_86645,friendly_fraud_long_tenure,item_not_received,fashion,3136.12,1,1,0,0.0,1.0,1020,2,2,25,2.251,2025-05-25,2025-06-19,TRK489458210,2025-05-26 16:00:00,7-day exchange window. Delivery photo and tracking are retained for 180 days.,0.1011,4,0,0,train,101
92d68194f4e3,cust_53936,friendly_fraud_long_tenure,item_not_received,fashion,6879.47,1,0,0,1.0,1.0,1003,3,3,25,0.1,2025-04-09,2025-05-04,TRK638664782,2025-04-12 18:00:00,7-day exchange window. Delivery photo and tracking are retained for 180 days.,0.2495,3,0,1,train,101
d9ed65201b07,cust_93288,no_evidence,item_not_received,digital_goods,1297.89,1,0,0,0.0,0.0,46,0,1,39,0.956,2025-09-20,2025-10-29,TRK875249180,2025-09-21 00:00:00,Digital items are non-refundable after delivery to the registered account.,0.1001,8,0,0,train,101
0445230cb65d,cust_11414,high_velocity_attack,unauthorized,travel,5446.82,1,0,0,1.0,0.0,0,0,10,12,2.95,2025-09-25,2025-10-07,TRK481680977,2025-09-27 01:00:00,Cancellations follow fare rules. 3DS-authenticated bookings are treated as cardholder-present.,-0.0688,8,0,1,train,101
1867c9894623,cust_64929,unauthorized_3ds,unauthorized,digital_goods,4299.9,0,1,1,1.0,0.0,725,0,2,9,1.146,2025-06-15,2025-06-24,,,Digital items are non-refundable after delivery to the registered account.,-0.008,5,0,0,train,101
ff8d2bb85486,cust_72892,unauthorized_3ds,unauthorized,digital_goods,2484.68,0,0,0,1.0,0.0,679,0,1,13,1.4,2025-08-03,2025-08-16,,,Digital items are non-refundable after delivery to the registered account.,-0.1993,7,0,0,train,101
84b9687efe9c,cust_64230,no_evidence,not_as_described,ecommerce,1609.55,0,0,0,0.0,0.0,0,2,1,37,1.879,2025-08-26,2025-10-02,,,30-day returns on unused goods. Signature on delivery is accepted proof of receipt.,-0.0104,7,0,1,train,101
4b4224c2cdc8,cust_66072,inr_delivery_confirmed,item_not_received,fashion,1757.3,1,0,0,1.0,1.0,86,2,1,21,1.208,2025-06-24,2025-07-15,TRK214228495,2025-06-26 01:00:00,7-day exchange window. Delivery photo and tracking are retained for 180 days.,0.0899,5,0,1,train,101
828974f724ad,cust_77171,inr_delivery_confirmed,item_not_received,fashion,2959.83,0,0,1,1.0,1.0,607,0,1,23,0.685,2025-09-06,2025-09-29,,,7-day exchange window. Delivery photo and tracking are retained for 180 days.,-0.0165,8,0,1,train,101
1e789d3c6a26,cust_23396,high_velocity_attack,unauthorized,ecommerce,1689.11,0,0,0,0.0,0.0,0,0,9,8,1.958,2025-04-06,2025-04-14,,,30-day returns on unused goods. Signature on delivery is accepted proof of receipt.,-0.087,3,0,0,train,101
f12fbed91099,cust_68249,high_velocity_attack,unauthorized,digital_goods,1806.33,0,0,0,,1.0,43,0,8,8,3.754,2025-09-22,2025-09-30,,,Digital items are non-refundable after delivery to the registered account.,-0.1736,8,0,0,train,101
5ef43565a8f1,cust_92457,inr_delivery_confirmed,item_not_received,grocery,1489.15,1,0,1,0.0,0.0,762,0,2,15,1.187,2025-07-06,2025-07-21,TRK904078048,2025-07-09 15:00:00,Perishable goods are non-returnable after delivery confirmation.,-0.2842,6,0,1,train,101
23f4191c2207,cust_16184,inr_delivery_confirmed,item_not_received,fashion,1892.62,1,0,1,1.0,1.0,281,1,1,24,1.002,2025-09-09,2025-10-03,TRK672533059,2025-09-10 09:00:00,7-day exchange window. Delivery photo and tracking are retained for 180 days.,-0.0331,8,0,1,train,101
b82919cf4af5,cust_34245,high_velocity_attack,unauthorized,digital_goods,1006.6,1,0,1,1.0,0.0,102,0,11,2,3.525,2025-07-26,2025-07-28,TRK495600897,2025-07-27 03:00:00,Digital items are non-refundable after delivery to the registered account.,-0.2156,6,0,0,train,101
fad555ada4ad,cust_17896,unauthorized_3ds,unauthorized,digital_goods,4360.01,0,1,1,0.0,1.0,1070,0,1,1,1.327,2025-08-09,2025-08-10,,,Digital items are non-refundable after delivery to the registered account.,-0.0279,7,0,1,train,101
f0e5934da23a,cust_17664,high_velocity_attack,unauthorized,ecommerce,2423.87,0,0,0,0.0,0.0,92,1,6,3,2.375,2025-08-23,2025-08-26,,,30-day returns on unused goods. Signature on delivery is accepted proof of receipt.,0.05,7,0,0,train,101
375aad5d1f49,cust_56392,unauthorized_3ds,unauthorized,travel,6502.62,0,1,0,0.0,1.0,14,2,2,5,,2025-07-27,2025-08-01,,,Cancellations follow fare rules. 3DS-authenticated bookings are treated as cardholder-present.,0.1119,6,0,1,train,101
4b8d675fc263,cust_29699,no_evidence,item_not_received,digital_goods,3792.25,0,0,0,0.0,0.0,0,0,4,12,1.015,2025-02-15,2025-02-27,,,Digital items are non-refundable after delivery to the registered account.,-0.0325,1,0,0,train,101
2f8351daef1c,cust_41225,unauthorized_3ds,unauthorized,ecommerce,2251.26,1,1,1,1.0,0.0,346,1,1,9,0.682,2025-05-06,2025-05-15,TRK225228854,2025-05-08 16:00:00,30-day returns on unused goods. Signature on delivery is accepted proof of receipt.,-0.1113,4,1,0,train,101
2b3e9a5a6391,cust_82874,unauthorized_3ds,unauthorized,travel,3891.19,0,1,1,1.0,,14,0,1,7,0.845,2025-02-11,2025-02-18,,,Cancellations follow fare rules. 3DS-authenticated bookings are treated as cardholder-present.,0.0402,1,0,0,train,101
6af081e876bb,cust_16989,unauthorized_3ds,unauthorized,travel,4935.56,1,1,1,0.0,0.0,1062,0,2,1,0.987,2025-09-16,2025-09-17,TRK984317719,2025-09-18 03:00:00,Cancellations follow fare rules. 3DS-authenticated bookings are treated as cardholder-present.,-0.118,8,0,1,train,101
f48ba48846c5,cust_93954,unauthorized_3ds,unauthorized,ecommerce,4302.96,1,0,1,1.0,0.0,560,0,2,1,1.36,2025-06-05,2025-06-06,TRK593615691,2025-06-08 01:00:00,30-day returns on unused goods. Signature on delivery is accepted proof of receipt.,0.1436,5,0,0,train,101
c83a2852aa28,cust_80810,unauthorized_3ds,unauthorized,ecommerce,5263.63,0,1,1,1.0,1.0,536,0,3,26,0.541,2025-08-24,2025-09-19,,,30-day returns on unused goods. Signature on delivery is accepted proof of receipt.,-0.0045,7,0,1,train,101
5f90ba02cb0b,cust_94853,no_evidence,not_as_described,ecommerce,1164.67,0,0,0,1.0,0.0,104,0,3,17,0.904,2025-01-31,2025-02-17,,,30-day returns on unused goods. Signature on delivery is accepted proof of receipt.,-0.1199,1,0,0,train,101
ca3e53c23729,cust_89839,friendly_fraud_long_tenure,unauthorized,ecommerce,6285.36,1,0,0,0.0,1.0,970,3,1,12,2.175,2025-09-04,2025-09-16,TRK595175032,2025-09-07 01:00:00,30-day returns on unused goods. Signature on delivery is accepted proof of receipt.,-0.2318,8,0,0,train,101
477fd52f3d3f,cust_76143,inr_delivery_confirmed,item_not_received,ecommerce,4403.08,1,1,1,0.0,1.0,462,1,1,32,,2025-03-28,2025-04-29,TRK391952367,2025-03-30 08:00:00,30-day returns on unused goods. Signature on delivery is accepted proof of receipt.,-0.1898,2,0,1,train,101
7c2c8c059621,cust_26839,unauthorized_3ds,unauthorized,ecommerce,7023.98,0,1,1,1.0,1.0,92,1,1,17,1.187,2025-06-03,2025-06-20,,,30-day returns on unused goods. Signature on delivery is accepted proof of receipt.,0.1116,5,0,1,train,101
47b77a4e942f,cust_73935,friendly_fraud_long_tenure,item_not_received,subscriptions,3279.99,0,1,0,1.0,1.0,180,1,1,50,2.192,2025-05-19,2025-07-08,,,First billing cycle may be refunded; subsequent cycles require unused-period evidence.,-0.0165,4,0,0,train,101
2f14cabfebad,cust_39331,no_evidence,item_not_received,services,2160.13,1,0,0,,0.0,102,1,1,31,1.639,2025-08-21,2025-09-21,TRK893328961,2025-08-23 08:00:00,Service completion notes and customer confirmation emails are retained.,0.1428,7,0,1,train,101
fdbe32cbcac4,cust_60023,unauthorized_3ds,unauthorized,travel,2941.58,0,1,1,1.0,,532,1,1,17,0.451,2025-06-13,2025-06-30,,,Cancellations follow fare rules. 3DS-authenticated bookings are treated as cardholder-present.,-0.1252,5,0,1,train,101
d2ddf4bc9661,cust_53386,inr_delivery_confirmed,item_not_received,grocery,3924.07,1,1,1,1.0,1.0,437,0,1,17,0.91,2025-04-28,2025-05-15,TRK145177235,2025-05-01 15:00:00,Perishable goods are non-returnable after delivery confirmation.,-0.0445,3,0,1,train,101
8478fdc8c0e3,cust_35600,no_evidence,item_not_received,digital_goods,4896.52,0,0,0,1.0,0.0,123,0,1,28,1.869,2025-09-07,2025-10-05,,,Digital items are non-refundable after delivery to the registered account.,0.0648,8,0,0,train,101
1d87b620ec47,cust_44381,unauthorized_3ds,unauthorized,digital_goods,3294.11,1,1,1,1.0,0.0,246,0,3,13,0.792,2025-07-04,2025-07-17,TRK445730050,2025-07-05 02:00:00,Digital items are non-refundable after delivery to the registered account.,0.0227,6,0,1,train,101
56ff5960bbc7,cust_22736,inr_delivery_confirmed,item_not_received,grocery,2444.99,1,1,0,1.0,1.0,500,0,1,5,0.724,2025-04-17,2025-04-22,TRK884799399,2025-04-19 03:00:00,Perishable goods are non-returnable after delivery confirmation.,-0.3593,3,1,0,train,101
df5a0f77907d,cust_14392,no_evidence,not_as_described,ecommerce,2376.53,0,0,1,0.0,0.0,121,1,2,11,0.1,2025-05-31,2025-06-11,,,30-day returns on unused goods. Signature on delivery is accepted proof of receipt.,-0.0121,5,0,1,train,101
d0ccaa345c15,cust_68830,unauthorized_3ds,unauthorized,digital_goods,7829.47,1,1,0,1.0,0.0,296,1,2,19,1.116,2025-07-08,2025-07-27,TRK109586832,2025-07-10 14:00:00,Digital items are non-refundable after delivery to the registered account.,0.0449,6,0,0,train,101
1644b8da3256,cust_30548,friendly_fraud_long_tenure,not_as_described,fashion,3990.37,0,1,1,1.0,0.0,1172,0,1,26,0.805,2025-02-18,2025-03-16,,,7-day exchange window. Delivery photo and tracking are retained for 180 days.,0.0149,1,0,1,train,101
5e39175d1648,cust_70021,no_evidence,unauthorized,digital_goods,4934.28,0,0,0,0.0,0.0,219,2,3,44,0.926,2025-06-18,2025-08-01,,,Digital items are non-refundable after delivery to the registered account.,-0.0178,5,0,0,train,101
2422973103bf,cust_25253,unauthorized_3ds,unauthorized,travel,4804.07,1,1,1,1.0,0.0,217,0,1,6,1.777,2025-07-25,2025-07-31,TRK649821163,2025-07-28 13:00:00,Cancellations follow fare rules. 3DS-authenticated bookings are treated as cardholder-present.,0.0953,6,0,1,train,101
c9c1f12cc6bd,cust_35197,no_evidence,not_as_described,digital_goods,1167.0,1,1,0,0.0,0.0,250,0,1,57,1.53,2025-02-09,2025-04-07,TRK129650785,2025-02-10 09:00:00,Digital items are non-refundable after delivery to the registered account.,0.2484,1,0,0,train,101
2aae419eeb4e,cust_19237,no_evidence,unauthorized,ecommerce,1502.58,0,0,1,0.0,1.0,98,2,2,43,1.47,2025-03-10,2025-04-22,,,30-day returns on unused goods. Signature on delivery is accepted proof of receipt.,-0.0003,2,0,0,train,101
f11c5a009e74,cust_78697,unauthorized_3ds,unauthorized,digital_goods,4549.84,1,1,1,1.0,0.0,313,3,2,16,1.087,2025-05-15,2025-05-31,TRK479387122,2025-05-18 04:00:00,Digital items are non-refundable after delivery to the registered account.,0.021,4,1,0,train,101
bab26afd5774,cust_28077,high_velocity_attack,unauthorized,digital_goods,5018.04,0,0,0,0.0,0.0,90,0,6,13,0.306,2025-02-09,2025-02-22,,,Digital items are non-refundable after delivery to the registered account.,0.0136,1,0,1,train,101
d9e85f2c1f43,cust_44535,unauthorized_3ds,unauthorized,digital_goods,4411.93,0,1,1,1.0,,14,1,4,1,0.604,2025-04-23,2025-04-24,,,Digital items are non-refundable after delivery to the registered account.,0.1037,3,0,1,train,101
6d7f3e77ec2f,cust_68067,friendly_fraud_long_tenure,unauthorized,digital_goods,8626.02,0,1,0,1.0,0.0,1532,3,1,44,1.369,2025-08-21,2025-10-04,,,Digital items are non-refundable after delivery to the registered account.,-0.0802,7,0,1,train,101
572f223b8a45,cust_92811,unauthorized_3ds,unauthorized,digital_goods,3827.02,0,1,1,0.0,0.0,485,0,3,4,1.086,2025-03-04,2025-03-08,,,Digital items are non-refundable after delivery to the registered account.,-0.128,2,0,0,train,101
523cc3d06085,cust_45031,inr_delivery_confirmed,item_not_received,grocery,3204.66,1,1,1,1.0,1.0,83,0,1,13,,2025-01-31,2025-02-13,TRK631186810,2025-02-01 23:00:00,Perishable goods are non-returnable after delivery confirmation.,0.0872,1,0,0,train,101
4321f4f12670,cust_67626,friendly_fraud_long_tenure,not_as_described,subscriptions,4072.61,1,1,1,1.0,0.0,597,1,1,6,0.953,2025-06-13,2025-06-19,TRK675019087,2025-06-16 19:00:00,First billing cycle may be refunded; subsequent cycles require unused-period evidence.,0.2624,5,0,0,train,101
6e7df49eaf77,cust_99145,friendly_fraud_long_tenure,not_as_described,ecommerce,3054.52,1,0,1,1.0,1.0,763,1,1,25,2.813,2025-09-17,2025-10-12,TRK819745194,2025-09-18 14:00:00,30-day returns on unused goods. Signature on delivery is accepted proof of receipt.,0.084,8,0,0,train,101
12793094a4f2,cust_24140,friendly_fraud_long_tenure,unauthorized,subscriptions,3178.99,1,1,0,1.0,0.0,354,0,1,34,1.648,2025-02-06,2025-03-12,TRK316621393,2025-02-09 07:00:00,First billing cycle may be refunded; subsequent cycles require unused-period evidence.,-0.0563,1,0,0,train,101
df692af0897e,cust_66901,friendly_fraud_long_tenure,not_as_described,subscriptions,8750.7,1,0,0,0.0,1.0,1332,2,5,35,3.687,2025-03-19,2025-04-23,TRK420940091,2025-03-20 08:00:00,First billing cycle may be refunded; subsequent cycles require unused-period evidence.,-0.2405,2,0,1,train,101
6fe1c54d6f68,cust_39059,no_evidence,unauthorized,ecommerce,3100.16,0,0,0,0.0,0.0,26,1,2,5,3.629,2025-02-19,2025-02-24,,,30-day returns on unused goods. Signature on delivery is accepted proof of receipt.,-0.0342,1,0,0,train,101
dbd2d1793f71,cust_39201,inr_delivery_confirmed,item_not_received,fashion,5366.11,1,0,1,1.0,0.0,689,0,1,10,0.926,2025-09-02,2025-09-12,TRK981957226,2025-09-04 07:00:00,7-day exchange window. Delivery photo and tracking are retained for 180 days.,0.2765,8,1,0,train,101
226f0edafc89,cust_23777,inr_delivery_confirmed,item_not_received,grocery,1687.82,1,0,0,0.0,1.0,693,0,1,2,0.997,2025-07-09,2025-07-11,TRK795764243,2025-07-12 17:00:00,Perishable goods are non-returnable after delivery confirmation.,0.1741,6,0,1,train,101
7c35164da641,cust_29162,friendly_fraud_long_tenure,unauthorized,digital_goods,4998.37,0,0,0,1.0,0.0,258,1,1,19,1.165,2025-06-20,2025-07-09,,,Digital items are non-refundable after delivery to the registered account.,-0.0377,5,0,0,train,101
b0bd9eba998a,cust_98802,high_velocity_attack,unauthorized,travel,2337.87,0,0,0,0.0,0.0,15,0,3,12,2.263,2025-02-03,2025-02-15,,,Cancellations follow fare rules. 3DS-authenticated bookings are treated as cardholder-present.,0.298,1,0,0,train,101
de19c7582cc0,cust_17927,unauthorized_3ds,unauthorized,travel,3228.18,1,1,1,1.0,1.0,392,0,1,7,0.46,2025-06-17,2025-06-24,TRK685971115,2025-06-20 23:00:00,Cancellations follow fare rules. 3DS-authenticated bookings are treated as cardholder-present.,0.1538,5,0,1,train,101
f09788df6b09,cust_46542,friendly_fraud_long_tenure,item_not_received,digital_goods,2974.46,0,0,0,0.0,1.0,1107,5,2,23,,2025-05-24,2025-06-16,,,Digital items are non-refundable after delivery to the registered account.,0.1155,4,0,0,train,101
ca9b077cedaa,cust_32065,unauthorized_3ds,unauthorized,digital_goods,1329.62,0,1,1,0.0,0.0,14,0,3,1,1.358,2025-05-02,2025-05-03,,,Digital items are non-refundable after delivery to the registered account.,-0.1338,4,0,1,train,101
0ea2604c0617,cust_55988,inr_delivery_confirmed,item_not_received,ecommerce,2552.61,1,1,1,,1.0,586,2,3,37,1.049,2025-04-26,2025-06-02,TRK332242795,2025-04-26 22:00:00,30-day returns on unused goods. Signature on delivery is accepted proof of receipt.,0.1786,3,0,1,train,101
a61030e9647a,cust_27425,friendly_fraud_long_tenure,not_as_described,ecommerce,2614.28,1,1,1,1.0,1.0,1273,4,1,4,1.155,2025-02-07,2025-02-11,TRK739117144,2025-02-07 19:00:00,30-day returns on unused goods. Signature on delivery is accepted proof of receipt.,0.2828,1,0,0,train,101
e6c53d6f3509,cust_92006,high_velocity_attack,unauthorized,digital_goods,998.18,1,0,0,1.0,0.0,35,1,4,4,1.999,2025-08-03,2025-08-07,TRK637597282,2025-08-03 22:00:00,Digital items are non-refundable after delivery to the registered account.,0.298,7,1,1,train,101
8028c8744f99,cust_55118,friendly_fraud_long_tenure,item_not_received,fashion,6315.36,0,1,1,1.0,1.0,778,2,4,17,1.007,2025-03-25,2025-04-11,,,7-day exchange window. Delivery photo and tracking are retained for 180 days.,0.1333,2,0,0,train,101
b9d87b41d86e,cust_76467,unauthorized_3ds,unauthorized,digital_goods,4197.94,0,1,1,0.0,1.0,159,0,1,1,0.837,2025-05-06,2025-05-07,,,Digital items are non-refundable after delivery to the registered account.,-0.1756,4,0,1,train,101
01a1b1bb3c54,cust_87240,inr_delivery_confirmed,item_not_received,fashion,3035.09,1,1,1,1.0,1.0,357,0,1,9,0.55,2025-09-09,2025-09-18,TRK570700295,2025-09-12 08:00:00,7-day exchange window. Delivery photo and tracking are retained for 180 days.,-0.0096,8,0,0,train,101
d0093cc742c6,cust_94751,inr_delivery_confirmed,item_not_received,ecommerce,2969.29,1,1,1,1.0,1.0,7,1,1,23,1.259,2025-09-12,2025-10-05,TRK192357400,2025-09-13 02:00:00,30-day returns on unused goods. Signature on delivery is accepted proof of receipt.,0.1204,8,0,0,train,101
4bea16a64806,cust_48965,inr_delivery_confirmed,item_not_received,grocery,3219.91,1,1,1,0.0,1.0,831,2,2,21,1.072,2025-04-24,2025-05-15,TRK721823644,2025-04-25 15:00:00,Perishable goods are non-returnable after delivery confirmation.,-0.1426,3,0,1,train,101
bf40c3791d4c,cust_78728,high_velocity_attack,unauthorized,ecommerce,2068.34,0,0,0,0.0,0.0,53,1,5,4,2.192,2025-04-02,2025-04-06,,,30-day returns on unused goods. Signature on delivery is accepted proof of receipt.,-0.2253,3,0,0,train,101
c7c550a1c1a7,cust_71510,no_evidence,not_as_described,ecommerce,2633.03,0,0,0,1.0,0.0,196,2,1,49,1.196,2025-02-10,2025-03-31,,,30-day returns on unused goods. Signature on delivery is accepted proof of receipt.,0.064,1,1,1,train,101
5c3c51a791f6,cust_85913,high_velocity_attack,unauthorized,digital_goods,1459.34,0,1,1,,0.0,97,0,3,6,3.75,2025-06-15,2025-06-21,,,Digital items are non-refundable after delivery to the registered account.,0.0456,5,0,1,train,101
5a10b7c0f40b,cust_33934,unauthorized_3ds,unauthorized,ecommerce,1729.48,1,1,1,1.0,1.0,435,0,1,18,,2025-07-19,2025-08-06,TRK885132764,2025-07-20 10:00:00,30-day returns on unused goods. Signature on delivery is accepted proof of receipt.,-0.1602,6,0,1,train,101
5b139d147d9e,cust_10544,unauthorized_3ds,unauthorized,ecommerce,5117.97,0,1,1,1.0,0.0,546,1,1,3,0.985,2025-09-07,2025-09-10,,,30-day returns on unused goods. Signature on delivery is accepted proof of receipt.,-0.2901,8,0,0,train,101
ba64a36492c2,cust_76527,high_velocity_attack,unauthorized,travel,1195.94,0,0,0,,0.0,39,0,6,1,2.783,2025-07-27,2025-07-28,,,Cancellations follow fare rules. 3DS-authenticated bookings are treated as cardholder-present.,0.0995,6,0,0,train,101
477d26e60a5a,cust_25275,inr_delivery_confirmed,item_not_received,grocery,3055.14,1,1,1,0.0,0.0,1077,1,2,19,1.025,2025-03-23,2025-04-11,TRK198933179,2025-03-24 16:00:00,Perishable goods are non-returnable after delivery confirmation.,0.057,2,0,0,train,101
901685894c69,cust_81223,unauthorized_3ds,unauthorized,travel,4383.82,1,1,1,1.0,1.0,486,0,1,6,1.558,2025-09-04,2025-09-10,TRK437644803,2025-09-07 05:00:00,Cancellations follow fare rules. 3DS-authenticated bookings are treated as cardholder-present.,0.0915,8,0,0,train,101
a3f460b9301c,cust_93941,friendly_fraud_long_tenure,not_as_described,subscriptions,5118.48,0,1,0,,1.0,945,1,1,19,1.254,2025-04-26,2025-05-15,,,First billing cycle may be refunded; subsequent cycles require unused-period evidence.,-0.1771,3,0,0,train,101
8bb0272f0201,cust_74390,high_velocity_attack,unauthorized,ecommerce,3124.13,1,1,1,1.0,0.0,0,2,8,8,1.635,2025-09-16,2025-09-24,TRK866967315,2025-09-18 03:00:00,30-day returns on unused goods. Signature on delivery is accepted proof of receipt.,0.0271,8,0,1,train,101
d3ef66a54d83,cust_83305,no_evidence,not_as_described,services,1596.11,0,1,0,0.0,1.0,161,0,2,41,2.954,2025-07-05,2025-08-15,,,Service completion notes and customer confirmation emails are retained.,0.0941,6,0,0,train,101
06b30ad1103b,cust_52954,friendly_fraud_long_tenure,unauthorized,digital_goods,6542.11,1,1,0,0.0,1.0,1090,2,2,32,1.408,2025-07-15,2025-08-16,TRK898643616,2025-07-17 18:00:00,Digital items are non-refundable after delivery to the registered account.,-0.109,6,0,0,train,101
952964f00948,cust_48694,friendly_fraud_long_tenure,item_not_received,subscriptions,12332.89,0,0,0,0.0,1.0,1572,1,4,22,1.468,2025-05-11,2025-06-02,,,First billing cycle may be refunded; subsequent cycles require unused-period evidence.,-0.0057,4,0,0,train,101
212bc72b4afe,cust_75817,friendly_fraud_long_tenure,unauthorized,digital_goods,2255.44,0,0,1,0.0,0.0,423,1,3,7,0.1,2025-03-08,2025-03-15,,,Digital items are non-refundable after delivery to the registered account.,0.1191,2,0,0,train,101
509f594075dd,cust_67500,inr_delivery_confirmed,item_not_received,grocery,5144.11,1,0,1,0.0,1.0,718,0,1,16,0.768,2025-08-24,2025-09-09,TRK128846235,2025-08-25 03:00:00,Perishable goods are non-returnable after delivery confirmation.,-0.0634,7,0,0,train,101
7ff58383964a,cust_75200,unauthorized_3ds,unauthorized,digital_goods,5065.11,1,1,1,0.0,1.0,914,0,1,2,1.24,2025-08-23,2025-08-25,TRK606922459,2025-08-23 20:00:00,Digital items are non-refundable after delivery to the registered account.,-0.1361,7,0,0,train,101
dc2281b3e444,cust_29016,friendly_fraud_long_tenure,item_not_received,subscriptions,2876.16,1,1,1,1.0,1.0,1336,2,1,3,1.161,2025-04-12,2025-04-15,TRK289802093,2025-04-13 16:00:00,First billing cycle may be refunded; subsequent cycles require unused-period evidence.,0.0421,3,0,0,train,101
a5372d8a78c8,cust_76447,unauthorized_3ds,unauthorized,digital_goods,1206.64,0,1,1,0.0,1.0,643,0,1,7,1.577,2025-06-12,2025-06-19,,,Digital items are non-refundable after delivery to the registered account.,-0.0097,5,0,1,train,101
25b03864bc06,cust_21203,inr_delivery_confirmed,item_not_received,ecommerce,1750.02,1,0,1,1.0,0.0,437,0,1,35,1.008,2025-04-11,2025-05-16,TRK708071005,2025-04-12 08:00:00,30-day returns on unused goods. Signature on delivery is accepted proof of receipt.,0.2161,3,0,0,train,101
7c3fd279ed9f,cust_78844,high_velocity_attack,unauthorized,ecommerce,1939.57,1,0,1,0.0,0.0,84,0,10,5,0.997,2025-02-12,2025-02-17,TRK254156488,2025-02-15 02:00:00,30-day returns on unused goods. Signature on delivery is accepted proof of receipt.,0.0127,1,0,0,train,101
425edd1f0460,cust_70501,no_evidence,not_as_described,digital_goods,1879.69,0,0,0,0.0,0.0,0,0,2,49,1.109,2025-04-01,2025-05-20,,,Digital items are non-refundable after delivery to the registered account.,0.1473,3,0,0,train,101
5778ee5d9dac,cust_72197,no_evidence,item_not_received,services,6988.43,0,0,0,0.0,0.0,0,1,1,21,1.059,2025-08-23,2025-09-13,,,Service completion notes and customer confirmation emails are retained.,-0.0575,7,0,0,train,101
3dc9bf9b6314,cust_24264,high_velocity_attack,unauthorized,ecommerce,1482.21,0,0,0,1.0,0.0,37,0,7,1,3.543,2025-03-14,2025-03-15,,,30-day returns on unused goods. Signature on delivery is accepted proof of receipt.,0.0866,2,0,0,train,101
d4074dff5475,cust_21666,inr_delivery_confirmed,item_not_received,grocery,3259.6,1,0,0,,1.0,716,0,1,18,0.724,2025-04-08,2025-04-26,TRK981292439,2025-04-10 17:00:00,Perishable goods are non-returnable after delivery confirmation.,-0.0225,3,0,1,train,101
8f93ad4e2d39,cust_19145,unauthorized_3ds,unauthorized,travel,6896.29,1,1,1,1.0,0.0,293,0,1,1,0.505,2025-02-21,2025-02-22,TRK628750471,2025-02-24 19:00:00,Cancellations follow fare rules. 3DS-authenticated bookings are treated as cardholder-present.,0.0615,1,0,1,train,101
ff00e898f85d,cust_51674,unauthorized_3ds,unauthorized,travel,3385.18,1,1,1,1.0,1.0,376,1,3,2,1.074,2025-06-23,2025-06-25,TRK330865380,2025-06-23 21:00:00,Cancellations follow fare rules. 3DS-authenticated bookings are treated as cardholder-present.,0.126,5,0,0,train,101
abdb717e8a86,cust_96255,no_evidence,not_as_described,digital_goods,4844.87,1,0,0,0.0,0.0,0,2,4,17,0.1,2025-05-14,2025-05-31,TRK943736707,2025-05-16 18:00:00,Digital items are non-refundable after delivery to the registered account.,0.0523,4,0,1,train,101
bf5f51f34411,cust_30604,friendly_fraud_long_tenure,not_as_described,fashion,11594.44,1,0,0,1.0,0.0,1010,1,3,24,1.154,2025-07-08,2025-08-01,TRK817883049,2025-07-11 00:00:00,7-day exchange window. Delivery photo and tracking are retained for 180 days.,0.0647,6,1,1,train,101
797e423e15c6,cust_83134,high_velocity_attack,unauthorized,ecommerce,2834.81,0,1,0,0.0,1.0,88,0,5,1,1.344,2025-03-11,2025-03-12,,,30-day returns on unused goods. Signature on delivery is accepted proof of receipt.,-0.0938,2,0,0,train,101
c2311f81c843,cust_26446,high_velocity_attack,unauthorized,digital_goods,2820.2,1,0,0,0.0,0.0,86,0,8,2,2.781,2025-05-21,2025-05-23,TRK533068162,2025-05-23 05:00:00,Digital items are non-refundable after delivery to the registered account.,-0.1006,4,0,1,train,101
5eabbd6a7321,cust_34764,unauthorized_3ds,unauthorized,digital_goods,6747.05,1,0,0,1.0,1.0,562,0,1,1,1.282,2025-05-23,2025-05-24,TRK538067148,2025-05-25 19:00:00,Digital items are non-refundable after delivery to the registered account.,-0.0759,4,0,1,train,101
935a5326dad1,cust_95694,unauthorized_3ds,unauthorized,ecommerce,4108.61,1,1,1,,0.0,475,0,1,2,,2025-05-28,2025-05-30,TRK340941984,2025-05-31 19:00:00,30-day returns on unused goods. Signature on delivery is accepted proof of receipt.,-0.0443,4,0,1,train,101
fb82d62b839d,cust_58672,friendly_fraud_long_tenure,item_not_received,subscriptions,9527.86,0,0,1,1.0,1.0,962,0,1,3,1.893,2025-04-16,2025-04-19,,,First billing cycle may be refunded; subsequent cycles require unused-period evidence.,-0.0571,3,0,1,train,101
a4553df62fb8,cust_91609,friendly_fraud_long_tenure,not_as_described,fashion,4130.6,1,1,1,0.0,0.0,795,3,1,35,2.819,2025-04-21,2025-05-26,TRK122716015,2025-04-24 13:00:00,7-day exchange window. Delivery photo and tracking are retained for 180 days.,0.0621,3,0,0,train,101
78d01824645b,cust_63058,inr_delivery_confirmed,item_not_received,fashion,2475.92,1,1,1,1.0,0.0,841,1,1,36,0.605,2025-05-15,2025-06-20,TRK475986344,2025-05-17 01:00:00,7-day exchange window. Delivery photo and tracking are retained for 180 days.,-0.1091,4,0,1,train,101
ce89de7796df,cust_34740,inr_delivery_confirmed,item_not_received,fashion,1037.13,1,0,1,1.0,1.0,156,0,1,21,0.262,2025-04-16,2025-05-07,TRK580846969,2025-04-16 22:00:00,7-day exchange window. Delivery photo and tracking are retained for 180 days.,0.0225,3,0,1,train,101
70f349acd8be,cust_86101,inr_delivery_confirmed,item_not_received,fashion,4480.44,1,0,1,,1.0,744,1,1,30,1.048,2025-07-26,2025-08-25,TRK498055633,2025-07-27 01:00:00,7-day exchange window. Delivery photo and tracking are retained for 180 days.,0.2342,6,0,1,train,101
46f5bfbabc26,cust_43795,no_evidence,unauthorized,digital_goods,4328.79,0,0,0,0.0,0.0,53,0,1,41,1.312,2025-06-24,2025-08-04,,,Digital items are non-refundable after delivery to the registered account.,-0.1527,5,0,1,train,101
420c9f622235,cust_95286,inr_delivery_confirmed,item_not_received,grocery,2559.2,0,0,1,1.0,1.0,476,4,1,22,0.583,2025-03-26,2025-04-17,,,Perishable goods are non-returnable after delivery confirmation.,-0.074,2,0,1,train,101
9344599216a5,cust_18783,inr_delivery_confirmed,item_not_received,fashion,2969.43,1,1,1,1.0,0.0,440,0,1,6,0.89,2025-08-13,2025-08-19,TRK348104070,2025-08-14 06:00:00,7-day exchange window. Delivery photo and tracking are retained for 180 days.,0.0303,7,0,1,train,101
15b55a8a0e89,cust_85149,friendly_fraud_long_tenure,not_as_described,ecommerce,4039.33,1,0,1,0.0,1.0,904,2,3,26,0.825,2025-03-02,2025-03-28,TRK900999995,2025-03-02 23:00:00,30-day returns on unused goods. Signature on delivery is accepted proof of receipt.,0.0682,2,0,1,train,101
72bcda39f44b,cust_95754,friendly_fraud_long_tenure,item_not_received,subscriptions,8911.76,1,1,1,0.0,0.0,595,3,1,35,1.971,2025-09-24,2025-10-29,TRK448502411,2025-09-25 06:00:00,First billing cycle may be refunded; subsequent cycles require unused-period evidence.,-0.1719,8,0,0,train,101
7cae3ee46855,cust_99095,no_evidence,item_not_received,services,6705.26,1,0,0,0.0,0.0,27,1,3,29,1.104,2025-04-24,2025-05-23,TRK666614575,2025-04-27 06:00:00,Service completion notes and customer confirmation emails are retained.,-0.1286,3,1,1,train,101
e0446f1affd1,cust_27245,inr_delivery_confirmed,item_not_received,grocery,2279.69,1,1,0,1.0,1.0,46,0,2,4,0.664,2025-06-08,2025-06-12,TRK437549540,2025-06-09 17:00:00,Perishable goods are non-returnable after delivery confirmation.,-0.0159,5,0,1,train,101
472cf47deff4,cust_36225,no_evidence,not_as_described,digital_goods,2338.63,0,0,1,,0.0,121,0,1,27,0.1,2025-06-18,2025-07-15,,,Digital items are non-refundable after delivery to the registered account.,-0.0369,5,1,1,train,101
d12eb5f89120,cust_62781,unauthorized_3ds,unauthorized,ecommerce,3351.11,1,1,0,1.0,0.0,14,1,1,7,0.948,2025-09-06,2025-09-13,TRK915121118,2025-09-07 05:00:00,30-day returns on unused goods. Signature on delivery is accepted proof of receipt.,-0.2913,8,0,0,train,101
e296e4483fb7,cust_96187,unauthorized_3ds,unauthorized,ecommerce,9213.99,0,1,1,1.0,1.0,359,0,1,5,1.295,2025-08-05,2025-08-10,,,30-day returns on unused goods. Signature on delivery is accepted proof of receipt.,-0.074,7,0,1,train,101
4de12cdd46ba,cust_28865,unauthorized_3ds,unauthorized,ecommerce,3610.7,0,1,1,1.0,1.0,957,0,1,1,0.543,2025-08-21,2025-08-22,,,30-day returns on unused goods. Signature on delivery is accepted proof of receipt.,0.0204,7,0,1,train,101
376bf0d08a84,cust_42511,friendly_fraud_long_tenure,not_as_described,subscriptions,2382.02,1,1,1,1.0,1.0,1615,0,2,15,0.87,2025-08-07,2025-08-22,TRK956973782,2025-08-09 00:00:00,First billing cycle may be refunded; subsequent cycles require unused-period evidence.,-0.0992,7,0,0,train,101
14b8edf3d42e,cust_30854,high_velocity_attack,unauthorized,digital_goods,3244.94,0,0,0,1.0,0.0,3,0,6,10,0.664,2025-03-16,2025-03-26,,,Digital items are non-refundable after delivery to the registered account.,0.1363,2,0,0,train,101
53e4c2a74e5b,cust_25797,friendly_fraud_long_tenure,not_as_described,digital_goods,3808.21,1,1,0,0.0,0.0,1011,5,2,8,0.75,2025-03-02,2025-03-10,TRK784422282,2025-03-05 23:00:00,Digital items are non-refundable after delivery to the registered account.,0.2031,2,1,0,train,101
36ba81c293cc,cust_86484,friendly_fraud_long_tenure,not_as_described,fashion,6386.97,1,1,0,0.0,0.0,1073,2,1,6,,2025-02-18,2025-02-24,TRK108495790,2025-02-20 17:00:00,7-day exchange window. Delivery photo and tracking are retained for 180 days.,-0.0127,1,0,0,train,101
583d536199c8,cust_25585,inr_delivery_confirmed,item_not_received,fashion,2601.23,1,1,0,0.0,1.0,311,1,1,4,0.424,2025-04-26,2025-04-30,TRK190778832,2025-04-26 22:00:00,7-day exchange window. Delivery photo and tracking are retained for 180 days.,0.1026,3,0,0,train,101
37c5e06cbba9,cust_18675,friendly_fraud_long_tenure,not_as_described,subscriptions,8897.83,1,0,0,,0.0,841,1,1,25,2.133,2025-05-02,2025-05-27,TRK709572917,2025-05-04 12:00:00,First billing cycle may be refunded; subsequent cycles require unused-period evidence.,-0.0653,4,0,0,train,101
70c87e5a7a0d,cust_99439,no_evidence,item_not_received,ecommerce,5781.7,1,0,0,0.0,0.0,0,1,4,16,1.871,2025-09-05,2025-09-21,TRK761976182,2025-09-08 02:00:00,30-day returns on unused goods. Signature on delivery is accepted proof of receipt.,-0.0236,8,1,1,train,101
7a64aacafa4e,cust_57777,unauthorized_3ds,unauthorized,ecommerce,8609.96,1,1,0,,1.0,85,1,1,12,1.186,2025-08-12,2025-08-24,TRK735183018,2025-08-14 14:00:00,30-day returns on unused goods. Signature on delivery is accepted proof of receipt.,-0.0253,7,0,1,train,101
d4813970ccfd,cust_92445,inr_delivery_confirmed,item_not_received,grocery,990.24,1,0,1,0.0,1.0,252,0,3,30,1.055,2025-04-20,2025-05-20,TRK715810469,2025-04-22 18:00:00,Perishable goods are non-returnable after delivery confirmation.,0.1564,3,0,1,train,101
7d41239a0dd9,cust_53233,friendly_fraud_long_tenure,unauthorized,digital_goods,7506.62,0,1,1,1.0,1.0,1192,1,2,17,0.816,2025-09-19,2025-10-06,,,Digital items are non-refundable after delivery to the registered account.,0.0243,8,0,0,train,101
df1fa074dcc2,cust_53115,high_velocity_attack,unauthorized,travel,1226.02,1,1,1,0.0,1.0,70,0,7,9,3.245,2025-05-18,2025-05-27,TRK338546913,2025-05-21 10:00:00,Cancellations follow fare rules. 3DS-authenticated bookings are treated as cardholder-present.,0.0579,4,0,0,train,101
640334f7e496,cust_16945,friendly_fraud_long_tenure,not_as_described,fashion,11865.0,0,0,1,0.0,0.0,918,2,2,16,,2025-06-05,2025-06-21,,,7-day exchange window. Delivery photo and tracking are retained for 180 days.,0.0971,5,0,0,train,101
1a58b55fd18c,cust_58930,friendly_fraud_long_tenure,not_as_described,digital_goods,9510.34,1,0,1,0.0,1.0,1095,0,1,15,1.453,2025-08-01,2025-08-16,TRK574467286,2025-08-03 03:00:00,Digital items are non-refundable after delivery to the registered account.,-0.0186,7,0,0,train,101
bbb79ae8ddec,cust_12453,inr_delivery_confirmed,item_not_received,grocery,2876.44,1,0,1,1.0,0.0,1070,0,1,28,1.181,2025-09-18,2025-10-16,TRK652515534,2025-09-21 20:00:00,Perishable goods are non-returnable after delivery confirmation.,-0.1392,8,0,1,train,101
a0bba622df6f,cust_91447,high_velocity_attack,unauthorized,digital_goods,499.81,1,0,0,0.0,0.0,82,1,9,10,3.098,2025-03-27,2025-04-06,TRK105555796,2025-03-29 00:00:00,Digital items are non-refundable after delivery to the registered account.,-0.1436,2,0,0,train,101
7b726bf81717,cust_23140,no_evidence,item_not_received,services,2746.91,0,0,0,0.0,0.0,0,0,2,45,0.999,2025-08-12,2025-09-26,,,Service completion notes and customer confirmation emails are retained.,0.0699,7,0,0,train,101
b3f610759c94,cust_26753,unauthorized_3ds,unauthorized,digital_goods,5584.29,1,0,0,0.0,0.0,263,1,1,9,1.47,2025-05-16,2025-05-25,TRK335311941,2025-05-19 16:00:00,Digital items are non-refundable after delivery to the registered account.,-0.1058,4,1,0,train,101
f0f55b297989,cust_34750,friendly_fraud_long_tenure,not_as_described,ecommerce,28580.04,1,1,1,1.0,0.0,1115,1,2,27,1.409,2025-02-09,2025-03-08,TRK129686751,2025-02-12 19:00:00,30-day returns on unused goods. Signature on delivery is accepted proof of receipt.,-0.0133,1,0,1,train,101
2d135d8d7080,cust_97384,inr_delivery_confirmed,item_not_received,grocery,2079.02,1,1,1,0.0,,250,0,1,12,0.383,2025-02-10,2025-02-22,TRK499976050,2025-02-12 22:00:00,Perishable goods are non-returnable after delivery confirmation.,0.0553,1,0,1,train,101
2b1b61d2fd05,cust_80632,high_velocity_attack,unauthorized,digital_goods,1035.03,0,0,1,0.0,0.0,145,1,8,14,2.871,2025-04-20,2025-05-04,,,Digital items are non-refundable after delivery to the registered account.,0.085,3,0,0,train,101
68459e522cb5,cust_75093,unauthorized_3ds,unauthorized,digital_goods,4390.07,1,1,1,0.0,1.0,302,0,1,5,0.657,2025-09-18,2025-09-23,TRK296854376,2025-09-18 18:00:00,Digital items are non-refundable after delivery to the registered account.,0.0584,8,1,0,train,101
8bcd0bf79f10,cust_78918,high_velocity_attack,unauthorized,ecommerce,1047.84,1,0,0,0.0,0.0,67,0,6,8,1.794,2025-06-16,2025-06-24,TRK944193575,2025-06-17 19:00:00,30-day returns on unused goods. Signature on delivery is accepted proof of receipt.,-0.2582,5,0,0,train,101
8f08a81a7868,cust_98203,high_velocity_attack,unauthorized,travel,1801.66,0,1,0,0.0,1.0,16,0,7,1,1.111,2025-03-17,2025-03-18,,,Cancellations follow fare rules. 3DS-authenticated bookings are treated as cardholder-present.,0.0154,2,0,1,train,101
5b36d786f806,cust_67822,friendly_fraud_long_tenure,item_not_received,fashion,8074.68,0,1,1,1.0,0.0,1299,1,1,38,0.165,2025-06-21,2025-07-29,,,7-day exchange window. Delivery photo and tracking are retained for 180 days.,0.0968,5,0,0,train,101
9d01c6848f1e,cust_62861,friendly_fraud_long_tenure,item_not_received,ecommerce,4250.31,1,1,1,0.0,1.0,584,0,2,17,1.408,2025-07-09,2025-07-26,TRK136698892,2025-07-11 01:00:00,30-day returns on unused goods. Signature on delivery is accepted proof of receipt.,-0.2257,6,0,0,train,101
5b10cf30fb73,cust_17522,high_velocity_attack,unauthorized,travel,1640.6,0,0,0,0.0,0.0,62,0,6,6,1.396,2025-06-02,2025-06-08,,,Cancellations follow fare rules. 3DS-authenticated bookings are treated as cardholder-present.,0.1196,5,1,1,train,101
9f09c8d9da4a,cust_82043,unauthorized_3ds,unauthorized,digital_goods,4386.13,0,1,1,1.0,0.0,478,0,2,15,1.505,2025-07-02,2025-07-17,,,Digital items are non-refundable after delivery to the registered account.,0.2024,6,0,1,train,101
90e2484d29a7,cust_69722,high_velocity_attack,unauthorized,travel,2408.44,1,0,0,0.0,0.0,42,0,6,3,1.54,2025-04-14,2025-04-17,TRK331103465,2025-04-17 22:00:00,Cancellations follow fare rules. 3DS-authenticated bookings are treated as cardholder-present.,-0.0509,3,0,1,train,101
58136adb18b4,cust_80189,inr_delivery_confirmed,item_not_received,grocery,2513.33,1,1,1,0.0,1.0,220,0,1,13,1.094,2025-05-12,2025-05-25,TRK644051536,2025-05-15 06:00:00,Perishable goods are non-returnable after delivery confirmation.,0.0036,4,0,0,train,101
f034269f34eb,cust_90264,unauthorized_3ds,unauthorized,travel,13391.5,0,1,1,0.0,1.0,14,1,1,8,1.405,2025-05-17,2025-05-25,,,Cancellations follow fare rules. 3DS-authenticated bookings are treated as cardholder-present.,0.1952,4,0,0,train,101
f59fa3d690be,cust_15086,no_evidence,unauthorized,ecommerce,991.24,0,0,0,0.0,0.0,207,0,1,41,2.212,2025-02-25,2025-04-07,,,30-day returns on unused goods. Signature on delivery is accepted proof of receipt.,0.1245,1,0,0,train,101
ccf8e822cfb0,cust_57684,unauthorized_3ds,unauthorized,digital_goods,3750.39,1,1,0,1.0,0.0,385,0,1,10,0.182,2025-08-31,2025-09-10,TRK971840397,2025-09-03 21:00:00,Digital items are non-refundable after delivery to the registered account.,0.1354,8,0,1,train,101
966ad82a3eff,cust_77147,unauthorized_3ds,unauthorized,travel,3212.05,1,1,1,1.0,0.0,499,0,2,6,0.594,2025-08-01,2025-08-07,TRK448379139,2025-08-04 10:00:00,Cancellations follow fare rules. 3DS-authenticated bookings are treated as cardholder-present.,-0.1383,7,0,1,train,101
781e5ac78bdd,cust_36466,friendly_fraud_long_tenure,item_not_received,subscriptions,3998.2,0,0,0,,,669,3,3,33,2.267,2025-05-26,2025-06-28,,,First billing cycle may be refunded; subsequent cycles require unused-period evidence.,0.1079,4,0,0,train,101
5aa6ce3094e7,cust_46794,inr_delivery_confirmed,item_not_received,ecommerce,3183.54,1,0,1,0.0,0.0,202,1,1,15,1.606,2025-08-23,2025-09-07,TRK588175083,2025-08-24 10:00:00,30-day returns on unused goods. Signature on delivery is accepted proof of receipt.,0.1948,7,1,0,train,101
6d9aa1f2a01d,cust_87945,unauthorized_3ds,unauthorized,ecommerce,9350.99,1,1,1,0.0,1.0,662,1,2,20,0.931,2025-06-26,2025-07-16,TRK762635144,2025-06-28 16:00:00,30-day returns on unused goods. Signature on delivery is accepted proof of receipt.,0.0698,5,1,1,train,101
85f3206ea8aa,cust_90392,friendly_fraud_long_tenure,item_not_received,subscriptions,3609.71,1,1,0,1.0,0.0,992,1,2,7,1.827,2025-07-25,2025-08-01,TRK746974169,2025-07-27 17:00:00,First billing cycle may be refunded; subsequent cycles require unused-period evidence.,-0.0286,6,0,0,train,101
9fc78c374b9d,cust_11728,high_velocity_attack,unauthorized,travel,4216.37,0,1,0,0.0,0.0,106,0,11,5,3.401,2025-07-11,2025-07-16,,,Cancellations follow fare rules. 3DS-authenticated bookings are treated as cardholder-present.,-0.0572,6,0,0,train,101
9f9aa1997e0c,cust_43891,no_evidence,unauthorized,services,1290.95,0,0,1,0.0,0.0,0,0,5,18,2.22,2025-03-06,2025-03-24,,,Service completion notes and customer confirmation emails are retained.,0.137,2,0,0,train,101
9d11e48ab71a,cust_75810,unauthorized_3ds,unauthorized,digital_goods,2283.12,0,1,1,0.0,1.0,168,0,2,4,0.1,2025-08-30,2025-09-03,,,Digital items are non-refundable after delivery to the registered account.,0.022,8,0,1,train,101
baa604013b37,cust_66027,no_evidence,item_not_received,services,3259.5,0,0,0,0.0,0.0,32,1,4,25,1.094,2025-08-06,2025-08-31,,,Service completion notes and customer confirmation emails are retained.,0.0435,7,0,0,train,101
b2b53972333b,cust_91953,no_evidence,unauthorized,ecommerce,2745.17,0,0,0,0.0,0.0,120,0,3,5,1.567,2025-08-13,2025-08-18,,,30-day returns on unused goods. Signature on delivery is accepted proof of receipt.,-0.0735,7,0,0,train,101
96f8216be9c9,cust_74885,inr_delivery_confirmed,item_not_received,grocery,3037.13,1,1,1,,1.0,544,1,1,35,1.058,2025-07-18,2025-08-22,TRK172145623,2025-07-20 10:00:00,Perishable goods are non-returnable after delivery confirmation.,0.0689,6,0,1,train,101
2cc4c2f6f5b6,cust_84833,unauthorized_3ds,unauthorized,digital_goods,2413.08,1,1,0,1.0,0.0,763,0,1,5,0.578,2025-06-03,2025-06-08,TRK328987595,2025-06-05 18:00:00,Digital items are non-refundable after delivery to the registered account.,0.0746,5,0,0,train,101
6af06b4734d3,cust_96929,unauthorized_3ds,unauthorized,ecommerce,3044.75,0,1,1,1.0,1.0,457,2,4,2,2.188,2025-09-03,2025-09-05,,,30-day returns on unused goods. Signature on delivery is accepted proof of receipt.,0.1866,8,0,1,train,101
e4a4ab164130,cust_56547,friendly_fraud_long_tenure,unauthorized,digital_goods,6358.77,1,1,1,1.0,0.0,1096,0,2,11,1.153,2025-06-30,2025-07-11,TRK467047759,2025-07-03 09:00:00,Digital items are non-refundable after delivery to the registered account.,-0.2055,6,0,1,train,101
3d32c6c27811,cust_93139,high_velocity_attack,unauthorized,travel,1083.57,1,0,0,,0.0,22,0,6,9,1.944,2025-07-22,2025-07-31,TRK973321087,2025-07-23 19:00:00,Cancellations follow fare rules. 3DS-authenticated bookings are treated as cardholder-present.,0.1155,6,0,0,train,101
3069af3c3d12,cust_33489,inr_delivery_confirmed,item_not_received,grocery,2632.45,1,0,0,1.0,0.0,672,0,3,10,0.832,2025-06-16,2025-06-26,TRK858525102,2025-06-19 03:00:00,Perishable goods are non-returnable after delivery confirmation.,0.0375,5,0,0,train,101
055fdde2128e,cust_70164,no_evidence,unauthorized,services,4797.27,0,0,0,0.0,0.0,0,1,4,20,0.714,2025-07-14,2025-08-03,,,Service completion notes and customer confirmation emails are retained.,0.1826,6,1,1,train,101
e2d359245a43,cust_28187,high_velocity_attack,unauthorized,travel,561.6,0,1,1,0.0,0.0,8,0,6,4,0.865,2025-03-19,2025-03-23,,,Cancellations follow fare rules. 3DS-authenticated bookings are treated as cardholder-present.,-0.1698,2,1,1,train,101
ecef3c8c2cfa,cust_23041,high_velocity_attack,unauthorized,digital_goods,2537.17,0,0,0,0.0,0.0,55,0,7,5,2.178,2025-04-21,2025-04-26,,,Digital items are non-refundable after delivery to the registered account.,-0.0472,3,0,0,train,101
9508fd12271f,cust_70981,friendly_fraud_long_tenure,unauthorized,ecommerce,12487.84,1,0,0,0.0,0.0,240,1,3,21,1.844,2025-03-02,2025-03-23,TRK544379900,2025-03-02 21:00:00,30-day returns on unused goods. Signature on delivery is accepted proof of receipt.,-0.1291,2,0,0,train,101
6029c94963cf,cust_57112,high_velocity_attack,unauthorized,digital_goods,4784.6,0,0,0,0.0,1.0,0,0,10,6,2.482,2025-08-04,2025-08-10,,,Digital items are non-refundable after delivery to the registered account.,-0.0056,7,1,1,train,101
82a8f58cf8d6,cust_31388,no_evidence,not_as_described,digital_goods,2087.34,0,0,0,1.0,1.0,147,1,1,5,2.468,2025-04-19,2025-04-24,,,Digital items are non-refundable after delivery to the registered account.,0.0538,3,0,0,train,101
998f13f4912d,cust_43844,unauthorized_3ds,unauthorized,travel,6897.52,1,0,1,0.0,1.0,841,0,1,26,1.202,2025-02-23,2025-03-21,TRK568170276,2025-02-23 22:00:00,Cancellations follow fare rules. 3DS-authenticated bookings are treated as cardholder-present.,-0.1281,1,0,1,train,101
cb3b060f3463,cust_32578,inr_delivery_confirmed,item_not_received,grocery,883.26,1,0,1,0.0,1.0,7,1,1,9,1.215,2025-05-15,2025-05-24,TRK483405326,2025-05-16 18:00:00,Perishable goods are non-returnable after delivery confirmation.,0.0508,4,0,0,train,101
ec48abea2566,cust_69064,friendly_fraud_long_tenure,item_not_received,fashion,3174.8,1,0,0,0.0,,1353,2,2,15,0.483,2025-05-25,2025-06-09,TRK335992126,2025-05-28 06:00:00,7-day exchange window. Delivery photo and tracking are retained for 180 days.,0.126,4,0,0,train,101
721c592d2c37,cust_55422,friendly_fraud_long_tenure,unauthorized,fashion,1239.91,0,1,1,0.0,0.0,1195,0,4,34,1.967,2025-05-04,2025-06-07,,,7-day exchange window. Delivery photo and tracking are retained for 180 days.,-0.0916,4,0,1,train,101
fe6888c79878,cust_72772,no_evidence,item_not_received,digital_goods,6437.59,0,0,0,1.0,0.0,106,1,2,25,1.908,2025-02-15,2025-03-12,,,Digital items are non-refundable after delivery to the registered account.,-0.1234,1,0,0,train,101
f94df231383f,cust_24076,friendly_fraud_long_tenure,not_as_described,digital_goods,3595.07,1,0,1,1.0,0.0,1342,1,3,23,1.451,2025-03-14,2025-04-06,TRK970790474,2025-03-15 00:00:00,Digital items are non-refundable after delivery to the registered account.,0.1118,2,0,1,train,101
204b3280faf0,cust_96656,high_velocity_attack,unauthorized,digital_goods,3235.8,0,0,0,0.0,1.0,130,2,8,9,3.296,2025-07-25,2025-08-03,,,Digital items are non-refundable after delivery to the registered account.,-0.0485,6,0,0,train,101
44342eec7569,cust_47766,unauthorized_3ds,unauthorized,ecommerce,1768.84,1,1,1,1.0,1.0,295,0,1,29,,2025-05-19,2025-06-17,TRK586701529,2025-05-21 20:00:00,30-day returns on unused goods. Signature on delivery is accepted proof of receipt.,0.1072,4,1,0,train,101
a3dce04cb1aa,cust_77249,inr_delivery_confirmed,item_not_received,fashion,7529.88,0,1,1,1.0,0.0,759,0,1,32,0.997,2025-03-04,2025-04-05,,,7-day exchange window. Delivery photo and tracking are retained for 180 days.,-0.043,2,0,0,train,101
c6f07dd42e9b,cust_53616,unauthorized_3ds,unauthorized,travel,5575.42,1,0,0,0.0,1.0,376,1,1,7,1.149,2025-09-03,2025-09-10,TRK421171287,2025-09-03 22:00:00,Cancellations follow fare rules. 3DS-authenticated bookings are treated as cardholder-present.,-0.0284,8,1,0,train,101
da8ee5264fe1,cust_25765,unauthorized_3ds,unauthorized,digital_goods,5424.07,1,1,1,1.0,0.0,14,1,1,20,1.296,2025-02-12,2025-03-04,TRK262559703,2025-02-15 04:00:00,Digital items are non-refundable after delivery to the registered account.,-0.086,1,1,0,train,101
91b26d767256,cust_18742,inr_delivery_confirmed,item_not_received,ecommerce,1704.56,1,1,1,0.0,1.0,476,0,1,24,1.064,2025-04-27,2025-05-21,TRK598888352,2025-04-30 23:00:00,30-day returns on unused goods. Signature on delivery is accepted proof of receipt.,-0.0671,3,0,0,train,101
4782a2049d79,cust_40571,no_evidence,not_as_described,ecommerce,5102.9,0,0,0,,0.0,102,3,1,11,1.253,2025-06-20,2025-07-01,,,30-day returns on unused goods. Signature on delivery is accepted proof of receipt.,0.1269,5,0,0,train,101
4d4b7ba08e54,cust_20053,no_evidence,unauthorized,services,3278.7,0,0,0,0.0,0.0,196,1,1,24,1.26,2025-06-24,2025-07-18,,,Service completion notes and customer confirmation emails are retained.,-0.022,5,0,0,train,101
1c73d035d722,cust_29957,inr_delivery_confirmed,item_not_received,fashion,1064.53,0,1,1,,1.0,511,0,1,17,0.767,2025-02-08,2025-02-25,,,7-day exchange window. Delivery photo and tracking are retained for 180 days.,-0.1391,1,0,1,train,101
08fad5f5f97b,cust_82905,friendly_fraud_long_tenure,item_not_received,subscriptions,1762.27,0,0,1,1.0,1.0,361,1,2,33,2.464,2025-08-29,2025-10-01,,,First billing cycle may be refunded; subsequent cycles require unused-period evidence.,-0.2741,8,0,0,train,101
bcf610d86647,cust_81924,friendly_fraud_long_tenure,item_not_received,ecommerce,4124.71,0,1,1,0.0,1.0,831,4,1,27,1.086,2025-05-13,2025-06-09,,,30-day returns on unused goods. Signature on delivery is accepted proof of receipt.,-0.1128,4,0,1,train,101
48ebb199afb2,cust_13017,unauthorized_3ds,unauthorized,travel,1994.65,0,1,1,1.0,1.0,665,1,1,4,1.732,2025-08-23,2025-08-27,,,Cancellations follow fare rules. 3DS-authenticated bookings are treated as cardholder-present.,-0.0567,7,0,1,train,101
31002184d4ce,cust_15183,friendly_fraud_long_tenure,unauthorized,subscriptions,3098.08,0,1,1,0.0,0.0,653,3,1,27,1.701,2025-08-26,2025-09-22,,,First billing cycle may be refunded; subsequent cycles require unused-period evidence.,-0.1133,7,0,1,train,101
3273cbf33220,cust_56985,unauthorized_3ds,unauthorized,ecommerce,3129.4,1,1,1,0.0,0.0,363,1,1,5,0.94,2025-02-22,2025-02-27,TRK592774971,2025-02-22 22:00:00,30-day returns on unused goods. Signature on delivery is accepted proof of receipt.,-0.0166,1,0,1,train,101
87fa8356ddb6,cust_11821,friendly_fraud_long_tenure,unauthorized,ecommerce,8053.34,1,1,0,0.0,1.0,297,3,1,30,0.865,2025-06-12,2025-07-12,TRK836533920,2025-06-14 12:00:00,30-day returns on unused goods. Signature on delivery is accepted proof of receipt.,-0.1141,5,0,1,train,101
3b44498291b0,cust_47500,inr_delivery_confirmed,item_not_received,ecommerce,1838.08,0,1,1,1.0,1.0,266,0,1,21,1.265,2025-04-27,2025-05-18,,,30-day returns on unused goods. Signature on delivery is accepted proof of receipt.,-0.1857,3,0,1,train,101
6e3a29271e64,cust_70544,friendly_fraud_long_tenure,item_not_received,subscriptions,747.7,1,0,1,1.0,1.0,862,1,1,54,0.175,2025-04-20,2025-06-13,TRK146339791,2025-04-23 11:00:00,First billing cycle may be refunded; subsequent cycles require unused-period evidence.,-0.0544,3,0,1,train,101
362a66689f97,cust_46810,high_velocity_attack,unauthorized,digital_goods,284.7,0,0,0,0.0,0.0,140,0,6,3,2.746,2025-07-03,2025-07-06,,,Digital items are non-refundable after delivery to the registered account.,-0.0097,6,0,1,train,101
a883ebf0ccc4,cust_98528,friendly_fraud_long_tenure,item_not_received,digital_goods,16632.74,0,1,1,0.0,0.0,779,1,1,28,1.645,2025-02-22,2025-03-22,,,Digital items are non-refundable after delivery to the registered account.,0.1408,1,0,1,train,101
81e6042c97a4,cust_77651,no_evidence,not_as_described,digital_goods,2327.46,1,0,0,0.0,0.0,180,0,3,13,1.719,2025-06-30,2025-07-13,TRK648353222,2025-07-02 07:00:00,Digital items are non-refundable after delivery to the registered account.,-0.0742,6,0,0,train,101
09ba5a006c7e,cust_35277,friendly_fraud_long_tenure,not_as_described,fashion,3512.5,0,1,1,0.0,0.0,583,2,3,21,1.526,2025-09-21,2025-10-12,,,7-day exchange window. Delivery photo and tracking are retained for 180 days.,0.0008,8,0,1,train,101
260868ba4872,cust_48225,unauthorized_3ds,unauthorized,travel,1363.6,1,1,1,1.0,1.0,329,1,1,16,1.387,2025-07-18,2025-08-03,TRK511304640,2025-07-21 00:00:00,Cancellations follow fare rules. 3DS-authenticated bookings are treated as cardholder-present.,0.0736,6,0,1,train,101
7192cfe31d9b,cust_95056,unauthorized_3ds,unauthorized,digital_goods,4119.6,0,1,1,1.0,0.0,419,0,1,22,0.863,2025-05-16,2025-06-07,,,Digital items are non-refundable after delivery to the registered account.,-0.0237,4,0,1,train,101
8e7e75111236,cust_10119,no_evidence,not_as_described,digital_goods,3267.12,0,0,1,0.0,1.0,380,0,3,6,0.911,2025-02-26,2025-03-04,,,Digital items are non-refundable after delivery to the registered account.,-0.2697,1,0,0,train,101
5e8a9e98f440,cust_26611,no_evidence,unauthorized,digital_goods,4991.67,0,0,0,1.0,0.0,88,0,5,13,0.955,2025-05-26,2025-06-08,,,Digital items are non-refundable after delivery to the registered account.,-0.0289,4,0,0,train,101
5fb9fcc6bc7a,cust_12338,friendly_fraud_long_tenure,unauthorized,digital_goods,9833.31,0,0,0,0.0,0.0,895,1,2,15,1.077,2025-04-27,2025-05-12,,,Digital items are non-refundable after delivery to the registered account.,-0.2085,3,0,0,train,101
ef7c41e46181,cust_69039,inr_delivery_confirmed,item_not_received,grocery,4706.24,1,0,1,0.0,1.0,164,1,1,16,0.547,2025-08-11,2025-08-27,TRK912452754,2025-08-12 06:00:00,Perishable goods are non-returnable after delivery confirmation.,0.1545,7,0,1,train,101
9437b4ab6458,cust_48849,no_evidence,not_as_described,digital_goods,3316.91,0,0,0,0.0,0.0,50,1,1,5,2.092,2025-03-10,2025-03-15,,,Digital items are non-refundable after delivery to the registered account.,0.1743,2,0,0,train,101
561ede69618b,cust_16817,inr_delivery_confirmed,item_not_received,ecommerce,1700.05,1,0,1,1.0,1.0,7,0,1,21,1.187,2025-02-08,2025-03-01,TRK322062003,2025-02-11 16:00:00,30-day returns on unused goods. Signature on delivery is accepted proof of receipt.,-0.1572,1,0,0,train,101
cd25c538446d,cust_48126,inr_delivery_confirmed,item_not_received,ecommerce,1969.8,1,1,1,1.0,0.0,619,1,1,9,0.707,2025-08-24,2025-09-02,TRK310327461,2025-08-27 15:00:00,30-day returns on unused goods. Signature on delivery is accepted proof of receipt.,0.0494,7,0,0,train,101
bf0b6cb403b5,cust_94995,high_velocity_attack,unauthorized,travel,3334.71,1,1,0,1.0,0.0,156,0,10,7,2.101,2025-05-14,2025-05-21,TRK690337510,2025-05-15 16:00:00,Cancellations follow fare rules. 3DS-authenticated bookings are treated as cardholder-present.,0.0958,4,1,1,train,101
6f117a7d822c,cust_91480,high_velocity_attack,unauthorized,ecommerce,2277.55,0,1,0,0.0,0.0,16,0,3,9,3.794,2025-02-12,2025-02-21,,,30-day returns on unused goods. Signature on delivery is accepted proof of receipt.,-0.0937,1,0,0,train,101
0e266e348293,cust_63888,high_velocity_attack,unauthorized,ecommerce,1788.3,0,0,0,0.0,0.0,58,0,7,4,0.263,2025-05-02,2025-05-06,,,30-day returns on unused goods. Signature on delivery is accepted proof of receipt.,0.0876,4,0,1,train,101
598865ae7923,cust_24274,friendly_fraud_long_tenure,not_as_described,ecommerce,1523.55,1,1,1,0.0,1.0,653,2,1,23,1.696,2025-03-13,2025-04-05,TRK759034444,2025-03-15 05:00:00,30-day returns on unused goods. Signature on delivery is accepted proof of receipt.,0.2762,2,0,1,train,101
a1cb33714975,cust_95838,friendly_fraud_long_tenure,unauthorized,ecommerce,1814.05,0,0,0,1.0,1.0,1360,1,2,20,2.502,2025-08-15,2025-09-04,,,30-day returns on unused goods. Signature on delivery is accepted proof of receipt.,0.0244,7,0,0,train,101
ff6ac44d8fad,cust_89651,friendly_fraud_long_tenure,item_not_received,digital_goods,2207.66,0,0,1,0.0,1.0,1144,3,1,18,1.568,2025-04-05,2025-04-23,,,Digital items are non-refundable after delivery to the registered account.,0.0104,3,0,0,train,101
15c3d049608c,cust_66027,high_velocity_attack,unauthorized,digital_goods,2690.12,1,0,0,0.0,0.0,33,0,11,2,,2025-02-24,2025-02-26,TRK189490471,2025-02-27 00:00:00,Digital items are non-refundable after delivery to the registered account.,0.0917,1,0,0,train,101
2c308b89d2c9,cust_83555,no_evidence,not_as_described,services,1058.27,0,0,0,0.0,1.0,0,2,1,25,,2025-09-16,2025-10-11,,,Service completion notes and customer confirmation emails are retained.,0.1851,8,0,0,train,101
ad5dac3a729e,cust_21008,unauthorized_3ds,unauthorized,travel,3166.7,0,1,1,1.0,0.0,276,0,1,18,1.127,2025-07-09,2025-07-27,,,Cancellations follow fare rules. 3DS-authenticated bookings are treated as cardholder-present.,-0.1834,6,0,1,train,101
87afdbf1d1a1,cust_55939,unauthorized_3ds,unauthorized,ecommerce,3057.64,1,1,1,1.0,0.0,194,2,3,3,1.418,2025-02-02,2025-02-05,TRK377903423,2025-02-05 21:00:00,30-day returns on unused goods. Signature on delivery is accepted proof of receipt.,-0.0484,1,0,1,train,101
832a46323063,cust_34272,inr_delivery_confirmed,item_not_received,ecommerce,3585.49,1,1,1,0.0,0.0,11,1,1,25,0.694,2025-06-30,2025-07-25,TRK666461519,2025-06-30 23:00:00,30-day returns on unused goods. Signature on delivery is accepted proof of receipt.,0.0611,6,0,1,train,101
8dd672d1c63f,cust_36624,high_velocity_attack,unauthorized,ecommerce,6767.09,1,1,0,0.0,0.0,42,0,10,6,4.058,2025-05-13,2025-05-19,TRK797024045,2025-05-16 17:00:00,30-day returns on unused goods. Signature on delivery is accepted proof of receipt.,0.1385,4,1,1,train,101
4a470d553c3f,cust_56419,friendly_fraud_long_tenure,unauthorized,subscriptions,2255.37,1,1,1,0.0,1.0,909,0,2,28,0.9,2025-02-12,2025-03-12,TRK871520851,2025-02-14 18:00:00,First billing cycle may be refunded; subsequent cycles require unused-period evidence.,0.0105,1,0,1,train,101
b1704b706f1f,cust_77565,unauthorized_3ds,unauthorized,ecommerce,2472.36,1,0,1,0.0,,117,0,5,16,1.172,2025-05-24,2025-06-09,TRK829043867,2025-05-27 04:00:00,30-day returns on unused goods. Signature on delivery is accepted proof of receipt.,-0.228,4,0,1,train,101
7a1c56b1e492,cust_71515,high_velocity_attack,unauthorized,digital_goods,863.48,0,0,0,0.0,0.0,0,1,7,6,1.68,2025-02-17,2025-02-23,,,Digital items are non-refundable after delivery to the registered account.,-0.0453,1,0,0,train,101
7f353ce9d094,cust_29452,friendly_fraud_long_tenure,item_not_received,ecommerce,19567.13,0,0,1,1.0,0.0,870,1,2,12,0.791,2025-06-10,2025-06-22,,,30-day returns on unused goods. Signature on delivery is accepted proof of receipt.,0.1627,5,0,0,train,101
e90301a20527,cust_54184,inr_delivery_confirmed,item_not_received,ecommerce,3335.19,1,1,1,1.0,1.0,333,0,1,6,1.076,2025-04-07,2025-04-13,TRK640065330,2025-04-08 18:00:00,30-day returns on unused goods. Signature on delivery is accepted proof of receipt.,-0.0198,3,0,1,train,101
8f7ffd467bb4,cust_44910,no_evidence,item_not_received,services,2195.86,0,0,1,0.0,1.0,0,3,5,14,1.071,2025-06-16,2025-06-30,,,Service completion notes and customer confirmation emails are retained.,-0.0299,5,0,0,train,101
5b326483cacd,cust_92702,inr_delivery_confirmed,item_not_received,ecommerce,4298.87,1,1,1,1.0,0.0,74,0,3,14,0.438,2025-02-14,2025-02-28,TRK804656281,2025-02-15 00:00:00,30-day returns on unused goods. Signature on delivery is accepted proof of receipt.,-0.0422,1,0,1,train,101
d20b3d4861b4,cust_16264,friendly_fraud_long_tenure,item_not_received,fashion,3618.93,0,0,0,1.0,1.0,1205,2,1,11,1.63,2025-06-20,2025-07-01,,,7-day exchange window. Delivery photo and tracking are retained for 180 days.,0.1237,5,0,1,train,101
f5e245bed8cd,cust_56943,inr_delivery_confirmed,item_not_received,fashion,3013.06,1,0,1,1.0,1.0,1354,0,3,18,0.909,2025-07-20,2025-08-07,TRK273951680,2025-07-22 06:00:00,7-day exchange window. Delivery photo and tracking are retained for 180 days.,-0.1089,6,0,0,train,101
8925642816c5,cust_48000,unauthorized_3ds,unauthorized,travel,2262.03,0,1,1,0.0,0.0,834,0,1,13,1.02,2025-05-15,2025-05-28,,,Cancellations follow fare rules. 3DS-authenticated bookings are treated as cardholder-present.,0.0581,4,0,1,train,101
21a5477aaabc,cust_73010,unauthorized_3ds,unauthorized,digital_goods,2388.35,0,1,1,1.0,1.0,14,1,1,18,1.571,2025-07-10,2025-07-28,,,Digital items are non-refundable after delivery to the registered account.,0.0397,6,1,0,train,101
0987419be20c,cust_56899,high_velocity_attack,unauthorized,digital_goods,3556.49,0,0,0,1.0,0.0,25,0,7,12,,2025-01-31,2025-02-12,,,Digital items are non-refundable after delivery to the registered account.,0.1013,1,0,0,train,101
da8ada3a3071,cust_45479,unauthorized_3ds,unauthorized,travel,4274.76,1,0,1,1.0,0.0,481,0,1,3,1.262,2025-08-16,2025-08-19,TRK458179533,2025-08-18 08:00:00,Cancellations follow fare rules. 3DS-authenticated bookings are treated as cardholder-present.,0.0138,7,1,0,train,101
7cb148009eb6,cust_18778,friendly_fraud_long_tenure,item_not_received,fashion,3990.23,0,0,0,1.0,1.0,346,2,3,3,1.414,2025-08-05,2025-08-08,,,7-day exchange window. Delivery photo and tracking are retained for 180 days.,-0.1723,7,0,0,train,101
56f5ec92f266,cust_78220,inr_delivery_confirmed,item_not_received,fashion,2754.61,1,0,1,1.0,1.0,475,0,1,47,0.981,2025-02-10,2025-03-29,TRK593639405,2025-02-12 06:00:00,7-day exchange window. Delivery photo and tracking are retained for 180 days.,0.025,1,0,0,train,101
1e239cc02a3b,cust_51701,friendly_fraud_long_tenure,unauthorized,subscriptions,3698.82,0,0,1,1.0,1.0,773,1,1,22,0.667,2025-03-11,2025-04-02,,,First billing cycle may be refunded; subsequent cycles require unused-period evidence.,-0.097,2,0,0,train,101
447460d44b89,cust_55742,unauthorized_3ds,unauthorized,travel,7745.99,0,1,0,1.0,1.0,586,0,1,2,0.649,2025-06-23,2025-06-25,,,Cancellations follow fare rules. 3DS-authenticated bookings are treated as cardholder-present.,-0.0322,5,0,1,train,101
16940305afdf,cust_86322,high_velocity_attack,unauthorized,ecommerce,1428.83,0,0,0,0.0,0.0,58,0,4,7,1.064,2025-04-26,2025-05-03,,,30-day returns on unused goods. Signature on delivery is accepted proof of receipt.,0.0902,3,0,0,train,101
3be4f1bfe66f,cust_74637,unauthorized_3ds,unauthorized,ecommerce,2560.51,0,1,0,1.0,0.0,601,1,1,15,0.337,2025-05-17,2025-06-01,,,30-day returns on unused goods. Signature on delivery is accepted proof of receipt.,-0.055,4,0,0,train,101
417c1b5ec369,cust_94292,inr_delivery_confirmed,item_not_received,fashion,1913.57,1,0,1,0.0,1.0,519,0,1,14,,2025-04-10,2025-04-24,TRK129740248,2025-04-13 21:00:00,7-day exchange window. Delivery photo and tracking are retained for 180 days.,0.0738,3,0,0,train,101
3366e958ae85,cust_61815,inr_delivery_confirmed,item_not_received,ecommerce,5872.71,0,1,1,1.0,1.0,603,0,1,37,1.056,2025-02-09,2025-03-18,,,30-day returns on unused goods. Signature on delivery is accepted proof of receipt.,0.2053,1,0,1,train,101
0cc2e3cd32ae,cust_99735,friendly_fraud_long_tenure,item_not_received,ecommerce,3303.25,0,1,0,1.0,,927,1,1,15,2.257,2025-03-19,2025-04-03,,,30-day returns on unused goods. Signature on delivery is accepted proof of receipt.,0.0676,2,0,0,train,101
74420838945d,cust_74989,inr_delivery_confirmed,item_not_received,fashion,3731.87,1,0,1,1.0,1.0,455,0,1,28,1.054,2025-04-04,2025-05-02,TRK322523374,2025-04-06 16:00:00,7-day exchange window. Delivery photo and tracking are retained for 180 days.,-0.024,3,0,1,train,101
571eb00d9c08,cust_15185,high_velocity_attack,unauthorized,travel,2110.48,0,0,0,0.0,0.0,23,0,10,3,4.665,2025-04-01,2025-04-04,,,Cancellations follow fare rules. 3DS-authenticated bookings are treated as cardholder-present.,-0.0481,3,0,0,train,101
57c0f6b1f4c1,cust_66563,inr_delivery_confirmed,item_not_received,grocery,2081.68,1,1,1,1.0,1.0,516,0,1,18,0.912,2025-02-09,2025-02-27,TRK569591573,2025-02-12 00:00:00,Perishable goods are non-returnable after delivery confirmation.,-0.0751,1,0,1,train,101
dbce907543e3,cust_90890,unauthorized_3ds,unauthorized,travel,6107.28,1,1,1,1.0,0.0,503,0,1,17,0.217,2025-08-04,2025-08-21,TRK520661913,2025-08-05 02:00:00,Cancellations follow fare rules. 3DS-authenticated bookings are treated as cardholder-present.,0.1904,7,0,1,train,101
b7f8ad7c92a9,cust_73091,high_velocity_attack,unauthorized,digital_goods,1294.93,0,0,1,0.0,0.0,121,0,7,8,3.471,2025-03-02,2025-03-10,,,Digital items are non-refundable after delivery to the registered account.,0.115,2,0,1,train,101
81d73090253e,cust_26211,friendly_fraud_long_tenure,unauthorized,fashion,10745.12,1,0,0,1.0,1.0,565,2,3,29,0.441,2025-09-16,2025-10-15,TRK199980972,2025-09-18 19:00:00,7-day exchange window. Delivery photo and tracking are retained for 180 days.,0.0581,8,0,1,train,101
c73020d83748,cust_69966,friendly_fraud_long_tenure,unauthorized,ecommerce,4002.69,0,0,1,0.0,1.0,320,1,1,34,1.763,2025-02-08,2025-03-14,,,30-day returns on unused goods. Signature on delivery is accepted proof of receipt.,-0.1269,1,0,0,train,101
6099bc648981,cust_83495,no_evidence,not_as_described,services,5644.7,0,0,0,0.0,0.0,177,0,1,59,0.1,2025-08-02,2025-09-30,,,Service completion notes and customer confirmation emails are retained.,-0.0498,7,0,1,train,101
895bbae498e1,cust_49322,friendly_fraud_long_tenure,unauthorized,ecommerce,4051.67,0,0,1,0.0,0.0,891,4,1,34,1.802,2025-07-08,2025-08-11,,,30-day returns on unused goods. Signature on delivery is accepted proof of receipt.,0.1032,6,0,1,train,101
70df65bc2c68,cust_43625,no_evidence,unauthorized,ecommerce,2608.41,0,0,0,1.0,1.0,96,2,1,20,1.034,2025-07-24,2025-08-13,,,30-day returns on unused goods. Signature on delivery is accepted proof of receipt.,-0.1364,6,0,0,train,101
9cd1eb747447,cust_20226,inr_delivery_confirmed,item_not_received,fashion,1789.05,1,1,1,0.0,1.0,309,1,1,29,1.196,2025-08-18,2025-09-16,TRK134184822,2025-08-21 15:00:00,7-day exchange window. Delivery photo and tracking are retained for 180 days.,-0.3461,7,0,1,train,101
6e26bb5969eb,cust_96074,high_velocity_attack,unauthorized,ecommerce,1256.26,0,0,0,0.0,0.0,9,1,10,1,1.772,2025-04-23,2025-04-24,,,30-day returns on unused goods. Signature on delivery is accepted proof of receipt.,0.0336,3,0,0,train,101
4485c92dbc4c,cust_89997,friendly_fraud_long_tenure,item_not_received,subscriptions,6769.89,1,1,1,0.0,0.0,657,2,1,21,,2025-09-06,2025-09-27,TRK169073974,2025-09-09 04:00:00,First billing cycle may be refunded; subsequent cycles require unused-period evidence.,-0.1274,8,0,0,train,101
b127ba1f3297,cust_18958,high_velocity_attack,unauthorized,digital_goods,469.3,0,0,1,0.0,0.0,24,0,3,1,2.041,2025-06-16,2025-06-17,,,Digital items are non-refundable after delivery to the registered account.,0.0775,5,0,0,train,101
1f9865f51ae1,cust_51942,no_evidence,unauthorized,digital_goods,1713.93,1,0,0,0.0,0.0,226,1,1,11,1.744,2025-03-11,2025-03-22,TRK816824503,2025-03-14 22:00:00,Digital items are non-refundable after delivery to the registered account.,0.1917,2,0,0,train,101
774586710c69,cust_69598,friendly_fraud_long_tenure,unauthorized,digital_goods,2179.62,1,0,0,1.0,,896,3,1,13,2.061,2025-06-24,2025-07-07,TRK405433947,2025-06-27 12:00:00,Digital items are non-refundable after delivery to the registered account.,0.1186,5,0,0,train,101
c2d2cbb926da,cust_82625,unauthorized_3ds,unauthorized,digital_goods,2607.28,1,1,1,1.0,0.0,521,0,1,4,1.078,2025-08-18,2025-08-22,TRK577981611,2025-08-21 05:00:00,Digital items are non-refundable after delivery to the registered account.,0.0111,7,0,0,train,101
9c7968ab7a6c,cust_97809,no_evidence,not_as_described,digital_goods,2025.68,0,0,0,0.0,0.0,122,1,1,15,,2025-03-28,2025-04-12,,,Digital items are non-refundable after delivery to the registered account.,0.0261,2,0,0,train,101
f350cdf5fc92,cust_14838,no_evidence,unauthorized,ecommerce,1992.47,0,0,0,1.0,0.0,0,1,1,11,0.85,2025-02-16,2025-02-27,,,30-day returns on unused goods. Signature on delivery is accepted proof of receipt.,0.0946,1,0,0,train,101
1c5212ee8a23,cust_86409,inr_delivery_confirmed,item_not_received,ecommerce,5815.7,1,1,1,1.0,0.0,577,0,2,30,0.86,2025-06-04,2025-07-04,TRK232793871,2025-06-05 08:00:00,30-day returns on unused goods. Signature on delivery is accepted proof of receipt.,-0.0388,5,0,1,train,101
2e4c4d19380d,cust_27412,inr_delivery_confirmed,item_not_received,ecommerce,1762.53,1,1,0,1.0,1.0,530,0,2,18,,2025-03-08,2025-03-26,TRK613954785,2025-03-10 07:00:00,30-day returns on unused goods. Signature on delivery is accepted proof of receipt.,0.2406,2,0,1,train,101
965710961110,cust_70293,unauthorized_3ds,unauthorized,ecommerce,9839.74,1,1,1,1.0,0.0,14,1,1,16,,2025-05-05,2025-05-21,TRK247102759,2025-05-07 10:00:00,30-day returns on unused goods. Signature on delivery is accepted proof of receipt.,0.0294,4,0,1,train,101
4750b21fb31e,cust_47259,friendly_fraud_long_tenure,not_as_described,subscriptions,2278.6,1,1,1,0.0,1.0,571,1,1,24,2.125,2025-06-19,2025-07-13,TRK448695719,2025-06-20 11:00:00,First billing cycle may be refunded; subsequent cycles require unused-period evidence.,0.0587,5,0,0,train,101
fecf89d9818a,cust_47391,no_evidence,not_as_described,services,4790.72,0,0,0,1.0,0.0,0,1,2,19,,2025-05-25,2025-06-13,,,Service completion notes and customer confirmation emails are retained.,0.1025,4,0,1,train,101
655c9d0b3e3e,cust_20761,high_velocity_attack,unauthorized,travel,1341.88,1,0,0,1.0,0.0,49,1,7,10,3.842,2025-08-25,2025-09-04,TRK262660062,2025-08-28 00:00:00,Cancellations follow fare rules. 3DS-authenticated bookings are treated as cardholder-present.,0.2145,7,0,0,train,101
755f52ca0ffb,cust_88465,inr_delivery_confirmed,item_not_received,grocery,3143.82,1,1,1,1.0,0.0,100,2,3,15,1.043,2025-09-11,2025-09-26,TRK585112136,2025-09-13 02:00:00,Perishable goods are non-returnable after delivery confirmation.,0.1047,8,0,1,train,101
b3ed268befc4,cust_60662,unauthorized_3ds,unauthorized,ecommerce,3136.48,0,1,1,,1.0,207,1,1,27,0.903,2025-05-19,2025-06-15,,,30-day returns on unused goods. Signature on delivery is accepted proof of receipt.,-0.0601,4,0,0,train,101
13e4d78da660,cust_12549,friendly_fraud_long_tenure,unauthorized,digital_goods,7915.08,0,0,1,0.0,1.0,1104,2,2,20,0.169,2025-02-08,2025-02-28,,,Digital items are non-refundable after delivery to the registered account.,-0.0977,1,0,1,train,101
7fe668f87c53,cust_75435,unauthorized_3ds,unauthorized,travel,2732.85,0,1,0,1.0,1.0,418,1,1,1,1.307,2025-04-14,2025-04-15,,,Cancellations follow fare rules. 3DS-authenticated bookings are treated as cardholder-present.,0.0798,3,0,0,train,101
f99489ca669f,cust_43106,friendly_fraud_long_tenure,not_as_described,fashion,7278.85,0,0,1,1.0,,1140,4,1,23,1.624,2025-05-28,2025-06-20,,,7-day exchange window. Delivery photo and tracking are retained for 180 days.,-0.0243,4,0,1,train,101
02d4a4cff545,cust_55793,unauthorized_3ds,unauthorized,ecommerce,3772.91,1,1,1,1.0,0.0,322,1,1,30,0.884,2025-05-18,2025-06-17,TRK505513638,2025-05-19 19:00:00,30-day returns on unused goods. Signature on delivery is accepted proof of receipt.,0.2329,4,0,1,train,101
a5074a8970aa,cust_68905,inr_delivery_confirmed,item_not_received,ecommerce,2602.17,1,0,1,1.0,0.0,730,0,2,18,1.077,2025-03-19,2025-04-06,TRK351329806,2025-03-21 20:00:00,30-day returns on unused goods. Signature on delivery is accepted proof of receipt.,-0.2545,2,1,0,train,101
d1e73e92711b,cust_30953,high_velocity_attack,unauthorized,digital_goods,700.89,0,1,0,0.0,0.0,99,2,7,7,2.209,2025-05-17,2025-05-24,,,Digital items are non-refundable after delivery to the registered account.,0.1996,4,0,0,train,101
3663d5d80abc,cust_57770,inr_delivery_confirmed,item_not_received,fashion,1988.17,1,1,0,1.0,,1073,0,1,18,0.655,2025-05-09,2025-05-27,TRK826535949,2025-05-11 10:00:00,7-day exchange window. Delivery photo and tracking are retained for 180 days.,0.0174,4,0,1,train,101
336353a9508d,cust_36869,unauthorized_3ds,unauthorized,ecommerce,1201.46,1,1,1,1.0,0.0,64,0,1,26,1.156,2025-07-27,2025-08-22,TRK772612325,2025-07-28 16:00:00,30-day returns on unused goods. Signature on delivery is accepted proof of receipt.,-0.2312,6,0,0,train,101
d6645f73eccd,cust_86578,unauthorized_3ds,unauthorized,ecommerce,4808.02,1,1,1,1.0,,42,1,1,6,0.724,2025-05-15,2025-05-21,TRK905840020,2025-05-17 03:00:00,30-day returns on unused goods. Signature on delivery is accepted proof of receipt.,-0.1718,4,0,1,train,101
fbc118e351a6,cust_71019,high_velocity_attack,unauthorized,travel,1683.62,1,0,0,0.0,0.0,24,0,7,7,0.777,2025-07-13,2025-07-20,TRK970547492,2025-07-15 13:00:00,Cancellations follow fare rules. 3DS-authenticated bookings are treated as cardholder-present.,-0.1897,6,1,1,train,101
971497d58a2d,cust_75400,friendly_fraud_long_tenure,unauthorized,subscriptions,3683.0,0,0,1,0.0,0.0,1014,1,2,24,0.791,2025-02-20,2025-03-16,,,First billing cycle may be refunded; subsequent cycles require unused-period evidence.,-0.1662,1,0,0,train,101
f0fbc7e7d7a8,cust_52141,no_evidence,item_not_received,digital_goods,5421.34,1,0,0,0.0,0.0,210,1,1,7,1.238,2025-07-05,2025-07-12,TRK773497689,2025-07-07 05:00:00,Digital items are non-refundable after delivery to the registered account.,0.0614,6,0,0,train,101
9557b6efde31,cust_21113,unauthorized_3ds,unauthorized,digital_goods,2641.84,0,1,1,1.0,0.0,756,0,1,21,0.102,2025-06-25,2025-07-16,,,Digital items are non-refundable after delivery to the registered account.,0.1906,5,0,0,train,101
aee56fa16037,cust_29229,friendly_fraud_long_tenure,item_not_received,fashion,3129.01,1,0,1,1.0,0.0,1219,0,1,26,2.047,2025-08-18,2025-09-13,TRK132458122,2025-08-21 13:00:00,7-day exchange window. Delivery photo and tracking are retained for 180 days.,-0.0435,7,0,1,train,101
c98fa595d2a8,cust_82460,friendly_fraud_long_tenure,unauthorized,fashion,2827.2,0,1,0,1.0,0.0,1099,2,4,6,,2025-07-14,2025-07-20,,,7-day exchange window. Delivery photo and tracking are retained for 180 days.,0.1918,6,0,1,train,101
4d0e5ff8f1b2,cust_84187,inr_delivery_confirmed,item_not_received,ecommerce,3184.81,1,0,1,1.0,1.0,780,0,3,19,1.047,2025-07-25,2025-08-13,TRK228226744,2025-07-27 06:00:00,30-day returns on unused goods. Signature on delivery is accepted proof of receipt.,-0.1311,6,0,0,train,101
6dcae2f1a9e8,cust_81726,unauthorized_3ds,unauthorized,ecommerce,6197.81,1,1,1,,,435,1,1,10,,2025-04-26,2025-05-06,TRK803391052,2025-04-29 05:00:00,30-day returns on unused goods. Signature on delivery is accepted proof of receipt.,0.1619,3,0,0,train,101
1c6b0fcf6a6a,cust_58442,friendly_fraud_long_tenure,unauthorized,ecommerce,4058.87,1,1,1,1.0,0.0,478,4,1,47,0.446,2025-06-13,2025-07-30,TRK145588514,2025-06-14 03:00:00,30-day returns on unused goods. Signature on delivery is accepted proof of receipt.,0.071,5,0,0,train,101
ce67f2a6f675,cust_27371,unauthorized_3ds,unauthorized,travel,4065.73,1,0,1,1.0,1.0,735,0,1,22,0.647,2025-05-15,2025-06-06,TRK199521674,2025-05-15 21:00:00,Cancellations follow fare rules. 3DS-authenticated bookings are treated as cardholder-present.,-0.1721,4,0,0,train,101
39d63da9fa2a,cust_44210,no_evidence,not_as_described,ecommerce,1990.88,1,0,1,1.0,0.0,0,2,2,37,0.82,2025-06-03,2025-07-10,TRK290695111,2025-06-06 10:00:00,30-day returns on unused goods. Signature on delivery is accepted proof of receipt.,-0.0118,5,0,0,train,101
00ff85af78ac,cust_98289,high_velocity_attack,unauthorized,ecommerce,1428.49,1,0,0,,0.0,37,0,7,6,3.579,2025-06-23,2025-06-29,TRK132210550,2025-06-24 08:00:00,30-day returns on unused goods. Signature on delivery is accepted proof of receipt.,-0.2233,5,0,1,train,101
64ba0b46cceb,cust_70584,high_velocity_attack,unauthorized,ecommerce,2747.94,0,0,0,0.0,0.0,0,0,12,13,0.778,2025-05-25,2025-06-07,,,30-day returns on unused goods. Signature on delivery is accepted proof of receipt.,-0.0076,4,0,0,train,101
fe10693afa83,cust_42423,inr_delivery_confirmed,item_not_received,fashion,4689.76,1,0,1,1.0,0.0,686,3,2,9,1.294,2025-07-11,2025-07-20,TRK623125280,2025-07-14 01:00:00,7-day exchange window. Delivery photo and tracking are retained for 180 days.,0.0444,6,0,1,train,101
2c1e5774c4d9,cust_11915,high_velocity_attack,unauthorized,ecommerce,1535.29,0,0,0,0.0,1.0,0,0,6,11,2.76,2025-06-18,2025-06-29,,,30-day returns on unused goods. Signature on delivery is accepted proof of receipt.,0.0493,5,0,1,train,101
e8aa55b98304,cust_78498,unauthorized_3ds,unauthorized,ecommerce,6527.56,0,1,0,1.0,0.0,86,0,1,18,1.63,2025-04-17,2025-05-05,,,30-day returns on unused goods. Signature on delivery is accepted proof of receipt.,0.232,3,0,1,train,101
7de77c9bceb6,cust_79955,high_velocity_attack,unauthorized,ecommerce,359.68,1,0,1,0.0,0.0,69,0,8,6,3.385,2025-03-13,2025-03-19,TRK710971268,2025-03-14 07:00:00,30-day returns on unused goods. Signature on delivery is accepted proof of receipt.,0.093,2,0,0,train,101
04566aebf09f,cust_22313,inr_delivery_confirmed,item_not_received,fashion,3763.37,1,1,1,1.0,1.0,801,0,2,21,0.876,2025-03-16,2025-04-06,TRK656728498,2025-03-18 01:00:00,7-day exchange window. Delivery photo and tracking are retained for 180 days.,0.2156,2,0,1,train,101
a6b409e662d5,cust_29383,high_velocity_attack,unauthorized,travel,1079.51,0,0,1,0.0,0.0,10,1,7,5,2.674,2025-06-21,2025-06-26,,,Cancellations follow fare rules. 3DS-authenticated bookings are treated as cardholder-present.,-0.1212,5,0,0,train,101
fa48980d2426,cust_53691,inr_delivery_confirmed,item_not_received,ecommerce,2822.03,1,1,1,1.0,1.0,631,3,1,17,,2025-02-24,2025-03-13,TRK399065156,2025-02-25 20:00:00,30-day returns on unused goods. Signature on delivery is accepted proof of receipt.,0.0512,1,0,0,train,101
c7d5306447db,cust_59542,friendly_fraud_long_tenure,item_not_received,fashion,2972.63,1,1,0,1.0,1.0,913,2,2,16,1.201,2025-04-17,2025-05-03,TRK502190391,2025-04-18 07:00:00,7-day exchange window. Delivery photo and tracking are retained for 180 days.,-0.3098,3,0,1,train,101
5ca0b5a7fbd6,cust_53909,friendly_fraud_long_tenure,item_not_received,subscriptions,3042.25,0,1,1,1.0,,555,1,1,40,1.947,2025-04-27,2025-06-06,,,First billing cycle may be refunded; subsequent cycles require unused-period evidence.,-0.0759,3,0,0,train,101
f415d811bfe2,cust_24944,unauthorized_3ds,unauthorized,travel,5875.02,0,1,1,0.0,0.0,435,1,1,1,0.367,2025-08-08,2025-08-09,,,Cancellations follow fare rules. 3DS-authenticated bookings are treated as cardholder-present.,-0.2169,7,0,1,train,101
8aa0d83eb7ce,cust_46322,unauthorized_3ds,unauthorized,travel,1124.95,0,1,1,0.0,1.0,502,1,1,16,1.501,2025-07-12,2025-07-28,,,Cancellations follow fare rules. 3DS-authenticated bookings are treated as cardholder-present.,0.2065,6,0,0,train,101
4df5ea061968,cust_60386,friendly_fraud_long_tenure,unauthorized,ecommerce,2482.79,1,1,1,0.0,1.0,1272,3,1,17,2.006,2025-04-18,2025-05-05,TRK222376307,2025-04-21 06:00:00,30-day returns on unused goods. Signature on delivery is accepted proof of receipt.,0.007,3,0,1,train,101
3f53c6a327c4,cust_61469,friendly_fraud_long_tenure,item_not_received,fashion,12554.03,1,0,0,1.0,1.0,951,1,2,16,2.843,2025-08-22,2025-09-07,TRK307118280,2025-08-24 07:00:00,7-day exchange window. Delivery photo and tracking are retained for 180 days.,0.0121,7,0,1,train,101
d9eb606ebbb4,cust_18501,inr_delivery_confirmed,item_not_received,grocery,4929.41,1,1,0,1.0,1.0,480,1,1,28,0.827,2025-02-07,2025-03-07,TRK600689075,2025-02-09 12:00:00,Perishable goods are non-returnable after delivery confirmation.,0.0505,1,0,1,train,101
1cb0578c81d8,cust_99082,unauthorized_3ds,unauthorized,ecommerce,6927.93,1,1,1,,1.0,961,2,2,1,0.652,2025-03-27,2025-03-28,TRK484701395,2025-03-27 20:00:00,30-day returns on unused goods. Signature on delivery is accepted proof of receipt.,0.0828,2,0,0,train,101
560020bfef05,cust_20908,inr_delivery_confirmed,item_not_received,fashion,3958.65,1,0,0,0.0,1.0,474,1,1,11,0.962,2025-04-12,2025-04-23,TRK125905676,2025-04-15 18:00:00,7-day exchange window. Delivery photo and tracking are retained for 180 days.,0.058,3,0,1,train,101
8dd0b533e6cc,cust_85720,unauthorized_3ds,unauthorized,ecommerce,2651.36,1,1,0,1.0,0.0,863,0,1,24,1.301,2025-02-13,2025-03-09,TRK360925446,2025-02-15 09:00:00,30-day returns on unused goods. Signature on delivery is accepted proof of receipt.,-0.0531,1,0,1,train,101
ffd53b41b060,cust_18083,friendly_fraud_long_tenure,not_as_described,subscriptions,6910.31,1,0,1,1.0,0.0,855,2,1,11,0.705,2025-07-14,2025-07-25,TRK184165568,2025-07-15 08:00:00,First billing cycle may be refunded; subsequent cycles require unused-period evidence.,-0.0055,6,0,0,train,101
2bda87a72bdb,cust_31573,inr_delivery_confirmed,item_not_received,fashion,4579.96,1,1,0,0.0,1.0,1052,0,2,7,1.008,2025-05-07,2025-05-14,TRK786243917,2025-05-10 11:00:00,7-day exchange window. Delivery photo and tracking are retained for 180 days.,-0.091,4,0,1,train,101
e2f30e2b8381,cust_24727,high_velocity_attack,unauthorized,digital_goods,2217.43,0,0,0,0.0,0.0,0,0,7,11,2.365,2025-05-13,2025-05-24,,,Digital items are non-refundable after delivery to the registered account.,0.0816,4,0,0,train,101
88d3f06a2055,cust_71620,no_evidence,item_not_received,services,20674.22,0,0,0,0.0,0.0,140,1,4,39,0.268,2025-04-15,2025-05-24,,,Service completion notes and customer confirmation emails are retained.,-0.23,3,0,0,train,101
80dc58bcb1be,cust_58415,no_evidence,unauthorized,digital_goods,5162.34,0,0,0,1.0,0.0,185,0,3,12,2.139,2025-09-05,2025-09-17,,,Digital items are non-refundable after delivery to the registered account.,-0.0579,8,0,0,train,101
a5736a107288,cust_64805,inr_delivery_confirmed,item_not_received,grocery,2391.3,1,0,0,1.0,1.0,7,0,2,19,0.905,2025-07-02,2025-07-21,TRK734712092,2025-07-05 22:00:00,Perishable goods are non-returnable after delivery confirmation.,0.0254,6,0,1,train,101
60d0b004db53,cust_81807,high_velocity_attack,unauthorized,ecommerce,1231.3,1,0,0,0.0,0.0,97,0,7,11,,2025-02-22,2025-03-05,TRK338632992,2025-02-23 02:00:00,30-day returns on unused goods. Signature on delivery is accepted proof of receipt.,0.0535,1,0,0,train,101
59d12f1d0994,cust_57577,friendly_fraud_long_tenure,not_as_described,fashion,2352.2,0,1,1,1.0,1.0,622,0,1,26,2.764,2025-04-25,2025-05-21,,,7-day exchange window. Delivery photo and tracking are retained for 180 days.,0.1809,3,0,0,train,101
63191ba570de,cust_34925,unauthorized_3ds,unauthorized,ecommerce,5276.64,1,1,1,1.0,0.0,794,2,1,24,1.469,2025-08-24,2025-09-17,TRK442474906,2025-08-26 02:00:00,30-day returns on unused goods. Signature on delivery is accepted proof of receipt.,0.0171,7,1,0,train,101
d30d6db10e4d,cust_39113,high_velocity_attack,unauthorized,ecommerce,1250.67,1,0,1,0.0,0.0,77,0,7,5,3.08,2025-06-10,2025-06-15,TRK463744108,2025-06-13 21:00:00,30-day returns on unused goods. Signature on delivery is accepted proof of receipt.,-0.1646,5,0,0,train,101
0c52daa13936,cust_94599,inr_delivery_confirmed,item_not_received,grocery,4224.96,0,1,1,0.0,1.0,298,0,1,22,0.828,2025-03-19,2025-04-10,,,Perishable goods are non-returnable after delivery confirmation.,0.034,2,0,1,train,101
cd3d21733484,cust_55871,friendly_fraud_long_tenure,not_as_described,digital_goods,3109.44,0,0,0,0.0,1.0,1147,1,1,27,,2025-03-16,2025-04-12,,,Digital items are non-refundable after delivery to the registered account.,0.1633,2,0,0,train,101
7dd0aab80aaf,cust_87638,inr_delivery_confirmed,item_not_received,grocery,9481.34,1,1,1,1.0,1.0,868,0,1,2,1.221,2025-03-02,2025-03-04,TRK202519230,2025-03-03 12:00:00,Perishable goods are non-returnable after delivery confirmation.,-0.1637,2,0,1,train,101
894b9557e3a0,cust_87614,no_evidence,unauthorized,services,7612.05,0,0,0,0.0,0.0,97,1,1,29,1.278,2025-09-14,2025-10-13,,,Service completion notes and customer confirmation emails are retained.,-0.1065,8,0,0,train,101
cea083b09c5b,cust_85279,friendly_fraud_long_tenure,not_as_described,ecommerce,2797.37,1,0,1,1.0,1.0,780,2,2,17,,2025-07-15,2025-08-01,TRK467976880,2025-07-16 06:00:00,30-day returns on unused goods. Signature on delivery is accepted proof of receipt.,-0.0289,6,0,1,train,101
6a6359ef63c3,cust_68650,friendly_fraud_long_tenure,item_not_received,digital_goods,2417.96,1,1,1,1.0,0.0,1116,0,1,21,1.354,2025-07-14,2025-08-04,TRK216159088,2025-07-15 03:00:00,Digital items are non-refundable after delivery to the registered account.,0.0177,6,1,1,train,101
8e7ad91e842a,cust_93977,unauthorized_3ds,unauthorized,ecommerce,3305.66,1,1,1,1.0,1.0,482,0,1,12,0.186,2025-02-17,2025-03-01,TRK525024374,2025-02-20 12:00:00,30-day returns on unused goods. Signature on delivery is accepted proof of receipt.,0.0104,1,0,1,train,101
8211b21cc7e1,cust_16126,inr_delivery_confirmed,item_not_received,grocery,2103.42,0,0,1,1.0,1.0,157,1,1,28,0.471,2025-07-06,2025-08-03,,,Perishable goods are non-returnable after delivery confirmation.,-0.3479,6,0,1,train,101
75cc62ebb436,cust_39948,unauthorized_3ds,unauthorized,travel,1962.13,0,1,0,0.0,1.0,290,0,1,20,0.984,2025-08-06,2025-08-26,,,Cancellations follow fare rules. 3DS-authenticated bookings are treated as cardholder-present.,-0.2907,7,0,0,train,101
f252856e34d5,cust_82824,unauthorized_3ds,unauthorized,travel,1581.16,1,0,1,1.0,1.0,734,0,1,13,0.776,2025-04-15,2025-04-28,TRK945467456,2025-04-17 07:00:00,Cancellations follow fare rules. 3DS-authenticated bookings are treated as cardholder-present.,0.1402,3,0,1,train,101
1051c9786e4a,cust_66944,high_velocity_attack,unauthorized,travel,2429.9,1,0,0,0.0,0.0,71,0,4,4,1.556,2025-04-20,2025-04-24,TRK771714908,2025-04-20 19:00:00,Cancellations follow fare rules. 3DS-authenticated bookings are treated as cardholder-present.,-0.0324,3,0,1,train,101
2bd8b90de5e9,cust_43657,inr_delivery_confirmed,item_not_received,fashion,6338.99,1,1,0,1.0,1.0,564,0,1,24,0.625,2025-09-20,2025-10-14,TRK934883198,2025-09-21 05:00:00,7-day exchange window. Delivery photo and tracking are retained for 180 days.,0.0032,8,0,1,train,101
7a3833841933,cust_26588,no_evidence,item_not_received,digital_goods,8258.14,0,0,0,0.0,0.0,0,1,1,47,2.522,2025-02-15,2025-04-03,,,Digital items are non-refundable after delivery to the registered account.,-0.007,1,0,0,train,101
8e19d99b0797,cust_29095,inr_delivery_confirmed,item_not_received,ecommerce,8703.41,1,1,1,1.0,1.0,400,2,2,36,0.975,2025-04-24,2025-05-30,TRK181493425,2025-04-27 16:00:00,30-day returns on unused goods. Signature on delivery is accepted proof of receipt.,-0.082,3,0,1,train,101
663557a3af28,cust_92378,friendly_fraud_long_tenure,item_not_received,ecommerce,4937.43,0,1,0,1.0,1.0,684,4,4,17,0.574,2025-04-20,2025-05-07,,,30-day returns on unused goods. Signature on delivery is accepted proof of receipt.,-0.0177,3,0,1,train,101
6d4a30880627,cust_97072,inr_delivery_confirmed,item_not_received,fashion,1922.83,0,0,1,1.0,1.0,500,0,1,8,1.188,2025-09-20,2025-09-28,,,7-day exchange window. Delivery photo and tracking are retained for 180 days.,-0.1485,8,0,0,train,101
9b7c4b4b86c4,cust_63726,high_velocity_attack,unauthorized,ecommerce,1067.08,0,0,1,0.0,0.0,0,0,12,5,1.282,2025-07-19,2025-07-24,,,30-day returns on unused goods. Signature on delivery is accepted proof of receipt.,-0.0394,6,1,1,train,101
84d06c5d34d1,cust_86614,high_velocity_attack,unauthorized,travel,6476.22,0,0,0,0.0,1.0,108,0,4,3,2.919,2025-08-04,2025-08-07,,,Cancellations follow fare rules. 3DS-authenticated bookings are treated as cardholder-present.,0.1595,7,0,0,train,101
6605592fc361,cust_54149,friendly_fraud_long_tenure,item_not_received,ecommerce,3515.51,0,0,0,1.0,1.0,1118,4,1,21,0.259,2025-04-17,2025-05-08,,,30-day returns on unused goods. Signature on delivery is accepted proof of receipt.,-0.021,3,0,0,train,101
6fe34f01e3b1,cust_52372,friendly_fraud_long_tenure,item_not_received,subscriptions,3957.31,1,0,1,,0.0,1285,1,2,30,1.779,2025-02-02,2025-03-04,TRK658204934,2025-02-04 16:00:00,First billing cycle may be refunded; subsequent cycles require unused-period evidence.,-0.0226,1,1,0,train,101
5b4b8e27275f,cust_21388,unauthorized_3ds,unauthorized,travel,6287.46,1,1,1,1.0,1.0,377,0,1,5,1.715,2025-02-22,2025-02-27,TRK666118396,2025-02-23 14:00:00,Cancellations follow fare rules. 3DS-authenticated bookings are treated as cardholder-present.,0.0465,1,0,1,train,101
2a56303c32c5,cust_87353,friendly_fraud_long_tenure,unauthorized,ecommerce,2335.14,0,1,1,0.0,1.0,1268,1,1,13,1.113,2025-02-11,2025-02-24,,,30-day returns on unused goods. Signature on delivery is accepted proof of receipt.,-0.0451,1,0,1,train,101
181627efec9c,cust_68778,inr_delivery_confirmed,item_not_received,ecommerce,1993.3,1,1,0,1.0,1.0,222,0,1,14,1.114,2025-02-03,2025-02-17,TRK232029972,2025-02-05 09:00:00,30-day returns on unused goods. Signature on delivery is accepted proof of receipt.,-0.0756,1,0,0,train,101
e18ec486157b,cust_99232,unauthorized_3ds,unauthorized,ecommerce,8402.45,0,0,1,1.0,0.0,309,0,3,11,1.52,2025-06-09,2025-06-20,,,30-day returns on unused goods. Signature on delivery is accepted proof of receipt.,-0.0387,5,0,1,train,101
e1c3e35f5235,cust_64487,unauthorized_3ds,unauthorized,ecommerce,4088.4,0,1,1,0.0,0.0,743,1,1,2,0.619,2025-04-24,2025-04-26,,,30-day returns on unused goods. Signature on delivery is accepted proof of receipt.,-0.1354,3,0,0,train,101
e64075dc51af,cust_25573,no_evidence,not_as_described,services,923.55,0,0,0,0.0,0.0,234,0,2,13,1.808,2025-03-12,2025-03-25,,,Service completion notes and customer confirmation emails are retained.,0.0328,2,0,0,train,101
8c0f4353b36a,cust_18362,no_evidence,unauthorized,services,6263.58,0,0,0,0.0,1.0,0,0,3,41,1.8,2025-06-04,2025-07-15,,,Service completion notes and customer confirmation emails are retained.,0.1151,5,0,1,train,101
6d3dd0cec046,cust_65489,no_evidence,item_not_received,services,2458.85,0,0,0,0.0,0.0,0,1,4,21,0.86,2025-02-03,2025-02-24,,,Service completion notes and customer confirmation emails are retained.,-0.2259,1,0,0,train,101
cec38fdaba48,cust_63360,inr_delivery_confirmed,item_not_received,grocery,3121.74,1,0,1,0.0,0.0,367,0,1,30,0.573,2025-03-02,2025-04-01,TRK807251553,2025-03-04 02:00:00,Perishable goods are non-returnable after delivery confirmation.,-0.1309,2,0,1,train,101
3aa9289a91c0,cust_23867,high_velocity_attack,unauthorized,digital_goods,654.99,1,0,0,1.0,0.0,69,1,6,9,1.97,2025-06-14,2025-06-23,TRK616158097,2025-06-15 06:00:00,Digital items are non-refundable after delivery to the registered account.,-0.1643,5,0,1,train,101
fe9c2f15e9c4,cust_39007,unauthorized_3ds,unauthorized,ecommerce,7573.78,1,1,1,1.0,1.0,541,0,1,9,1.044,2025-04-10,2025-04-19,TRK233930166,2025-04-12 06:00:00,30-day returns on unused goods. Signature on delivery is accepted proof of receipt.,0.1018,3,0,0,train,101
4888874cf606,cust_16973,no_evidence,not_as_described,digital_goods,5341.45,0,0,0,0.0,1.0,0,1,1,24,2.988,2025-02-08,2025-03-04,,,Digital items are non-refundable after delivery to the registered account.,0.2396,1,0,0,train,101
04023a1e3e60,cust_99137,high_velocity_attack,unauthorized,travel,2281.73,1,0,0,0.0,0.0,69,0,7,5,0.375,2025-08-04,2025-08-09,TRK467051827,2025-08-06 14:00:00,Cancellations follow fare rules. 3DS-authenticated bookings are treated as cardholder-present.,-0.0512,7,0,0,train,101
3101a370e0b5,cust_57222,no_evidence,unauthorized,services,558.14,0,0,0,0.0,0.0,0,1,1,23,3.156,2025-09-24,2025-10-17,,,Service completion notes and customer confirmation emails are retained.,0.1287,8,0,0,train,101
5eb7c8f2948b,cust_56873,high_velocity_attack,unauthorized,travel,1790.5,1,1,1,1.0,0.0,109,0,9,3,3.779,2025-05-25,2025-05-28,TRK870592209,2025-05-25 20:00:00,Cancellations follow fare rules. 3DS-authenticated bookings are treated as cardholder-present.,0.0651,4,0,0,train,101
c646bf49afa6,cust_24700,friendly_fraud_long_tenure,unauthorized,subscriptions,10921.17,1,0,1,0.0,1.0,968,0,1,31,2.04,2025-07-15,2025-08-15,TRK301387176,2025-07-16 12:00:00,First billing cycle may be refunded; subsequent cycles require unused-period evidence.,-0.1224,6,0,1,train,101
7d3a11857158,cust_97241,high_velocity_attack,unauthorized,digital_goods,4599.17,0,0,0,1.0,0.0,8,0,9,10,0.311,2025-02-03,2025-02-13,,,Digital items are non-refundable after delivery to the registered account.,0.1597,1,0,1,train,101
c662fd23c18e,cust_92849,inr_delivery_confirmed,item_not_received,ecommerce,4862.96,1,1,1,1.0,0.0,953,0,1,14,0.821,2025-08-21,2025-09-04,TRK404849794,2025-08-24 12:00:00,30-day returns on unused goods. Signature on delivery is accepted proof of receipt.,-0.263,7,0,1,train,101
298198203228,cust_27872,unauthorized_3ds,unauthorized,digital_goods,3553.99,1,1,1,1.0,,613,0,2,3,0.943,2025-07-19,2025-07-22,TRK913979970,2025-07-20 21:00:00,Digital items are non-refundable after delivery to the registered account.,-0.0466,6,0,1,train,101
f2c2fd7a1e56,cust_44988,high_velocity_attack,unauthorized,ecommerce,3019.11,1,0,0,,0.0,44,0,8,1,0.863,2025-05-16,2025-05-17,TRK302884387,2025-05-17 18:00:00,30-day returns on unused goods. Signature on delivery is accepted proof of receipt.,0.2396,4,0,0,train,101
037323fb0e0b,cust_84701,inr_delivery_confirmed,item_not_received,ecommerce,2062.49,1,0,1,1.0,1.0,605,1,1,11,1.233,2025-03-29,2025-04-09,TRK933259668,2025-03-30 00:00:00,30-day returns on unused goods. Signature on delivery is accepted proof of receipt.,-0.0029,2,0,1,train,101
9f4057ff1e50,cust_26359,inr_delivery_confirmed,item_not_received,grocery,3711.67,1,1,1,1.0,0.0,730,0,1,22,0.812,2025-06-05,2025-06-27,TRK961192271,2025-06-07 01:00:00,Perishable goods are non-returnable after delivery confirmation.,0.0699,5,0,1,train,101
a9f429008018,cust_48143,high_velocity_attack,unauthorized,ecommerce,796.99,0,1,0,0.0,1.0,31,0,6,6,1.118,2025-07-14,2025-07-20,,,30-day returns on unused goods. Signature on delivery is accepted proof of receipt.,-0.2642,6,0,0,train,101
df2b61cbecfd,cust_87617,unauthorized_3ds,unauthorized,digital_goods,5727.74,1,1,1,0.0,1.0,356,0,1,6,0.69,2025-07-20,2025-07-26,TRK262334372,2025-07-21 16:00:00,Digital items are non-refundable after delivery to the registered account.,-0.097,6,0,1,train,101
e5a38f6abbce,cust_75306,friendly_fraud_long_tenure,unauthorized,ecommerce,2387.86,0,1,0,1.0,1.0,1302,2,3,21,1.933,2025-08-11,2025-09-01,,,30-day returns on unused goods. Signature on delivery is accepted proof of receipt.,-0.1823,7,0,1,train,101
bc00cf3c33d4,cust_27399,unauthorized_3ds,unauthorized,travel,1495.54,1,1,0,1.0,1.0,213,1,2,6,1.897,2025-04-26,2025-05-02,TRK940408461,2025-04-29 13:00:00,Cancellations follow fare rules. 3DS-authenticated bookings are treated as cardholder-present.,-0.0837,3,0,1,train,101
c7cccb0f585a,cust_52547,inr_delivery_confirmed,item_not_received,fashion,1324.6,1,1,1,1.0,1.0,894,0,1,13,1.021,2025-06-16,2025-06-29,TRK571262413,2025-06-17 19:00:00,7-day exchange window. Delivery photo and tracking are retained for 180 days.,-0.065,5,0,0,train,101
fc6ca0dffead,cust_56884,friendly_fraud_long_tenure,not_as_described,ecommerce,3122.03,1,1,1,0.0,1.0,755,1,2,11,1.693,2025-08-10,2025-08-21,TRK696370001,2025-08-10 23:00:00,30-day returns on unused goods. Signature on delivery is accepted proof of receipt.,0.2203,7,1,1,train,101
c4ad8e6af8c7,cust_35732,friendly_fraud_long_tenure,item_not_received,digital_goods,8673.89,0,0,0,0.0,1.0,567,1,3,41,1.056,2025-07-03,2025-08-13,,,Digital items are non-refundable after delivery to the registered account.,0.0584,6,0,0,train,101
6e4a76aa2841,cust_30751,high_velocity_attack,unauthorized,digital_goods,4343.43,0,0,1,0.0,,45,0,6,7,2.201,2025-05-04,2025-05-11,,,Digital items are non-refundable after delivery to the registered account.,0.0546,4,0,0,train,101
dc050d6105a6,cust_89350,friendly_fraud_long_tenure,not_as_described,fashion,12875.89,0,1,0,0.0,0.0,517,5,2,13,,2025-09-11,2025-09-24,,,7-day exchange window. Delivery photo and tracking are retained for 180 days.,0.0755,8,0,1,train,101
75c3fe74559d,cust_19675,friendly_fraud_long_tenure,not_as_described,digital_goods,7914.43,1,0,1,1.0,1.0,880,4,1,15,1.073,2025-03-08,2025-03-23,TRK153137636,2025-03-11 15:00:00,Digital items are non-refundable after delivery to the registered account.,0.0974,2,0,0,train,101
0310b03298fb,cust_40493,unauthorized_3ds,unauthorized,travel,4714.22,1,1,1,1.0,1.0,245,0,2,11,1.414,2025-04-21,2025-05-02,TRK533592525,2025-04-24 19:00:00,Cancellations follow fare rules. 3DS-authenticated bookings are treated as cardholder-present.,-0.1688,3,0,1,train,101
3e56ec7ef53e,cust_29495,friendly_fraud_long_tenure,item_not_received,digital_goods,3057.82,1,0,0,0.0,,1255,2,1,16,1.792,2025-05-12,2025-05-28,TRK375646511,2025-05-14 09:00:00,Digital items are non-refundable after delivery to the registered account.,0.0622,4,0,0,train,101
feb608d45fd3,cust_35564,no_evidence,not_as_described,services,1843.08,0,0,0,0.0,0.0,318,1,4,42,3.385,2025-02-20,2025-04-03,,,Service completion notes and customer confirmation emails are retained.,0.2117,1,1,1,train,101
de626d6e7654,cust_13177,friendly_fraud_long_tenure,not_as_described,subscriptions,5169.34,1,1,1,1.0,1.0,626,1,1,30,,2025-08-11,2025-09-10,TRK935501418,2025-08-12 02:00:00,First billing cycle may be refunded; subsequent cycles require unused-period evidence.,-0.1565,7,0,1,train,101
607e97e5d0bd,cust_93961,unauthorized_3ds,unauthorized,ecommerce,1741.37,1,1,1,1.0,1.0,1254,0,2,1,1.283,2025-06-17,2025-06-18,TRK221678454,2025-06-18 16:00:00,30-day returns on unused goods. Signature on delivery is accepted proof of receipt.,-0.1187,5,0,1,train,101
d9755bcd0b6f,cust_26666,high_velocity_attack,unauthorized,digital_goods,1028.38,1,0,0,1.0,0.0,47,0,10,5,2.783,2025-05-26,2025-05-31,TRK305976094,2025-05-28 03:00:00,Digital items are non-refundable after delivery to the registered account.,-0.2241,4,0,0,train,101
af119ef8ee03,cust_59234,friendly_fraud_long_tenure,item_not_received,ecommerce,8169.08,1,1,1,,0.0,536,1,1,6,1.608,2025-04-07,2025-04-13,TRK988332319,2025-04-09 13:00:00,30-day returns on unused goods. Signature on delivery is accepted proof of receipt.,-0.1241,3,0,1,train,101
a9e4fa178ec5,cust_47889,inr_delivery_confirmed,item_not_received,fashion,4180.1,1,1,1,1.0,1.0,620,1,2,14,1.125,2025-09-05,2025-09-19,TRK536139458,2025-09-06 10:00:00,7-day exchange window. Delivery photo and tracking are retained for 180 days.,-0.2798,8,0,1,train,101
efda0b293ee7,cust_74701,unauthorized_3ds,unauthorized,digital_goods,6099.84,0,0,1,1.0,1.0,14,0,1,14,1.087,2025-06-24,2025-07-08,,,Digital items are non-refundable after delivery to the registered account.,-0.163,5,0,1,train,101
5f3d0cde6772,cust_58140,friendly_fraud_long_tenure,unauthorized,fashion,6577.16,0,1,1,0.0,1.0,1185,3,1,39,1.291,2025-05-18,2025-06-26,,,7-day exchange window. Delivery photo and tracking are retained for 180 days.,-0.0014,4,0,0,train,101
15c1426db4ef,cust_78387,high_velocity_attack,unauthorized,digital_goods,891.17,1,0,1,0.0,0.0,81,0,7,6,1.526,2025-04-05,2025-04-11,TRK131091605,2025-04-08 04:00:00,Digital items are non-refundable after delivery to the registered account.,-0.0976,3,1,1,train,101
a17c13d79ceb,cust_43878,inr_delivery_confirmed,item_not_received,grocery,5894.52,1,1,1,1.0,0.0,7,0,2,25,1.219,2025-07-08,2025-08-02,TRK695367452,2025-07-09 17:00:00,Perishable goods are non-returnable after delivery confirmation.,0.0463,6,0,1,train,101
3b9631ecb63f,cust_12024,high_velocity_attack,unauthorized,digital_goods,236.98,0,0,1,0.0,,35,0,4,9,3.044,2025-09-08,2025-09-17,,,Digital items are non-refundable after delivery to the registered account.,0.1238,8,0,0,train,101
a961ec057187,cust_61342,inr_delivery_confirmed,item_not_received,ecommerce,1299.51,1,0,0,1.0,1.0,230,1,1,13,0.974,2025-08-31,2025-09-13,TRK393504531,2025-09-03 06:00:00,30-day returns on unused goods. Signature on delivery is accepted proof of receipt.,-0.2102,8,0,1,train,101
841974abc09e,cust_80879,unauthorized_3ds,unauthorized,travel,5628.19,1,1,1,1.0,1.0,184,0,1,12,0.817,2025-08-19,2025-08-31,TRK726999106,2025-08-22 03:00:00,Cancellations follow fare rules. 3DS-authenticated bookings are treated as cardholder-present.,-0.0806,7,0,1,train,101
e08cb85f2445,cust_98822,high_velocity_attack,unauthorized,ecommerce,458.29,0,0,0,1.0,0.0,70,1,10,6,2.018,2025-02-03,2025-02-09,,,30-day returns on unused goods. Signature on delivery is accepted proof of receipt.,-0.0303,1,0,0,train,101
3641e17b9dd3,cust_26547,high_velocity_attack,unauthorized,digital_goods,1239.65,0,0,1,0.0,0.0,46,0,5,9,3.776,2025-03-10,2025-03-19,,,Digital items are non-refundable after delivery to the registered account.,-0.1612,2,0,0,train,101
13ed61a93155,cust_53539,no_evidence,item_not_received,digital_goods,7515.08,1,0,0,1.0,1.0,0,0,1,5,0.703,2025-04-18,2025-04-23,TRK229405978,2025-04-21 03:00:00,Digital items are non-refundable after delivery to the registered account.,-0.0582,3,0,0,train,101
4734feec27f7,cust_42231,inr_delivery_confirmed,item_not_received,grocery,3740.53,1,0,1,0.0,1.0,327,0,1,7,0.739,2025-03-20,2025-03-27,TRK648874129,2025-03-20 18:00:00,Perishable goods are non-returnable after delivery confirmation.,-0.2178,2,0,1,train,101
716c48121222,cust_79471,inr_delivery_confirmed,item_not_received,fashion,6202.15,1,1,1,,1.0,374,3,2,6,0.511,2025-08-17,2025-08-23,TRK304396389,2025-08-17 18:00:00,7-day exchange window. Delivery photo and tracking are retained for 180 days.,0.0198,7,0,1,train,101
f443d99cc363,cust_48857,high_velocity_attack,unauthorized,ecommerce,2765.9,0,1,1,1.0,0.0,14,0,6,6,3.008,2025-07-09,2025-07-15,,,30-day returns on unused goods. Signature on delivery is accepted proof of receipt.,0.1891,6,1,0,train,101
8e3a11b22087,cust_12502,inr_delivery_confirmed,item_not_received,ecommerce,1645.81,1,1,0,1.0,1.0,600,1,1,27,,2025-05-07,2025-06-03,TRK459018514,2025-05-07 19:00:00,30-day returns on unused goods. Signature on delivery is accepted proof of receipt.,0.1354,4,0,0,train,101
90c5d02be224,cust_93990,unauthorized_3ds,unauthorized,digital_goods,5026.87,1,1,1,1.0,1.0,317,0,1,5,0.237,2025-07-09,2025-07-14,TRK218359082,2025-07-10 18:00:00,Digital items are non-refundable after delivery to the registered account.,-0.0353,6,1,0,train,101
71a5d3a64bfc,cust_78242,unauthorized_3ds,unauthorized,travel,3484.98,1,1,0,1.0,0.0,14,0,1,6,0.924,2025-07-15,2025-07-21,TRK103917249,2025-07-17 00:00:00,Cancellations follow fare rules. 3DS-authenticated bookings are treated as cardholder-present.,0.0842,6,0,1,train,101
4c0f5467994f,cust_52313,high_velocity_attack,unauthorized,digital_goods,3413.88,0,0,0,0.0,0.0,113,0,7,10,1.93,2025-07-18,2025-07-28,,,Digital items are non-refundable after delivery to the registered account.,-0.1644,6,0,1,train,101
bcdc1d200343,cust_56381,friendly_fraud_long_tenure,not_as_described,digital_goods,6309.87,1,0,0,1.0,1.0,797,2,3,27,0.651,2025-09-12,2025-10-09,TRK980719198,2025-09-15 07:00:00,Digital items are non-refundable after delivery to the registered account.,0.3894,8,0,0,train,101
a9c75089c11c,cust_72919,unauthorized_3ds,unauthorized,travel,3644.62,1,1,1,0.0,0.0,185,0,1,5,0.577,2025-02-03,2025-02-08,TRK178292858,2025-02-06 03:00:00,Cancellations follow fare rules. 3DS-authenticated bookings are treated as cardholder-present.,0.0459,1,0,1,train,101
9bc7c4092a0f,cust_60470,high_velocity_attack,unauthorized,travel,2100.36,1,0,0,0.0,1.0,109,0,14,3,1.213,2025-09-01,2025-09-04,TRK608808371,2025-09-04 23:00:00,Cancellations follow fare rules. 3DS-authenticated bookings are treated as cardholder-present.,-0.071,8,0,0,train,101
36d0c4188f57,cust_43519,inr_delivery_confirmed,item_not_received,fashion,3262.37,1,1,1,1.0,1.0,763,0,1,9,,2025-06-27,2025-07-06,TRK515053163,2025-06-29 17:00:00,7-day exchange window. Delivery photo and tracking are retained for 180 days.,0.0291,5,0,0,train,101
1ec85134446e,cust_57757,friendly_fraud_long_tenure,unauthorized,ecommerce,3725.22,0,1,1,1.0,1.0,1109,1,1,19,0.1,2025-06-03,2025-06-22,,,30-day returns on unused goods. Signature on delivery is accepted proof of receipt.,-0.1274,5,0,1,train,101
beb5af11ae88,cust_40198,unauthorized_3ds,unauthorized,ecommerce,2643.27,1,1,1,1.0,0.0,206,0,1,27,1.164,2025-07-05,2025-08-01,TRK123312650,2025-07-08 19:00:00,30-day returns on unused goods. Signature on delivery is accepted proof of receipt.,0.0371,6,0,1,train,101
d56a0f448264,cust_86883,friendly_fraud_long_tenure,item_not_received,ecommerce,4937.81,0,1,1,0.0,1.0,892,0,2,24,0.761,2025-05-20,2025-06-13,,,30-day returns on unused goods. Signature on delivery is accepted proof of receipt.,-0.2081,4,0,0,train,101
39ab18431dc2,cust_41429,no_evidence,unauthorized,ecommerce,2141.77,0,0,1,0.0,0.0,124,1,5,40,,2025-09-08,2025-10-18,,,30-day returns on unused goods. Signature on delivery is accepted proof of receipt.,0.0571,8,0,0,train,101
5071acb1ffc9,cust_48749,friendly_fraud_long_tenure,not_as_described,digital_goods,2788.2,1,1,0,0.0,1.0,1767,0,2,39,2.421,2025-03-23,2025-05-01,TRK467366401,2025-03-23 21:00:00,Digital items are non-refundable after delivery to the registered account.,-0.1438,2,0,0,train,101
1b240a66adc6,cust_54291,inr_delivery_confirmed,item_not_received,fashion,1781.99,1,0,1,1.0,1.0,7,1,1,7,1.652,2025-03-23,2025-03-30,TRK555009415,2025-03-24 08:00:00,7-day exchange window. Delivery photo and tracking are retained for 180 days.,-0.1215,2,0,1,train,101
ead7fe6dd0a7,cust_50262,inr_delivery_confirmed,item_not_received,fashion,2334.22,1,1,1,0.0,1.0,7,0,2,16,0.699,2025-09-18,2025-10-04,TRK244865279,2025-09-21 08:00:00,7-day exchange window. Delivery photo and tracking are retained for 180 days.,0.1136,8,0,1,train,101
4a39271218a3,cust_86356,high_velocity_attack,unauthorized,travel,3782.57,0,0,0,1.0,0.0,65,0,7,6,1.684,2025-09-02,2025-09-08,,,Cancellations follow fare rules. 3DS-authenticated bookings are treated as cardholder-present.,-0.0795,8,0,0,train,101
28e7812cb296,cust_46449,no_evidence,unauthorized,digital_goods,3540.99,0,1,0,0.0,0.0,43,1,4,25,0.494,2025-08-18,2025-09-12,,,Digital items are non-refundable after delivery to the registered account.,-0.336,7,0,0,train,101
c05276cd0b15,cust_61668,no_evidence,unauthorized,ecommerce,1608.02,0,0,0,0.0,0.0,59,1,1,5,2.03,2025-05-02,2025-05-07,,,30-day returns on unused goods. Signature on delivery is accepted proof of receipt.,0.0076,4,0,0,train,101
f9073fc1587a,cust_13000,unauthorized_3ds,unauthorized,ecommerce,3084.55,0,1,0,0.0,1.0,247,0,2,6,2.149,2025-09-09,2025-09-15,,,30-day returns on unused goods. Signature on delivery is accepted proof of receipt.,-0.0088,8,0,1,train,101
788f44fadf5e,cust_19704,friendly_fraud_long_tenure,unauthorized,fashion,16823.94,1,1,0,1.0,1.0,990,1,1,15,1.481,2025-05-26,2025-06-10,TRK385491397,2025-05-27 13:00:00,7-day exchange window. Delivery photo and tracking are retained for 180 days.,0.1946,4,0,1,train,101
b527c8c105ae,cust_53968,friendly_fraud_long_tenure,not_as_described,fashion,2609.31,1,0,0,0.0,0.0,1120,2,1,26,0.641,2025-09-02,2025-09-28,TRK765324331,2025-09-03 06:00:00,7-day exchange window. Delivery photo and tracking are retained for 180 days.,0.161,8,0,1,train,101
506ed7f662f3,cust_95245,high_velocity_attack,unauthorized,travel,1292.78,0,0,0,0.0,0.0,86,0,9,1,0.725,2025-06-24,2025-06-25,,,Cancellations follow fare rules. 3DS-authenticated bookings are treated as cardholder-present.,-0.1393,5,0,0,train,101
b5b6845544eb,cust_23482,friendly_fraud_long_tenure,unauthorized,digital_goods,4905.47,0,1,1,0.0,1.0,920,1,6,20,2.364,2025-06-02,2025-06-22,,,Digital items are non-refundable after delivery to the registered account.,-0.0085,5,0,1,train,101
697559ad218a,cust_69131,no_evidence,not_as_described,services,1052.67,0,0,0,0.0,1.0,206,1,3,49,1.488,2025-09-07,2025-10-26,,,Service completion notes and customer confirmation emails are retained.,-0.0245,8,0,0,train,101
09f61b400ad6,cust_52890,inr_delivery_confirmed,item_not_received,grocery,3130.83,1,1,1,0.0,0.0,673,0,1,29,1.315,2025-09-01,2025-09-30,TRK159482072,2025-09-02 15:00:00,Perishable goods are non-returnable after delivery confirmation.,0.02,8,0,1,train,101
3ed5e325a597,cust_79017,friendly_fraud_long_tenure,not_as_described,digital_goods,3379.87,0,0,0,1.0,1.0,858,1,2,9,1.179,2025-07-03,2025-07-12,,,Digital items are non-refundable after delivery to the registered account.,0.1784,6,0,0,train,101
7865915dd9a2,cust_85619,friendly_fraud_long_tenure,unauthorized,fashion,4552.68,0,1,1,1.0,0.0,1579,2,3,3,1.801,2025-09-07,2025-09-10,,,7-day exchange window. Delivery photo and tracking are retained for 180 days.,-0.2121,8,0,1,train,101
327f577207c6,cust_93459,unauthorized_3ds,unauthorized,ecommerce,2068.68,1,1,1,1.0,1.0,71,0,2,29,1.239,2025-09-02,2025-10-01,TRK662792606,2025-09-05 19:00:00,30-day returns on unused goods. Signature on delivery is accepted proof of receipt.,0.065,8,0,1,train,101
0affa073bdd7,cust_21154,no_evidence,unauthorized,ecommerce,6615.94,1,0,0,0.0,0.0,17,2,2,5,2.089,2025-07-08,2025-07-13,TRK102064199,2025-07-10 09:00:00,30-day returns on unused goods. Signature on delivery is accepted proof of receipt.,0.0408,6,0,1,train,101
4fff2770be61,cust_81646,high_velocity_attack,unauthorized,travel,1578.49,0,0,0,1.0,0.0,95,0,8,1,0.747,2025-04-22,2025-04-23,,,Cancellations follow fare rules. 3DS-authenticated bookings are treated as cardholder-present.,-0.1558,3,0,0,train,101
4cfab298c8ef,cust_28052,unauthorized_3ds,unauthorized,travel,3000.79,0,1,1,0.0,1.0,349,2,1,12,1.834,2025-06-12,2025-06-24,,,Cancellations follow fare rules. 3DS-authenticated bookings are treated as cardholder-present.,0.07,5,0,0,train,101
d63dce4dad92,cust_38232,high_velocity_attack,unauthorized,ecommerce,1696.02,0,1,0,0.0,0.0,0,0,7,11,1.555,2025-07-09,2025-07-20,,,30-day returns on unused goods. Signature on delivery is accepted proof of receipt.,-0.0637,6,0,1,train,101
273b77c17432,cust_90233,no_evidence,not_as_described,services,2950.87,0,0,0,0.0,0.0,0,1,1,53,0.945,2025-03-10,2025-05-02,,,Service completion notes and customer confirmation emails are retained.,-0.0242,2,1,1,train,101
7005b739edcd,cust_47637,no_evidence,unauthorized,ecommerce,5037.32,1,0,0,0.0,0.0,196,1,3,5,2.655,2025-06-19,2025-06-24,TRK706258521,2025-06-20 11:00:00,30-day returns on unused goods. Signature on delivery is accepted proof of receipt.,0.1162,5,0,0,train,101
4eefd01c43ea,cust_88881,friendly_fraud_long_tenure,not_as_described,ecommerce,5726.61,0,0,1,1.0,1.0,211,1,1,23,1.231,2025-08-12,2025-09-04,,,30-day returns on unused goods. Signature on delivery is accepted proof of receipt.,0.1037,7,0,0,train,101
4f143d9cd7b9,cust_71801,friendly_fraud_long_tenure,unauthorized,fashion,4001.25,1,0,1,1.0,0.0,212,2,2,12,1.317,2025-06-17,2025-06-29,TRK347589164,2025-06-20 19:00:00,7-day exchange window. Delivery photo and tracking are retained for 180 days.,0.1533,5,0,0,train,101
3f30c9868465,cust_17064,friendly_fraud_long_tenure,not_as_described,digital_goods,2292.23,1,0,1,1.0,1.0,985,3,1,45,2.646,2025-02-04,2025-03-21,TRK179130789,2025-02-07 09:00:00,Digital items are non-refundable after delivery to the registered account.,-0.1442,1,0,0,train,101
ec8d40019f44,cust_81531,inr_delivery_confirmed,item_not_received,grocery,3920.25,1,0,0,1.0,1.0,402,0,1,12,0.268,2025-05-18,2025-05-30,TRK922866975,2025-05-21 21:00:00,Perishable goods are non-returnable after delivery confirmation.,-0.2586,4,0,1,train,101
0a2f57dc8037,cust_72933,high_velocity_attack,unauthorized,digital_goods,2581.05,0,0,0,0.0,0.0,6,0,15,2,2.789,2025-08-07,2025-08-09,,,Digital items are non-refundable after delivery to the registered account.,-0.1348,7,0,0,train,101
068415fdce12,cust_94087,inr_delivery_confirmed,item_not_received,grocery,1626.52,1,0,1,1.0,1.0,121,0,1,19,1.754,2025-09-14,2025-10-03,TRK915887947,2025-09-17 21:00:00,Perishable goods are non-returnable after delivery confirmation.,0.0479,8,0,0,train,101
3215640b9315,cust_82956,high_velocity_attack,unauthorized,ecommerce,2023.02,1,0,0,1.0,0.0,107,0,9,6,3.348,2025-02-15,2025-02-21,TRK316990728,2025-02-17 12:00:00,30-day returns on unused goods. Signature on delivery is accepted proof of receipt.,-0.0341,1,0,0,train,101
e6232b12eaf6,cust_68248,inr_delivery_confirmed,item_not_received,fashion,2977.06,1,1,0,1.0,,267,0,1,32,0.785,2025-05-28,2025-06-29,TRK900067814,2025-05-30 12:00:00,7-day exchange window. Delivery photo and tracking are retained for 180 days.,0.1034,4,0,1,train,101
03b936f372a8,cust_81404,unauthorized_3ds,unauthorized,digital_goods,5362.99,1,1,1,1.0,1.0,231,0,1,14,0.561,2025-02-19,2025-03-05,TRK243796382,2025-02-21 07:00:00,Digital items are non-refundable after delivery to the registered account.,-0.0492,1,0,1,train,101
2f5eac4e02e4,cust_82946,unauthorized_3ds,unauthorized,ecommerce,1849.9,0,1,0,1.0,1.0,680,0,1,4,1.482,2025-06-22,2025-06-26,,,30-day returns on unused goods. Signature on delivery is accepted proof of receipt.,0.1548,5,0,1,train,101
ded4f9a6abec,cust_17861,no_evidence,not_as_described,digital_goods,2028.13,0,0,0,1.0,0.0,112,3,1,15,0.51,2025-05-23,2025-06-07,,,Digital items are non-refundable after delivery to the registered account.,-0.0178,4,0,0,train,101
10653794148f,cust_68571,high_velocity_attack,unauthorized,ecommerce,2392.06,0,0,0,0.0,0.0,0,0,11,2,2.825,2025-06-08,2025-06-10,,,30-day returns on unused goods. Signature on delivery is accepted proof of receipt.,0.1133,5,0,1,train,101
df4abb03e9cd,cust_83951,inr_delivery_confirmed,item_not_received,grocery,3790.89,1,1,1,0.0,1.0,924,0,1,14,0.641,2025-04-07,2025-04-21,TRK618643260,2025-04-08 00:00:00,Perishable goods are non-returnable after delivery confirmation.,0.142,3,0,0,train,101
348d38fa93e1,cust_87906,inr_delivery_confirmed,item_not_received,ecommerce,2474.12,1,0,1,1.0,,7,1,1,15,1.374,2025-08-18,2025-09-02,TRK995409333,2025-08-21 05:00:00,30-day returns on unused goods. Signature on delivery is accepted proof of receipt.,0.0276,7,0,1,train,101
7e43479bf161,cust_36936,no_evidence,not_as_described,ecommerce,2460.82,0,0,0,0.0,0.0,218,2,4,51,0.542,2025-09-07,2025-10-28,,,30-day returns on unused goods. Signature on delivery is accepted proof of receipt.,-0.1198,8,1,1,train,101
d61ad95d5c41,cust_53540,inr_delivery_confirmed,item_not_received,grocery,1637.09,1,0,1,1.0,1.0,337,0,2,34,,2025-02-02,2025-03-08,TRK206853453,2025-02-05 06:00:00,Perishable goods are non-returnable after delivery confirmation.,-0.1193,1,0,1,train,101
931444aff5f9,cust_21326,unauthorized_3ds,unauthorized,travel,3929.83,1,0,1,1.0,0.0,85,0,2,12,1.582,2025-04-12,2025-04-24,TRK540515501,2025-04-13 16:00:00,Cancellations follow fare rules. 3DS-authenticated bookings are treated as cardholder-present.,-0.0816,3,0,1,train,101
244468a5f7a3,cust_14605,inr_delivery_confirmed,item_not_received,fashion,5043.81,1,1,1,0.0,,212,0,1,12,1.328,2025-06-07,2025-06-19,TRK452024556,2025-06-08 10:00:00,7-day exchange window. Delivery photo and tracking are retained for 180 days.,0.136,5,1,1,train,101
e6275dde9deb,cust_73985,high_velocity_attack,unauthorized,ecommerce,453.46,0,0,0,,0.0,63,0,6,11,,2025-07-30,2025-08-10,,,30-day returns on unused goods. Signature on delivery is accepted proof of receipt.,-0.017,7,0,0,train,101
489c49e37500,cust_22778,inr_delivery_confirmed,item_not_received,fashion,6329.43,1,1,1,1.0,1.0,29,0,1,2,1.274,2025-09-10,2025-09-12,TRK175172285,2025-09-13 23:00:00,7-day exchange window. Delivery photo and tracking are retained for 180 days.,-0.2119,8,0,1,train,101
e527c5b525fb,cust_25749,inr_delivery_confirmed,item_not_received,grocery,5156.62,1,0,1,1.0,0.0,678,1,1,15,0.906,2025-09-09,2025-09-24,TRK782777374,2025-09-11 11:00:00,Perishable goods are non-returnable after delivery confirmation.,0.0117,8,0,1,train,101
a00af61aa9de,cust_64262,inr_delivery_confirmed,item_not_received,ecommerce,1669.91,1,0,1,1.0,0.0,680,0,2,27,1.169,2025-02-06,2025-03-05,TRK950001050,2025-02-07 22:00:00,30-day returns on unused goods. Signature on delivery is accepted proof of receipt.,-0.0605,1,0,1,train,101
87dfc10c21d1,cust_90187,high_velocity_attack,unauthorized,digital_goods,1904.97,0,0,1,0.0,0.0,58,0,9,14,3.76,2025-08-08,2025-08-22,,,Digital items are non-refundable after delivery to the registered account.,-0.0949,7,0,0,train,101
de7bf03f7db3,cust_87133,friendly_fraud_long_tenure,item_not_received,subscriptions,1649.36,1,0,1,0.0,0.0,748,2,1,3,2.384,2025-08-08,2025-08-11,TRK244245748,2025-08-09 09:00:00,First billing cycle may be refunded; subsequent cycles require unused-period evidence.,0.0081,7,1,1,train,101
9f2ad791ae9f,cust_87765,friendly_fraud_long_tenure,not_as_described,subscriptions,1752.95,0,0,0,1.0,0.0,989,0,1,24,1.844,2025-08-06,2025-08-30,,,First billing cycle may be refunded; subsequent cycles require unused-period evidence.,0.0388,7,0,0,train,101
8891539dedf0,cust_74652,no_evidence,item_not_received,digital_goods,3061.28,1,0,0,0.0,0.0,74,1,1,38,2.133,2025-04-18,2025-05-26,TRK207678309,2025-04-20 04:00:00,Digital items are non-refundable after delivery to the registered account.,-0.2455,3,0,0,train,101
8c9841acd2c6,cust_22861,unauthorized_3ds,unauthorized,digital_goods,1228.73,0,1,0,1.0,1.0,424,1,3,15,,2025-04-06,2025-04-21,,,Digital items are non-refundable after delivery to the registered account.,0.2331,3,0,1,train,101
84bc3d1665bd,cust_93388,friendly_fraud_long_tenure,unauthorized,digital_goods,1789.79,0,0,1,1.0,0.0,924,0,2,23,1.859,2025-08-15,2025-09-07,,,Digital items are non-refundable after delivery to the registered account.,-0.0447,7,0,0,train,101
3f5adc03ab37,cust_38577,no_evidence,item_not_received,services,2782.53,0,1,1,0.0,0.0,253,1,1,32,1.619,2025-04-05,2025-05-07,,,Service completion notes and customer confirmation emails are retained.,-0.0202,3,0,0,train,101
8331c3ece3de,cust_21900,friendly_fraud_long_tenure,unauthorized,subscriptions,14415.48,1,1,1,0.0,0.0,379,2,2,31,,2025-05-06,2025-06-06,TRK682994687,2025-05-07 12:00:00,First billing cycle may be refunded; subsequent cycles require unused-period evidence.,-0.1214,4,0,0,train,101
01667b63ddff,cust_63016,high_velocity_attack,unauthorized,ecommerce,956.55,0,0,0,0.0,,103,0,7,4,1.138,2025-04-15,2025-04-19,,,30-day returns on unused goods. Signature on delivery is accepted proof of receipt.,-0.207,3,0,0,train,101
c501849da9ca,cust_43685,inr_delivery_confirmed,item_not_received,grocery,3495.74,1,1,1,1.0,1.0,272,1,1,16,0.154,2025-03-18,2025-04-03,TRK446394689,2025-03-19 20:00:00,Perishable goods are non-returnable after delivery confirmation.,0.2024,2,0,0,train,101
e71d64fb944d,cust_10350,friendly_fraud_long_tenure,unauthorized,subscriptions,5085.25,0,1,0,,1.0,728,2,1,12,1.185,2025-06-26,2025-07-08,,,First billing cycle may be refunded; subsequent cycles require unused-period evidence.,-0.0441,5,0,1,train,101
3738f1ffe5ef,cust_99843,inr_delivery_confirmed,item_not_received,ecommerce,4812.95,1,1,1,1.0,1.0,448,0,1,19,1.492,2025-06-04,2025-06-23,TRK438219223,2025-06-07 10:00:00,30-day returns on unused goods. Signature on delivery is accepted proof of receipt.,-0.1617,5,0,1,train,101
dc73495011b2,cust_63345,friendly_fraud_long_tenure,unauthorized,fashion,4768.53,1,1,1,1.0,1.0,280,2,1,11,1.059,2025-04-01,2025-04-12,TRK409310791,2025-04-03 21:00:00,7-day exchange window. Delivery photo and tracking are retained for 180 days.,0.0481,3,0,1,train,101
9bf133be1dbf,cust_59126,no_evidence,not_as_described,digital_goods,3571.74,0,0,1,1.0,0.0,0,1,1,22,1.889,2025-05-07,2025-05-29,,,Digital items are non-refundable after delivery to the registered account.,0.0136,4,0,0,train,101
c5dc87750d07,cust_74899,friendly_fraud_long_tenure,not_as_described,subscriptions,4808.69,0,1,1,1.0,1.0,1004,1,1,25,0.594,2025-09-19,2025-10-14,,,First billing cycle may be refunded; subsequent cycles require unused-period evidence.,0.0088,8,0,0,train,101
26d5821f4d42,cust_27450,unauthorized_3ds,unauthorized,digital_goods,2495.97,0,1,1,1.0,0.0,107,0,1,10,1.315,2025-09-23,2025-10-03,,,Digital items are non-refundable after delivery to the registered account.,0.1164,8,0,1,train,101
4bd330408841,cust_40980,high_velocity_attack,unauthorized,ecommerce,1480.19,0,1,0,0.0,0.0,0,0,10,4,2.107,2025-09-12,2025-09-16,,,30-day returns on unused goods. Signature on delivery is accepted proof of receipt.,-0.0939,8,0,0,train,101
19b10a836d1d,cust_20393,friendly_fraud_long_tenure,item_not_received,subscriptions,4131.58,1,0,1,0.0,1.0,900,1,2,32,1.26,2025-06-23,2025-07-25,TRK778050666,2025-06-25 17:00:00,First billing cycle may be refunded; subsequent cycles require unused-period evidence.,0.0288,5,0,1,train,101
fcb3621d254f,cust_36607,unauthorized_3ds,unauthorized,ecommerce,1200.0,0,1,1,0.0,0.0,976,0,1,8,1.388,2025-06-27,2025-07-05,,,30-day returns on unused goods. Signature on delivery is accepted proof of receipt.,0.0469,5,0,1,train,101
b1dd3b6ee7be,cust_28619,friendly_fraud_long_tenure,item_not_received,ecommerce,3239.87,0,0,0,0.0,0.0,725,1,1,38,1.943,2025-09-11,2025-10-19,,,30-day returns on unused goods. Signature on delivery is accepted proof of receipt.,0.2358,8,0,1,train,101
3d886261bdd0,cust_11936,unauthorized_3ds,unauthorized,travel,4418.17,0,1,0,1.0,,14,0,1,11,,2025-04-23,2025-05-04,,,Cancellations follow fare rules. 3DS-authenticated bookings are treated as cardholder-present.,-0.0911,3,0,1,train,101
06967a5ea952,cust_25031,friendly_fraud_long_tenure,item_not_received,subscriptions,2923.88,1,1,0,1.0,1.0,941,0,2,19,1.369,2025-07-01,2025-07-20,TRK279585145,2025-07-03 07:00:00,First billing cycle may be refunded; subsequent cycles require unused-period evidence.,0.0387,6,0,0,train,101
5229052a220c,cust_57719,unauthorized_3ds,unauthorized,travel,3120.27,1,1,1,0.0,0.0,138,0,2,30,1.351,2025-05-08,2025-06-07,TRK934226267,2025-05-10 09:00:00,Cancellations follow fare rules. 3DS-authenticated bookings are treated as cardholder-present.,0.1937,4,0,1,train,101
46ef389b370f,cust_12702,inr_delivery_confirmed,item_not_received,fashion,4974.84,1,1,1,0.0,1.0,678,1,1,24,0.542,2025-04-02,2025-04-26,TRK385373265,2025-04-03 06:00:00,7-day exchange window. Delivery photo and tracking are retained for 180 days.,0.0649,3,1,0,train,101
e74d48f5f3b8,cust_65183,no_evidence,unauthorized,services,1486.14,0,0,1,0.0,0.0,168,1,1,33,1.847,2025-02-11,2025-03-16,,,Service completion notes and customer confirmation emails are retained.,0.0659,1,0,0,train,101
89373f6bb7bd,cust_64091,no_evidence,item_not_received,services,5029.75,0,0,0,0.0,0.0,245,3,3,8,1.732,2025-07-27,2025-08-04,,,Service completion notes and customer confirmation emails are retained.,-0.0583,6,0,0,train,101
d39c78b1bf72,cust_24414,friendly_fraud_long_tenure,not_as_described,ecommerce,10155.6,0,0,0,1.0,1.0,1204,0,2,36,0.1,2025-05-14,2025-06-19,,,30-day returns on unused goods. Signature on delivery is accepted proof of receipt.,-0.0877,4,0,1,train,101
3fc6660614f6,cust_83755,inr_delivery_confirmed,item_not_received,grocery,3387.65,1,1,1,0.0,0.0,403,0,1,17,1.197,2025-09-07,2025-09-24,TRK161785686,2025-09-09 21:00:00,Perishable goods are non-returnable after delivery confirmation.,0.0833,8,1,0,train,101
724ff690fdc6,cust_82616,high_velocity_attack,unauthorized,travel,2329.41,0,1,0,0.0,0.0,57,0,10,5,1.765,2025-09-22,2025-09-27,,,Cancellations follow fare rules. 3DS-authenticated bookings are treated as cardholder-present.,-0.0978,8,0,1,train,101
1efc31f6383c,cust_48936,inr_delivery_confirmed,item_not_received,grocery,3393.84,1,1,1,1.0,1.0,423,0,1,4,1.095,2025-02-19,2025-02-23,TRK491104795,2025-02-22 03:00:00,Perishable goods are non-returnable after delivery confirmation.,-0.0424,1,0,1,train,101
6c6d4e6ce315,cust_67244,high_velocity_attack,unauthorized,digital_goods,675.98,1,0,0,1.0,1.0,74,0,10,6,3.755,2025-03-28,2025-04-03,TRK241545981,2025-03-29 03:00:00,Digital items are non-refundable after delivery to the registered account.,0.026,2,0,0,train,101
9e3c2c68d946,cust_50022,friendly_fraud_long_tenure,unauthorized,fashion,5003.95,1,0,1,0.0,1.0,774,3,3,8,1.69,2025-09-18,2025-09-26,TRK695275382,2025-09-20 13:00:00,7-day exchange window. Delivery photo and tracking are retained for 180 days.,0.0762,8,0,0,train,101
1b3c25d85a67,cust_90366,friendly_fraud_long_tenure,not_as_described,subscriptions,2516.33,0,1,1,1.0,0.0,788,2,1,25,2.057,2025-04-14,2025-05-09,,,First billing cycle may be refunded; subsequent cycles require unused-period evidence.,-0.231,3,1,0,train,101
ad13113dcdc3,cust_94054,inr_delivery_confirmed,item_not_received,fashion,3962.16,1,0,0,0.0,1.0,686,0,2,26,1.101,2025-02-02,2025-02-28,TRK190092457,2025-02-04 08:00:00,7-day exchange window. Delivery photo and tracking are retained for 180 days.,-0.0695,1,0,1,train,101
429c54317356,cust_50707,unauthorized_3ds,unauthorized,travel,6036.11,1,1,1,1.0,1.0,447,0,3,12,0.772,2025-02-04,2025-02-16,TRK911752281,2025-02-07 15:00:00,Cancellations follow fare rules. 3DS-authenticated bookings are treated as cardholder-present.,-0.0305,1,0,1,train,101
19ec05997e82,cust_91150,friendly_fraud_long_tenure,unauthorized,ecommerce,9325.48,0,1,1,0.0,0.0,1245,2,2,28,0.282,2025-07-22,2025-08-19,,,30-day returns on unused goods. Signature on delivery is accepted proof of receipt.,0.0217,6,0,0,train,101
3818087cfda2,cust_23419,unauthorized_3ds,unauthorized,digital_goods,6527.21,0,1,1,1.0,1.0,335,1,2,15,0.619,2025-07-07,2025-07-22,,,Digital items are non-refundable after delivery to the registered account.,0.1161,6,0,1,train,101
7b5ebb55cc8d,cust_79974,friendly_fraud_long_tenure,not_as_described,subscriptions,3092.16,0,1,1,1.0,1.0,890,1,2,14,1.81,2025-04-28,2025-05-12,,,First billing cycle may be refunded; subsequent cycles require unused-period evidence.,-0.1856,3,0,0,train,101
76a59523f1ee,cust_84753,inr_delivery_confirmed,item_not_received,grocery,1648.86,1,1,1,1.0,1.0,827,1,1,19,0.932,2025-03-19,2025-04-07,TRK723939090,2025-03-21 10:00:00,Perishable goods are non-returnable after delivery confirmation.,0.0804,2,0,1,train,101
acc15189ed48,cust_82594,friendly_fraud_long_tenure,item_not_received,fashion,3332.76,0,1,1,0.0,,1166,3,3,3,1.387,2025-03-14,2025-03-17,,,7-day exchange window. Delivery photo and tracking are retained for 180 days.,-0.0847,2,0,0,train,101
6bdf3b5463c4,cust_77444,inr_delivery_confirmed,item_not_received,fashion,3504.75,1,0,0,1.0,0.0,264,1,3,35,1.215,2025-02-10,2025-03-17,TRK721292652,2025-02-11 23:00:00,7-day exchange window. Delivery photo and tracking are retained for 180 days.,0.1494,1,0,1,train,101
